#key	synopsis
3-D Genesis (USA) (Proto)	Em um futuro distante, o planeta será invadido por enormes superinsetos que lutam ferozmente pela sobrevivência. Você escolheu um lado pelo qual lutar e o inimigo foi levado para uma fenda profunda, mas agora você está em menor número. Você coloca seus números à prova. Eles dizem que os mansos herdarão a Terra, mas por quanto tempo você pode defendê-la? Este jogo foi originalmente planejado para ser um dos jogos 3 &quot;3-D&quot; no cartucho Power-Play Arcade nº 1. Uma captura de tela foi exibida em um catálogo para o power system Amiga, mas nenhuma descrição foi incluída. Foi programado por Dan McElroy e Jerry Lawson em 1983, colocado nas prateleiras e disponibilizado para lançamento limitado em 2010.
3-D Ghost Attack (USA) (Proto)	&quot;Eles dizem que a mansão é assombrada, Mas ninguém realmente sabe ao certo. E você só precisa descobrir. Armado com sua fotomicrografia, você começa sua busca. De repente, há um flash de luz. Depois outra. E outra. Tudo ao seu redor vem das paredes, portas, janelas, em todos os lugares. Você alcança sua confiável photobeam. Agora alguém sabe com certeza ... &quot;
3-D Havoc (USA) (Proto)	Outro shooter, mas desta vez você está no comando de uma nave que está no meio do campo de asteróides. Um jogador. Existe uma versão de protótipo, mas não é em 3D. Como o 3-D Genesis, ele faria parte dos jogos em cassete que vinham com o Power Module e depois com a compilação Power Play Arcade 1.
3-D Tic-Tac-Toe (USA)	3-d tic-tac-toe é, como o próprio nome diz, uma versão em 3d do jogo tic-tac-toe. O objetivo do jogo é colocar quatro x ou quatro O em um arquivo horizontal, vertical ou diagonal na placa 4x4. Há mais de um modo de jogo. É possível jogar com um humano contra o computador. Os números 1-8 representam o nível de habilidade. O jogo 9 é um jogo de dois jogadores.
3-D Zapper (USA) (Proto) (1982-12-15)	Um protótipo não lançado para o Atari 2600 chamado &quot;3-D Zapper&quot;.
32 in 1 Game Cartridge (Europe, Australia)	Este cartucho foi lançado em formato PAL na Europa, Austrália e Nova Zelândia. Em sua maioria, eram jogos que vinham com o Atari2600 (cada versão de aparelho continha 1 desses jogos. Este cartucho foi o primeiro multi-jogos, contendo todos os jogos que podiam vir com o console. Os jogos contidos nesta rom são: 1. UFO (A RENAMING OF U. S. GAME'S SPACE JOCKEY) 2. FLAG CAPTURE 3. HUMAN CANNONBALL 4. REVERSI (A RENAMING OF ATARI'S OTHELLO) 5. ACTIVISION'S CHECKERS 6. SLOT RACERS 7. BLACKJACK 8. FISHING (A GRAPHIC HACK OF ACTIVISION'S FISHING DERBY IN WHICH YOU ARE FISHING FOR CRABS) 9. FREEWAY RABBIT (A GRAPHIC HACK OF ACTIVISION'S FREEWAY IN WHICH YOU ARE A RABBIT) 10. SPACE WAR 11. FUN WITH NUMBERS 12. GOLF 13. 3-D TIC-TAC-TOE 14. SURROUND 15. MINIATURE GOLF 16. ACTIVISION'S BOXING 17. FOOTBALL 18. AIR-SEA BATTLE 19. FREEWAY CHICKEN (A RENAMING OF ACTIVISION'S FREEWAY) 20. ACTIVISION'S TENNIS 21. ACTIVISION'S SKIING 22. ACTIVISION'S FISHING DERBY 23. SKY DIVER 24. BOWLING 25. COMBAT 26. ACTIVISION'S STAMPEDE 27. ACTIVISION'S LASER BLAST 28. OUTLAW 29. SLOT MACHINE 30. BASKETBALL 31. HOME RUN 32. ANT PARTY (A RENAMING OF COMMAVID'S COSMIC SWARM)
Acid Drop (Europe)	Um jogo de blocos caindo, semelhante a colums. O objetivo do jogo é criar uma linha horizontal ou vertical de três ou mais blocos da mesma cor, que então desaparecerá. Os blocos restantes cairão, mas não desaparecerão, se forma uma outra linha. A cada 10.000 pontos um bloco especial aparecerá (a gota de ácido) que remove três colunas de blocos e marca o início do próximo nível.
Actionauts (USA) (Proto) (1984-06-22)	O objetivo do Actionauts é programar seu robô para executar uma série de comandos. Use o joystick para definir os controles para o robô percorrer um caminho. No Commodore 64, você pode alterar a grade para definir um caminho diferente, a programação é feita principalmente na mesma página e você pode escolher entre quatro designs de robô. No Atari 2600, basta escolher entre os labirintos predefinidos, a programação fica em uma segunda tela e você tentará atingir o objetivo.
Activision Decathlon, The (USA)	O Activision Decathlon é uma série de jogos olímpicos semelhantes à série de jogos Epyx. Até quatro jogadores podem competir nos dez eventos diferentes de um decatlo da vida real, em sequência ou individualmente. Incluem-se os 100 metros rasos, salto em distância, arremesso de peso, salto em altura, corrida de 400 metros, 110 metros com barreiras, lançamento de disco, salto com vara, lançamento de dardo e corrida de 1500 metros.
Adventure (USA)	Uma aventura gráfica onde você usa seu joystick para passear, coletando chaves para explorar castelos, labirintos e tudo o mais, enquanto mata qualquer coisa que se move (ou seja, dragões e outros) Para obter tesouros. O jogo tem 3 configurações de dificuldade: 1. Nível 1 (mais fácil) 2. Nível 2: o reino é maior que o nível 1, contendo salas secretas e itens ocultos para adicionar dificuldade. 3. Nível 3 (mais difícil): semelhante ao nível 2, mas todos os objetos / itens são colocados aleatoriamente em todo o reino. Jogabilidade gira em torno de pegar (e soltar) itens, cortando o seu caminho, encontrando as chaves para abrir os portões do castelo e usando a magia (ou seja, renascimento) no caso de você ser engolido.
Adventures of TRON (USA)	As aventuras de tron baseiam-se no filme tron produzido pela walt disney. O ambiente do jogo consiste em 4 andares, cada um com &quot;bits&quot; voadores, bem como inimigos. O objetivo do jogo é controlar tron (você) em um labirinto de plataformas e elevadores e interceptar os bits de vôo (bits de interceptação em pisos mais altos dão pontuação maior). Você tem um total de 4 vidas em jogo. Faça cada uma valer à pena!
Adventures on GX-12 (Europe)	As aventuras de tron baseiam-se no filme tron produzido pela walt disney. O ambiente do jogo consiste em 4 andares, cada um com &quot;bits&quot; voadores, bem como inimigos. O objetivo do jogo é controlar tron (você) em um labirinto de plataformas e elevadores e interceptar os bits de vôo (bits de interceptação em pisos mais altos dão pontuação maior). Você tem um total de 4 vidas em jogo. Faça cada uma valer à pena!
Air Raid (USA)	O objetivo do jogo é defender os prédios na parte inferior da tela. Existem quatro tipos de naves atacando e movendo-se para baixo na tela. Você se move acima dos prédios. Os inimigos estão lançando bombas para tentar danificar seus edifícios ou destruí-lo. Você deve atirar mísseis para destruí-los. As ondas de inimigos nunca terminam. O jogo termina quando suas três naves são destruídas ou quando todos os edifícios foram danificados ao ponto de entrar em colapso. Há oito variações do jogo.
Air Raiders (USA)	Objetivo do jogo é atirar em tantos inimigos quanto possível, evitando ser derrubado por canhões de flak (que pode causar uma queda de até 15 pés de altitude) e aterrisar em segurança novamente antes que o combustível se esgote. Se mais de dez inimigos forem destruídos é possível decolar novamente com munição igual ao número de inimigos que foram atingidos.
Air-Sea Battle ~ Target Fun (Japan, USA) (En) (Atari Anthology)	Um dos 9 jogos de lançamento do Atari 2600, Air-Sea Battle é, na verdade, uma coletânea de mini-games, onde você deve atirar em diversos alvos. Existem 6 modos de jogo, cada um com algumas fases. Entre os modos, você pode ser uma base de abate de aeronaves, um navio bombardeando o oceano, um avião atingindo a terra, entre outros.
Air-Sea Battle ~ Target Fun (Japan, USA) (En)	Um dos 9 jogos de lançamento do Atari 2600, Air-Sea Battle é, na verdade, uma coletânea de mini-games, onde você deve atirar em diversos alvos. Existem 6 modos de jogo, cada um com algumas fases. Entre os modos, você pode ser uma base de abate de aeronaves, um navio bombardeando o oceano, um avião atingindo a terra, entre outros.
Airlock (USA)	O jogador está preso em um submarino nuclear danificado que começou a entrar água. Temos que escapar fazendo seu caminho pelos andares, um por vez. Cada piso tem duas chaves que necessitamos coletar para destravar o elevador para o nível seguinte. Há um limite de tempo, porque, se você demorar demais o chão irá inundar e não poderá escapar. Devido à quebra, os torpedos a bordo do submarino estão soltos agora e se movimentam pelo chão conforme o submarino balança. O jogador precisará pular sobre eles para atravessar o caminho, ou irá ser atordoado momentaneamente e perderá um tempo precioso.
Alien (USA)	Neste jogo baseado, vagamente, no filme do mesmo nome, você deve se mover através de um labirinto (os salões do seu navio no manual), ala Pac-Man, coletando pontos (destruindo ovos alienígenas). Se você recolher o ponto de poder (pulsar), você pode matar qualquer um dos três alienígenas, por um curto período de tempo. Há apenas três inimigos no labirinto de cada vez, há um item de bônus às vezes e apenas um ponto de poder (pulsar) de cada vez. Quando você pega o pulsar, ele aparecerá em um dos dois pontos. Depois de limpar um nível, você ganha um bônus. Você deve mover a tela para o prêmio no topo, remanescente de Freeway. Você não perde um homem se você falhar, mas você só tem oito segundos para fazê-lo.
Alien's Return (Europe)	Um alienígena caiu na Terra e para retornar ao seu planeta, ele deve encontrar as quatro partes de sua nave espacial. Vá para as diferentes salas e pressione o botão. Esperançosamente, um pedaço da nave aparecerá em um canto da tela. Pegue-o e repita até chegar em casa. Tenha cuidado com os Guardiões, pois eles irão segui-lo para prendê-lo.
Alligator People (USA) (Proto)	Você está perdido na parte mais profunda da selva. Seis de seus amigos caíram sob o feitiço do Povo Jacaré. Eles estão lentamente se transformando em crocodilos e você é o único no mundo que pode salvá-los! Para interromper essa transformação, você deve inocular cada um deles com um antídoto especial que você coleta em todo o pântano. Você não tem muito tempo! Sem mencionar que os crocodilos estão perseguindo você enquanto você tenta coletar os frascos do antídoto! Quanto mais você espera, mais antídoto você precisa para reverter os efeitos do Povo Jacaré! Alligator People é um protótipo inédito baseado no filme de mesmo nome.
Alpha Beam with Ernie (Japan, USA) (En)	Sua nave está à deriva no espaço e a única maneira de fazê-la voltar a funcionar e colocando, corretamente, os tanques de combustível em seus devidos locais. Em Alpha Beam with Ernie o jogador controla Ênio, um popular personagem Vila Sésamo. Sua nave está flutuando, no espaço, sem combustível. Para fazer ela voltar a funcionar você deverá coletar os tanques que flutuam no espaço e acoplá-los na nave. Mas preste atenção, pois existe uma posição específica para cada um dos tanques. Alpha Beam with Ernie faz parte da linha de games infantis da Atari, sendo recomendado para crianças entre 3 e 7 anos.
Amidar (USA)	Seu objetivo em Amidar é passar por todas as trilhas do jogo sem ser atingido pelos inimigos que o perseguem. No jogo você pode estar em duas situações, um gorila fugindo de guerreiros ou um rolo de tinta fugindo de porcos. As situações são diferentes, mas o objetivo do jogo se mantém o mesmo. As imagem do cartucho e da caixa do jogo mostram figuras que lembram, e muito, Donkey Kong e Mario.
AndroMan on the Moon (USA) (Proto)	Androman on the Moon foi um dos muitos jogos planejados para o novo robô Androman. Embora alguns dos jogos tenham sido programados, Androman on the Moon foi o primeiro a surgir. Androman era um pequeno robô branco que corria por um tapete enquanto o jogador o controlava usando o Atari 2600. Androman também tinha um leitor de código de barras na parte inferior que lia códigos de barras colocados nele. O mapa para que o 2600 (e o robô) soubessem onde isso estava. Androman extraia minerais da lua quando era atacado por alienígenas. A base gigante teria a localização das minas, e o jogador teria que guiar Androman até elas. Uma vez que Androman estivesse no topo de uma mina, o 2600 mostraria a parte do jogo Mine Maze. No Mine Maze, o jogador deve guiar Androman (representado por um X) através do labirinto, evitando o alienígena (representado por um rosto verde )
Angeln I (Germany)	Seu objetivo é pegar mais peixes-lua do que seu oponente. Mas não é só entre você e o outro pescador, pois um grande tubarão preto está à espreita logo abaixo da superfície, esperando para roubar sua pesca! Você pode optar por peixes pequenos perto da superfície da água para menos pontos (mas mais peixes), ou lançar sua linha até o fundo para o transporte grande, com o risco adicional de o tubarão roubar sua captura.
Angriff der Luftflotten (Germany)	M.A.D. (que significa Missile Attack and Defense) é um jogo de ação arcade um pouco semelhante ao Missile Command. Você controla um canhão de fótons na parte inferior da tela e seu objetivo é proteger seis estações de energia localizadas à sua esquerda e direita. Ondas de foguetes e outras naves passarão pela tela e, ocasionalmente, uma cairá na tentativa de destruir uma das estações (como um aviso na maioria dos níveis, o inimigo ficará branco antes de cair). Você precisa ter certeza de atirar antes que sua estação de energia seja destruída! Quando todas as seis estações de energia acabarem, o jogo acaba. Uma variação para dois jogadores também está incluída; um jogador controlará o canhão de fótons, e o segundo jogador controla um cursor e pode selecionar quando e onde um inimigo cairá. Os jogadores alternam entre ataque e defesa nesta versão.
Aquaventure (USA) (Proto) (1983-08-12)	Em Aquaventure seu objetivo é atirar nos peixes que aparecem na tela, mas com cuidado para não ser atingido por nenhum deles. Aquaventure nunca foi lançado, mas é possível jogar seu protótipo que, diferente de outros, é muito agradável de se jogar.
Armor Ambush (USA)	Derrote seu inimigo em uma grande guerra entre tanques, atinja o inimigo, desvie de seus projeteis e se esconda atrás dos obstáculos. Em Armor Ambush os jogadores devem se enfrentar em um cambo de batalha diversos de obstáculos. O game lembra outro famoso título do 2600, Combat, mas a batalha entre tanques é a única coisa que os dois tem em comum. Cada jogador possui um pequeno exercito de 25 tanques, podendo controlar dois veículos por partida, selecionando qual deve ficar ativo de cada vez. Os mapas possuem diversos obstáculos, podendo ser impenetráveis ou apenas atrapalhando a movimentação do jogador.
Artillery Duel (USA) (Alt)	Em Artillery Duel você controle um canhão que está em um terreno acidentado, seu objetivo é destruir o canhão inimigo antes que ele lhe acerte. A missão não é tão fácil quanto parece, o jogador deve calcular muito bem a força e a altura do tiro e compensar a força do vento antes de atirar. Lembre-se caso seu inimigo calcule melhor que você, Game Over.
Artillery Duel (USA)	Em Artillery Duel você controle um canhão que está em um terreno acidentado, seu objetivo é destruir o canhão inimigo antes que ele lhe acerte. A missão não é tão fácil quanto parece, o jogador deve calcular muito bem a força e a altura do tiro e compensar a força do vento antes de atirar. Lembre-se caso seu inimigo calcule melhor que você, Game Over.
Assault (USA)	Uma grande invasão alienígena está acontecendo, cabe a você representar a ultima defesa da Terra, derrote todos os inimigos que surgem da Nave Mãe. Em Assault o jogador controla uma nave de defesa, que está protegendo a terra de uma grande invasão alienígena. Desvie dos tiros e destrua os inimigos que estão sendo liberados da Nave Mãe.
Asteroids (Japan, USA) (En)	Asteroids é uma conversão do jogo de arcade de mesmo nome. Desempenhe o papel de um piloto de nave espacial preso em uma nuvem de asteróides gigantes e pulverize asteróides que se aproximam com o canhão de fótons da nave. Quando todos os asteróides forem destruídos, o jogo pode passar para a próxima rodada. Além do asteróide, o jogador também enfrentará um Alien Robot Saucer que atira aleatoriamente pela tela. O jogador que usa o controlador pode girar o navio (esquerda ou direita) para qualquer direção ou mover o navio para frente. Os tiros serão disparados de acordo com a direção do navio. O jogador tem três naves reservadas disponíveis para substituir uma nave destruída. A nave é destruída se um asteróide colidir com a nave ou for atingido por um pires robô alienígena. Além disso, o jogador pode optar por usar a dobra do hiperespaço para evitar a colisão. A dobra, no entanto, também pode destruir a nave espacial no processo. Os asteróides, ao serem disparados, se dividem em pedaços menores ou são destruídos. Existem três tipos de asteróides: asteróides grandes, médios e pequenos. Asteroides grandes e asteróides médios, quando disparados, se dividirão em dois asteróides menores. Pequenos asteróides quando disparados serão destruídos.
Asteroids (USA)	Asteroids é uma conversão do jogo de arcade de mesmo nome. Desempenhe o papel de um piloto de nave espacial preso em uma nuvem de asteróides gigantes e pulverize asteróides que se aproximam com o canhão de fótons da nave. Quando todos os asteróides forem destruídos, o jogo pode passar para a próxima rodada. Além do asteróide, o jogador também enfrentará um Alien Robot Saucer que atira aleatoriamente pela tela. O jogador que usa o controlador pode girar o navio (esquerda ou direita) para qualquer direção ou mover o navio para frente. Os tiros serão disparados de acordo com a direção do navio. O jogador tem três naves reservadas disponíveis para substituir uma nave destruída. A nave é destruída se um asteróide colidir com a nave ou for atingido por um pires robô alienígena. Além disso, o jogador pode optar por usar a dobra do hiperespaço para evitar a colisão. A dobra, no entanto, também pode destruir a nave espacial no processo. Os asteróides, ao serem disparados, se dividem em pedaços menores ou são destruídos. Existem três tipos de asteróides: asteróides grandes, médios e pequenos. Asteroides grandes e asteróides médios, quando disparados, se dividirão em dois asteróides menores. Pequenos asteróides quando disparados serão destruídos.
Astroblast (USA)	Em Astroblast o jogador deve defender seu planeta da chuva de meteoros que está ocorrendo, atirando nas gigantes pedras espaciais para que elas não atinjam a superfície. A versão para Atari do jogo Astrosmash, para Intellivision, Astroblast é um jogo difícil e de jogabilidade rápida que cumpre muito bem seu objetivo. Você controla uma base de defesa em meio a uma chuva de meteoros, ao destruir um, você ganha pontos e ele se divide em 2 meteoros menores (semelhante à Asteroids), tome cuidado para não ser atingido por nenhum, mas não deixe que eles cheguem à terra, pois você perderá pontos.
Atari Video Cube (USA, Europe) (Atari Anthology)	Atari Video Cube foi lançado originalmente como Rubik´s Cube mas, provavelmente por razões legais, teve seu nome alterado. Primeiramente disponivel apenas no Atari Club, o jogo consiste em montar um cubo mágico, mas não se desespere, a missão não é impossível, pois você apenas muda uma cor de cada vez e não uma fileira inteira, como no brinquedo verdadeiro.
Atlantis (USA)	Em Atlantis você controla o sistema de defesa da cidade de Atlântida contra um ataque Gorgon, sua missão é destruir as naves antes que elas cheguem próximo o suficiente da cidade para bombardeá-la. Você controla 3 canhões, sendo que 2 atiram nas diagonais da tela e um no meio. Cada nave inimiga aparece na tela três vezes até ter altitude suficiente para atacar a cidade. De pouco em pouco as estruturas que forem destruídas pelos inimigos voltam a aparecer. O Jogo possui uma continuação na sua linha de história, o jogo Cosmic Ark mostra sobreviventes da cidade de Atlântida.
Atlantis II (USA)	Remake do primeiro Atlantis, quase idêntico: é apenas mais rápido, mais difícil e apenas a fonte da partitura muda! Só você pode salvar Atlântida, uma das maiores civilizações que o homem já conheceu! Você comanda os três postos de defesa que guardam o céu. A vil Gorgon Fleet descerá em Atlantis, sua missão: destruí-la - ou perecer! Com 1 ou 2 jogadores, defenda a cidade, mas saiba disso: quanto mais você segurar, mais rápido eles chegarão ... E se as Górgonas destruírem suas 7 bases, a fabulosa cidade será varrida do mapa ... Para as armas , aniquile-os!
Atom Smasher (USA) (Proto)	UMA BATALHA NO ÚLTIMO ÁTOMO! A Arena Atômica é onde todos os tipos de formas de vida desagradáveis ​​e resistentes vêm para competir no jogo mais mortal da galáxia! Armado com um Atom Smasher Blaster regulado, você deve detonar partículas atômicas instáveis ​​na frente de seu oponente e sair da arena, mas se você for atingido, isso degrada sua própria estrutura atômica e os resultados não são bonitos. Mas lembre-se, outra pessoa tem o mesmo objetivo ...
Bachelor Party (USA)	Swedish Erotica: Bachelor Party é um jogo adulto lançado no Atari VCS 2600. O objetivo deste jogo é alcançar o maior número possível de garotas com seu personagem.
Bachelorette Party (USA)	Em Bachelor Party, um homem está tendo sua despedida de solteiro com várias mulheres, você controla um recipiente com uma substância afrodisíaca, que serve para ajudar o homem em sua missão. Fazendo uma comparação com breakout, onde os tijolos seriam as mulheres, a bola o homem e o jogador controla a palheta.
Backgammon (USA)	Versão para Atari do famoso jogo de mesa, Gamão A adaptação é bem fiel ao jogo original, sendo possível jogar sozinho, contra o computador, ou com um amigo. Qualquer movimento ilegal que o jogador tente realizar é alertado pelo computador.
Bank Heist (USA)	Você é um ladrão de banco, dirigindo em torno de um labirinto de ruas (representando a cidade) em um carro estilo 1930. Seu objetivo é claro: execute &quot;operações bancárias&quot; dirigindo através de símbolos de pilar branco que representam bancos. Como você &quot;rouba&quot; cada um dos bancos, eles desaparecem, e um carro da polícia aparece em seu lugar, iniciando a perseguição após alguns momentos. Você deve evitar os policiais para se manter vivo. Felizmente, você não está completamente indefeso, como você tem um estoque de dinamite, que você pode colocar estrategicamente para destruir os carros da polícia. Além do túnel de escape que o levará de um lado da tela para outro (como no Pac-Man), há um túnel adicional que representa a estrada fora da cidade. Ao levá-lo, você se encontrará na próxima cidade. Cada cidade é cada vez mais difícil, e os carros policiais são mais rápidos e inteligentes. Existem 9 bancos em cada cidade, e você recebe um aumento na gasolina cada vez que você rouba um. Portanto, o objetivo do jogo é dirigir de cidade em cidade, navegar pelos labirintos das ruas e roubar o maior número possível de bancos em cada cidade. Isso mantém o seu fornecimento de gasolina alto, e o dinheiro rolando! Se você ficar sem gasolina, o jogo acabou.
Barnstorming (USA)	Em Barnstorming o jogador controla um avião que deve atravessar os celeiros no menor tempo possível, tomando cuidado para não atingir nenhum dos obstáculos, pois eles diminuirão sua velocidade. Cartwright teve a inspiração para o jogo em sua primeira semana na Activision, quando, voltando para casa, viu um planador carregando uma propaganda no céu. Barnstorming foi o primeiro jogo da Activision com um por do sol no horizonte (algo graficamente complicado de se fazer no Atari 2600).
Base Attack (Europe)	Você controla uma nave que pode atirar e se mover nas quatro direções. Sua missão é destruir um conjunto de bases embutidas na paisagem abaixo de você. Bases atiram em você e ocasionalmente lançam mísseis que se movem horizontalmente em direção a sua nave. Você pode destruir esses mísseis com um tiro de canhão.
Basic Math (USA)	Basic Math (ou Fun With Numbers) é um jogo eletrônico desenvolvido pela Atari exclusivamente para o Atari 2600, lançado em 1977 somente na América do Norte. O jogo foi um dos nove títulos de lançamento do console Atari 2600. O objetivo do jogador é simples: Resolver problemas matemáticas. Durante o jogo o jogador resolverá operações de adição, subtração, multiplicação e divisão. O jogador pode escolher qual o maior número a aparecer no jogo. O jogador usa o controle para entrar com o número, e efeitos sonoros indicam se a resposta está correta ou incorreta.
BASIC Programming (USA)	Sempre quis experimentar programação de computadores, mas não sabia por onde começar? A programação BASIC para o Atari 2600 torna a programação ... básica. BASIC é um acrônimo para Beginner's All-purpose Symbolic Instruction Code. Junto com o manual, este cartucho o ajudará a aprender os primeiros passos desta linguagem de computador fácil de aprender. Você pode criar programas simples, jogos e até mesmo compor sua própria música. São permitidas até nove linhas de código. Para simplificar a entrada de dados, a programação BASIC requer um teclado conectado nas laterais do joystick e que foi incluído na embalagem do jogo.
Basketball (USA)	Basketball é um jogo de basquete bem simples, onde apenas dois jogadores competem quem faz mais cestas. Podendo ser jogado sozinho, contra o computador, ou por dois jogadores, o jogo tem uma mecânica rápida e fluida. Quanto mais alta a bola estiver no momento de seu arremesso, mais forte será lançada. Basketball é conhecido por aparecer em uma cena de Apertem os cintos o piloto sumiu, de 1980.
Battlezone (Japan, USA) (En)	Em Battlezone seu objetivo é destruir os veículos inimigos sem que eles o atinjam. Battlezone é a versão para Atari de um classido arcade dos anos 80. O Jogo possui boa posição de câmera e jogabilidade, além de um radar que lhe ajuda a identificar aonde estão os inimigos.
Beamrider (USA)	Em Beamrider você deve atravessar setores com sua pequena nave, enfrentando diversos inimigos em um ambiente pseudo-3D. O Jogo utiliza a capacidade gráfica do Atari com excelência, as naves inimigas alteram de tamanho dependendo da distância em que se encontram, criando um falso ambiente 3D de qualidade. A Activision premiava os jogadores que chegassem ao Setor 14 e conseguissem score de 40,000 pontos com um patch (adesivo de condecoração) especial.
Beany Bopper (USA)	Controle a pequena bolinha Bopper em sua aventura contra os Beanys. Atinja os inimigos e os absorva para poder sobreviver. Em Beany Bopper você controla Bopper, uma bola roxa que precisa exterminar seus inimigos, chamados Beanys. Para derrotar os inimigos o jogador precisa atingi-los, o que fará com que eles parem de se mover, após estarem parados é necessário passar por cima deles, o que irá fazê-los desaparecer. Após acabar com os Beanys, diversos itens começam a aparecer na tela, pegue-os para acumular mais pontos.
Beat'Em & Eat'Em (USA)	Com gráficos ruins e controles piores, a Mystique lança Beat ´Em and Eat ´Em, um jogo adulto no estilo Kaboom! e Avalanche. O Jogador controla Mulheres que devem recolher o fluido lançado pelo homem que está acima delas.
Berenstain Bears (USA)	Vendido com três fitas de áudio para utilizar com o Kid Vid Voice Module, Berenstain Bears é um jogo que ajuda a criança a aprender a contar e soletrar. Cada uma das fitas que acompanha o jogo vem com um minigame diferente, sendo eles Big Number Hunt, Spooky Spelling Bee e Great Letter Roundup. Atenção: Este jogo utiliza o Kid Vid Voice Module.
Bermuda Triangle (USA)	Bermuda Triangle é um jogo de ação side-scrolling para um ou dois jogadores. Você é o piloto de um mini submarino que explora as águas do Triângulo das Bermudas. Seu objetivo é ganhar o máximo de pontos possível, coletando tesouros e destruindo os vários inimigos que encontrar. Seu mini-submarino está equipado com um raio trator que pode ser usado para coletar tesouros encontrados no fundo do oceano; Depois de recuperar um tesouro com sucesso, você precisará transportá-lo com segurança para o navio de pesquisa na superfície. Seu mini submarino também está equipado com lasers que podem ser usados ​​para destruir os muitos perigos que você encontrará, incluindo lulas gigantes, tubarões comedores de homens, minas, bombas, navios inimigos e muito mais. O jogo termina quando todos os seus submarinos forem destruídos, vários níveis de dificuldade estão disponíveis.
Berzerk (Japan, USA) (En)	Berzerk é um videogame desenvolvido pela Stern Electronics, lançado em 1980 para uma máquina de fliperama. O jogador controla um humanóide em labirintos com vários ambientes, vistos de cima. Ele deve progredir eliminando um exército de robôs beligerantes. É um precursor do run and gun, que influenciou notavelmente o design de Robotron: 2084. O jogo apresenta características inovadoras de jogabilidade (em particular de tiro multidirecional) e de realização com vozes sintéticas.
Big Bird's Egg Catch (Japan, USA) (En)	Em Big Bird's Egg Catch , o jogador controla a fama de Big Bird da Vila Sésamo enquanto salva os ovos produzidos por galinhas no topo da tela. Esses ovos descem por rampas de contorções variadas para pousar com segurança na cesta pousada na cabeça de Garibaldo. A maioria dos ovos conta como um único ponto, mas periodicamente aparecerá um ovo dourado que vale cinco pontos. Quando um ovo cai, vários pontos são perdidos. Em níveis mais altos, os ovos se movem mais rápido, as rampas tornam-se mais complicadas, há mais galinhas poedeiras e as rampas podem até piscar invisíveis. &quot; Turkey in the Straw &quot;, a música que toca durante a apanha do ovo, também aumenta de ritmo. Periodicamente, Big Bird sai da tela para contar seus ovos. Durante esta fase, Garibaldo é visto com sua cesta e os números piscam na tela progressivamente mais rápido enquanto ele conta. Quando o total é alcançado, uma música é tocada e Big Bird dança. O jogo termina quando muitos ovos são deixados cair ou um determinado número de sessões de contagem é executado. Ovo do Big Bird tem muitas semelhanças com outros jogos da época, como Kaboom! . O que o diferencia é que este jogo não usa um controlador de paddle comum a jogos com jogabilidade semelhante. Egg Catch do Big Bird usava um controlador Atari Kid (vendido separadamente), embora o controlador de teclado regular também funcionasse.
Bionic Breakthrough (USA) (Proto)	1071/5000 O Atari Mindlink era um novo controlador do Atari 2600. Ele deveria ser lançado em 1984. O Mindlink era o único que você precisava mover os músculos da cabeça para controlar o jogo. Esses movimentos eram lidos por sensores infravermelhos e transferidos conforme movimento para o jogo. Os jogos seriam semelhantes aos que usavam o controlador de remo, mas com o Mindlink. Testes mostraram que os jogadores costumam ter dores de cabeça ao mover as sobrancelhas para jogar. Embora a Atari possa ter tentado ajustar o dispositivo ao longo do tempo, ela simplesmente decidiu deixar o Mindlink de lado. Dois jogos estavam em desenvolvimento para o Mindlink, por seu cancelamento, Bionic Breakthrough & Mind Maze.
Birthday Mania (USA) (Robert A. Tokar)	Birthday Mania é um jogo simples, no qual você rola pela parte inferior da tela e apaga as velas à medida que elas caem.
Black Jack (USA)	É baseado no jogo de cartas com o mesmo nome: um ou dois jogadores podem jogar contra o computador.
Bloody Human Freeway (USA) (Proto)	514/5000 Protótipo para Freeway. De acordo com David Crane, ele teve a ideia para a Freeway ao assistir um homem tentar cruzar a Lake Shore Drive durante a hora do rush enquanto participava do Consumer Electronic Show em Chicago. Originalmente, Freeway apresentava pessoas cruzando a estrada em vez de galinhas, já que esse foi o enredo que inspirou David Crane. No entanto, algumas pessoas da Activision reclamaram que não gostam da ideia de pessoas sendo atropeladas por carros, então galinhas foram substituídas por pessoas antes do jogo ser lançado.
Blueprint (USA)	Blueprint é um jogo bastante complexo que testa sua memória e também seus reflexos. Um monstro está perseguindo sua namorada. Você tem que construir uma arma que possa matar o monstro. As peças do canhão estão espalhadas uma a uma em diferentes edifícios. Você tem que lembrar quais edifícios e em que ordem para que você possa coletar as peças na ordem correta e construir a arma antes que a garota sirva o jantar. Se você chegar na casa errada, terá que desarmar uma bomba ou perder uma vida. Você também deve evitar um demônio que vagueia pelas ruas. Se você conseguir construir a arma e matar o monstro, você receberá uma das oito letras de uma senha. Tente descobrir a senha completa.
BMX Air Master (USA)	BMX Air Master é, como o próprio nome sugere, uma simulação de BMX na qual você terá que realizar manobras acrobáticas, cada uma mais maluca que a outra.
Bobby Is Going Home (USA)	O jogador controla um menino chamado Bobby que tem que passar por sete telas, saltar sobre animais como borboletas, patos e outros perigos. O jogo lembra Pitfall, um jogo publicado pela Activision. No final do jogo, tudo o que o jogador precisa fazer é trazer Bobby para dentro de casa, e lá o próximo nível aparecerá. Clique em reset e selecione para alterar o estilo das flores que aparecem na parte inferior da tela.
Bogey Blaster (Europe)	Objetivo do jogo é atirar em tantos inimigos quanto possível, evitando ser derrubado por canhões de flak (que pode causar uma queda de até 15 pés de altitude) e aterrisar em segurança novamente antes que o combustível se esgote. Se mais de dez inimigos forem destruídos é possível decolar novamente com munição igual ao número de inimigos que foram atingidos.
Boggle (USA) (Proto) (1978-08-07)	Boggle é um novo jogo para o Atari 2600 programado por David Crane enquanto ele ainda trabalhava na Atari. No Boggle, que é baseado no popular jogo de palavras com o mesmo nome, você deve formar o máximo de palavras possível em uma grade de letras 4x4 aleatória. A versão 2600 do jogo é para dois jogadores apenas, e cada jogador pode formar no máximo oito palavras (possivelmente devido às limitações de memória do 2600). O jogo parece estar quase pronto, embora haja alguns problemas, como todas as letras não aparecem imediatamente na grade quando você inicia o jogo. Ainda assim, é um protótipo interessante e não está claro por que Boggle não foi concluído e lançado.
Boing! (USA)	Este é um jogo que lembra bastante o Q * bert. Neste jogo, você é uma bolha chamada, com grande originalidade, Bubble. O objetivo aqui é pular em cada um dos 36 quadrados e ativá-los. Você começa na parte inferior esquerda. No canto inferior direito começa o Bubble Eater. Ele irá persegui-lo pelo campo de jogo e se ele o pegar, você perderá uma de suas cinco vidas. Pin começa no topo de uma linha e desce. Se você for atingido por um alfinete, você estala e uma vida é perdida.
Boom Bang (Europe)	Os insetos estão rastejando para fora dos esgotos e estão vindo para você. Sua defesa: um monte de vasos de plantas pendurados na varanda. À medida que os insetos sobem na parede, empurre os vasos por cima da borda e bata os insetos. Se seis insetos entrarem no seu prédio pela janela, eles comerão a fundação até que o prédio caia um pouco. Então os insetos terão uma parede mais curta para escalar, e as coisas ficam mais difíceis. Este jogo é original, desafiador e bastante viciante.
Bouncin' Baby Bunnies (USA) (Proto)	Uma cópia quase completa do jogo apareceu na coleção de um ex-funcionário da Telesys em 2007. De acordo com o programador Alex Leavens, Bouncin 'Baby Bunnies é baseado no antigo desenho animado Bugs Bunny, onde a cegonha entrega erroneamente Bugs. Para uma família de gorila e eles acham que é o bebê deles. O único protótipo conhecido de Bouncin 'Baby Bunnies parece estar bastante completo, mas ainda precisa de alguns ajustes e correções de bugs. O jogo não foi lançado devido ao crash do mercado de jogos 83/84. Segundo a ex-funcionária da Telesys: “Bouncin” Os Bebês Coelhinhos chegaram tarde no ciclo de 2600 e, na hora, não valia a pena terminar. O mercado estava saturado.
Bowling (USA)	Bowling para Atari VCS 2600 é um jogo de esportes desenvolvido pela Atari. Jogável em 1 ou 2, ele usa as regras clássicas do boliche. Existe apenas um modo de jogo, mas vários níveis de dificuldade que deixam a possibilidade ou não de controlar a bola. O nível de dificuldade também influencia a probabilidade de acertar um STRIKE.
Boxing (USA)	Boxing mostra uma visão de cima para baixo de dois boxeadores, um branco e um preto. Quando perto o suficiente, um boxeador pode acertar seu oponente com um soco (executado pressionando o botão de disparo no joystick do Atari). Isso faz com que seu oponente recue ligeiramente. Socos longos valem um ponto, enquanto socos mais próximos (socos poderosos, do manual) valem dois. Não há knockdowns ou rodadas. Uma partida é concluída quando um jogador acerta 100 socos (um &quot;nocaute&quot;) ou dois minutos se passam (uma &quot;decisão&quot;). No caso de uma decisão, o jogador com mais socos acertados é o vencedor. Empates são possíveis. Embora a jogabilidade seja simples, existem sutilezas, como colocar um oponente nas &quot;cordas&quot; e &quot;fazer malabarismos&quot; com ele para frente e para trás entre socos alternados.
Brain Games (USA)	Brain Games for Atari VCS 2600 é um jogo de quebra-cabeça desenvolvido pela Atari. O objetivo do jogo é ganhar o máximo de pontos resolvendo os vários quebra-cabeças que o computador oferece ao (s) jogador (es). Existem 6 tipos de quebra-cabeças: 2 sonoros, 2 visuais e 2 digitais.
Breakout ~ Breakaway IV (Japan, USA) (En)	Breakout for Atari VCS 2600 é um jogo desenvolvido pela Atari. Você tem cinco tentativas para quebrar as linhas de tijolos. Diversas variações do jogo estão disponíveis (tijolos invisíveis, contra-relógio, etc.)
Bridge (USA)	Bridge for Atari VCS 2600 é um jogo de cartas desenvolvido pela Activision. Destinado a pessoas que já conhecem as regras do Bridge, o jogo oferece dois níveis de dificuldade: Novato ou Expert. No Novice, o jogador poderá ver as cartas do seu parceiro (dirigidas pelo computador). No modo Expert, o jogo fica um verdadeiro jogo de Bridge. O jogo é feito para ser jogado sozinho.
Buck Rogers - Planet of Zoom (USA)	Estamos no século 25. Você é Buck Rogers lutando na batalha do Planeta Zoom. É uma corrida contra a morte. Seu maior e mais poderoso inimigo é a Nave-Mãe Mortal! nnHá 16 níveis de dificuldade crescente - cada um com quatro rodadas de combate espacial. Antes de encontrar a nave-mãe, suas habilidades de piloto e nervos são testados contra POSTS DE ELÉTRON mortais, SAUCERS ESTRANGEIROS e HOPPERS ESPACIAIS. É uma batalha de velocidade, precisão e resistência. Seu consumo de tempo é crucial para sua sobrevivência.
Bugs (USA)	Depois de ser enviado a um planeta desabitado para investigar possíveis sinais de vida, você se encontrará enfrentando insetos gigantes e terá que enfrentá-los para ter uma chance de sobreviver.
Bugs Bunny (USA) (Proto 2)	Pernalonga roubou cenouras de Elmer. O cachorro de Elmer o achou ligeiramente mal-humorado e o trouxe de volta aos seus sentidos. Agora o Pernalonga tem que voltar para sua toca para evitar ser atingido pelo chumbo grosso.
Bump 'n' Jump (USA)	Bump'N 'Jump é um jogo de corrida de ação jogado de uma perspectiva de cima para baixo. Enquanto você corre nas estradas perigosas e em constante mudança, os muitos carros inimigos tentarão tirá-lo da estrada. Você precisa ter certeza de atropelar os carros antes de ser atropelado nas laterais! Seu carro também tem a capacidade de pular alto o suficiente se você tiver velocidade suficiente. Isso é útil para pular sobre carros inimigos se houver muitos no caminho e também deve ser usado para pular buracos no pavimento e outros obstáculos da estrada. Conforme os níveis progridem, a estrada se torna mais estreita com mais obstáculos no caminho e outros carros aumentam em número e agressividade.
Bumper Bash (USA)	Este é um jogo de pinball para o Atari 2600. Use os botões em um controlador de remo. Para puxar para baixo o êmbolo, você pressiona o botão direito. Para reduzir a força do êmbolo, você pressiona o botão esquerdo. Para disparar, você pressiona ambos os botões. Em seguida, você usa os botões esquerdo e direito para controlar os flippers. O jogo apresenta alvos de roll-over, pára-choques, spinners e alvos pop-up. Pontuação Rollover superior = 100 pontos Botão Rollover = 50 pontos Pára-choque superior = 50 ou 500 quando piscando Par de pára-choques = 10 ou 100 quando piscando Spinner = 10 Alvo de queda = 100 x Valor de alvo de queda Pára-choque do trilho = 5 A seleção do jogo e os interruptores de dificuldade não são usados.
BurgerTime (USA)	BurgerTime é um videogame criado pela empresa japonesa Data East para seu terminal DECO Cassette System, lançado em 1982. É um jogo de plataforma com o aspecto de um labirinto, onde o jogador interpreta um chef e deve fazer hambúrgueres evitando os outros personagens? representados por comida? que o perseguem, nomeadamente ovos, salsichas e pimentões que pode imobilizar temporariamente jogando pimenta neles (três disparos no máximo).
Burning Desire (USA)	Salve uma donzela em perigo de ser queimada viva movendo-se em seu helicóptero e apagando as chamas com sua mangueira de incêndio. Durante esse tempo, evite que os bandidos atirem pedras em você. Quando você estiver quase apagando as chamas, a mulher começará a pular para cima e para baixo. Se você mergulhar, ela agarrará seu &quot;joystick&quot; com a boca e você poderá levá-la com segurança. Se você salvá-la, será recompensado com uma pequena animação travessa. Os papéis masculino e feminino deste jogo são invertidos em Jungle Fever.
Cabbage Patch Kids - Adventures in the Park (USA) (Proto) (1984-09-13)	Este jogo CBS Colecovision nunca foi lançado no Atari 2600 e permaneceu como um protótipo até que uma cópia do protótipo foi encontrada em um mercado de pulgas da Califórnia por Alex Handy. Para o Atari 2600, isso impressiona. Jogamos uma boneca Patouf que vai passear no parque. Obviamente, a caminhada não será fácil. Note que este jogo é igual ao Athletic Land da Konami no MSX.
Cakewalk (USA)	Cakewalk é um jogo lançado no Atari VCS 2600. O objetivo do jogo é, em vários níveis de dificuldade, pegar pastéis antes que caiam no chão, evitando ser atingido por garfos e facas voadoras.
California Games (USA)	CALIFORNIA GAMES é um teste de habilidade para um ou mais jogadores, até um máximo de oito. O objectivo é ganhar troféus em cada evento, com excepção do troféu para o melhor desempenho global. Há vários eventos desportivos: Half Pipe Skate, Foot Bag, Surf, BMX Bike Racing. Pode treinar ou competir num único evento, competir em todos os eventos, ou mesmo realizar uma competição com os eventos da sua escolha. Cada jogador escolhe um patrocinador para a competição. Será julgado em cada evento, e eles manterão um registo dos seus totais. Os troféus são atribuídos aos melhores. Se estabelecer um novo recorde num evento, o seu nome será gravado e exibido no quadro de honra. Tente tornar-se o campeão da Califórnia!
Canyon Bomber (USA)	Duas aeronaves (a sua e a do seu oponente) sobrevoam um desfiladeiro cheio de camadas de tijolos coloridos, à la Breakout. Usando o botão de disparo do controlador de remo, você ganha pontos jogando bombas no cânion e destruindo o máximo de blocos possível. O jogador com a pontuação mais alta no final do jogo vence. Este jogo é extremamente limitado, pois é jogado usando apenas o botão de disparo do controlador de remo. Você não controla o movimento dos aviões e helicópteros, mas deve cronometrar seus tiros para causar o máximo de danos. O cartucho inclui uma variação secundária intitulada &quot;Sea Bomber&quot; que é um pouco mais interativa. Neste jogo, você implanta bombas em navios marítimos, mas desta vez você pode usar o botão do controlador de remo para determinar a profundidade das bombas.
Care Bears (USA) (Proto)	O conceito do jogo em Care Bears gira em torno de pegar o &quot;ícone da barriga&quot; de cada um dos Care Bears conforme eles caem lentamente pela tela. Assim que todos os ícones forem coletados, o jogador precisará organizá-los em uma determinada ordem antes que o tempo acabe. Embora possa parecer fácil, deve-se ter em mente que o jogo foi planejado para crianças pequenas.
Carnival (USA)	Você está no parque de diversões (carnival) e vai tentar a sorte no campo de tiro! Seu objetivo é ganhar o máximo de pontos possível, atirando em diferentes alvos antes de ficar sem balas. Além dos alvos flutuantes, existem quadrados nos quais você pode atirar para ganhar balas extras. Você também deve ter cuidado com os patos! De vez em quando, um pato voará e comerá algumas de suas balas se você não o matar primeiro. Você avança para o próximo nível quando a tela foi limpa de todos os alvos, e você perde quando tiver usado todas as suas balas.
Casino ~ Poker Plus (USA)	Casino for Atari VCS 2600 é um jogo de simulação desenvolvido pela Atari. Inclui três jogos de cartas: blackjack, five-card stud e solitaire poker. É possível jogar sozinho ou com vários (máximo de 4 jogadores).
Cat Trax (USA)	Este é um ersatz PacMan no qual você joga como um gato que deve coletar ração em um labirinto e que é perseguido por 3 cães determinados a te pegar, de vez em quando uma poção verde aparece no meio da tela, permitindo que você se transforme em um caminhão para que você possa pegar os cachorros e trancá-los por um tempo.
Cathouse Blues (USA)	Cathouse Blues é um jogo adulto lançado no Atari 2600. Você joga como um homem que tem que &quot;visitar&quot; 7 mulheres, sem ir para a casa errada e sem ser pego pela polícia.
Centipede (Japan, USA) (En)	Jogue como um exterminador encarregado de destruir os invasores. Usando sua arma, você deve destruir as ondas de centopéias que descem em sua direção do topo da tela. Cogumelos estão espalhados pela tela, e a Centopéia desce uma linha sempre que encontra um cogumelo. Você também precisa evitar e destruir aranhas, pulgas e escorpiões, e tomar cuidado com os cogumelos venenosos que podem fazer com que a Centopéia desça em espiral até o seu nível. Destrua a centopéia para avançar para a próxima onda ...
Challenge (Canada)	Você é um pato e deve percorrer o labirinto, do canto inferior direito da tela ao canto superior esquerdo, a fim de obter o próximo nível.
Challenge of.... NEXAR, The (USA)	Você está tentando se tornar um guerreiro espectro. Para fazer isso, você deve voar pelos níveis das zonas de distorção, destruindo os sinalizadores radioativos. Quanto maior o nível, mais você precisa destruir. Esses faróis são protegidos por discos que explodem com impacto. Você pode destruir esses discos por pontos ou evitá-los. Ao destruir um pires ou farol, não permaneça no mesmo local em que os detritos colidirão com você. Você tem noventa e nove segundos para destruir o número de sinalizadores indicado pelo número no canto inferior direito da tela por nível.
Championship Soccer ~ Soccer (USA)	Pelé's Soccer é um jogo do Atari 2600 baseado no famoso jogador de futebol Pelé, e publicado em 1981. Ele apresenta gráficos básicos, técnicas de manipulação de bola e goleiro usando o joystick do Atari. Cada equipe tem um atacante, dois defensores e um goleiro em campo o tempo todo. O goleiro do jogador é sempre controlado pelo computador, a menos que ele defenda um chute. Cada jogo consiste em duas metades de tempo (dependendo das configurações do jogo que estão sendo usadas). Todos os avançados e recuados correm na sua devida formação. Existem 54 variações de jogo diferentes (27 para um jogador e 27 para vários jogadores) que permitem diferentes velocidades, durações de jogo e tamanhos de objetivo.
Chase the Chuck Wagon (USA)	Lançado como parte de uma campanha promocional para Purina Dog Chow, Chase the Chuck Wagon coloca os jogadores no comando de Chuckie the Dog. Chuckie deve ser guiado por um labirinto, evitando objetos e o apanhador de cães, até o topo da tela, onde pode ir diretamente sob o carrinho para agarrá-lo. Escapar do labirinto permite que Chuckie entre em uma tela de recompensas. Aqui, Chuckie pode encontrar uma tigela de comida de cachorro no labirinto de jantar para obter pontos extras de bônus. Se Chuckie errar sua tacada, nenhum ponto será concedido e ele simplesmente será enviado para a próxima tela. Chase the Chuck Wagon estava disponível exclusivamente na Ralston-Purina.
Checkers (USA)	Damas é uma versão computadorizada do popular jogo de tabuleiro e segue as mesmas regras; o objetivo do jogo é remover todas as peças do seu oponente do tabuleiro de jogo 8x8. Isso é feito movendo suas peças diagonalmente para a frente no tabuleiro; uma peça do oponente é removida do jogo se uma de suas peças pular sobre ela (se alguma de suas peças for capaz de pular uma peça do oponente, você deve fazer esse movimento). Ao iniciar as peças do jogo só podem mover-se em diagonal para a frente até chegarem ao outro lado do tabuleiro; essa peça então torna-se &quot;realçada&quot;, permitindo o movimento para a frente e para trás. O jogo pode ser jogado por um jogador contra o computador (com três níveis de habilidade disponíveis) ou dois jogadores um contra o outro.
China Syndrome (USA)	O reator Spectra Island fornece eletricidade para milhões de residentes. Normalmente não há problemas, mas houve um terremoto. Isso danificou o reator e liberou partículas radioativas. Você tem que usar o braço do robô para coletar essas partículas antes que a radiação se acumule e tenhamos uma fusão. Existem três seções por tela. São coloridos, de cima para baixo, vermelhos, azuis e amarelos. Você começa com uma partícula em cada área e deve mover o braço do robô para interceptar essas partículas, pressionando o botão de disparo para agarrá-las quando chegarem ao braço do robô.
Chopper Command (USA)	Você pilota um helicóptero, cobrindo um comboio de caminhões com suprimentos médicos através do território inimigo. De repente, seu radar de longo alcance detecta esquadrões de aviões inimigos se aproximando de sua posição. Você puxa o manche e seu helicóptero voa em direção ao céu, evitando por pouco um grupo de mísseis de várias ogivas. Sua resposta é imediata, girando seu helicóptero 180 graus, enquanto libera uma enxurrada cintilante de iscas térmicas. A ação: violenta! Concentração: intensa! Você está envolvido em uma das batalhas de vídeo mais exigentes de todos os tempos. Você tem que confiar em seu radar de longo alcance, sua inteligência e seus reflexos. Porque é sua responsabilidade garantir que esses suprimentos médicos cheguem com segurança. Portanto, resolva o problema com as suas próprias mãos - você está no controle, com o Chopper Command, da Activision!
Chuck Norris Superkicks (USA)	Neste jogo de ação, você joga como Chuck Norris em uma missão para chegar a um mosteiro onde um governante importante é mantido como refém. O jogo consiste em várias telas diferentes: no início e entre as lutas, você verá uma vista do caminho que leva ao mosteiro. Ao caminhar no caminho, você encontrará muitos inimigos. Durante o combate, a visão muda para um close-up de sua localização atual. Ao pressionar o botão do joystick e mover o joystick em uma das quatro direções, você pode executar diferentes chutes, socos e bloqueios. Os inimigos que você encontra são variados e alguns só podem ser derrotados com certos acertos. O caminho que você está percorrendo às vezes pode ser dividido em duas ou mais opções;
Circus Atari (Japan, USA) (En)	Estoure os balões e marque pontos. Uma parede de balões vermelhos, azuis e brancos aparecerá na parte superior da tela. Você deve estourar balões pegando um palhaço na gangorra e jogando-o até os balões. Use o controlador para mover a gangorra pela tela para pegar os palhaços. Cada vez que um palhaço estourar um balão, o balão desaparecerá e você marcará pontos. Cada jogador recebe cinco palhaços ou turnos. Se você não conseguir pegar um palhaço na gangorra, ele vai cair e desaparecer do campo de jogo. Pressione o botão de controle e outro palhaço irá ricochetear no trampolim do canto direito ou esquerdo do campo de jogo. Depois que cinco palhaços caíram, o jogo acaba. Os palhaços podem pousar em qualquer ponto da gangorra, exceto onde o outro palhaço está sentado, o que os faz cair.
Coco Nuts (USA)	Em CocoNuts Stanley, o destemido explorador da selva é atacado pelo macaco Coco! Coco está nas árvores jogando cocos em Stanley. Você controla Stanley e deve evitar a chegada dos cocos. Você começa o jogo equipado com um capacete e um guarda-chuva para se proteger. Cada vez que você é atingido por um coco, você perde um desses itens. Você também pode recuperar um item marcando pontos suficientes. O jogo termina quando você não tem mais nada para se proteger e um coco bate em você. Claro, quanto mais longo o jogo, mais rápido ele fica!
Codebreaker (USA)	Codebreaker para Atari VCS 2600 é um jogo de quebra-cabeças desenvolvido pela Atari. O objetivo do jogo é adivinhar a combinação de 3 ou 4 dígitos gerada pelo computador ou um segundo jogador. Outro modo de jogo também está presente em que ambos os jogadores removem um ou mais itens de uma pilha a cada jogada. Quem remover o último item ganha.
Combat (USA, Europe) (Atari Anthology)	Combat é um dos primeiros videogames da Atari para o Atari 2600. Foi lançado como um dos nove títulos de lançamento do sistema em outubro de 1977 e foi incluído na caixa com o sistema desde sua introdução até 1982. O combate ostentava 27 jogos em um, que eram todas variações da jogabilidade do tanque, biplano e jato.
Combat Two (USA) (Proto)	Estamos em 2037. As nações não travam mais guerras de monstros, matando milhões de pessoas. Em vez disso, dois lutadores entram em uma arena e lutam pela honra de seu país. Esta é uma continuação do jogo de luta de 1977, mas não há aviões, apenas tanques e mísseis. Cada jogador começa em uma base em um canto, um no canto superior esquerdo, o outro no canto inferior direito. Você tem que procurar seu oponente e atirar nele três vezes para destruir seu tanque. Se eles estiverem embaixo de árvores ou, em outra variação do jogo, atrás de paredes, você deve atirar nas árvores / paredes primeiro para alcançá-los. Cada jogador tem três tanques. O vencedor é o último sobrevivente.
Combat ~ Tank-Plus (Japan, USA) (En)	Combat é um dos primeiros videogames da Atari para o Atari 2600. Foi lançado como um dos nove títulos de lançamento do sistema em outubro de 1977 e foi incluído na caixa com o sistema desde sua introdução até 1982. O combate ostentava 27 jogos em um, que eram todas variações da jogabilidade do tanque, biplano e jato.
Commando (USA)	Armado com um rifle padrão e algumas granadas, você deve enfrentar hordas de nazistas. Alguns vagam ao ar livre, enquanto outros escolheram esconderijos que devem ser abordados de certos ângulos. Árvores, rios e pontes criam um campo de batalha variado e devem ser incorporados ao seu pensamento. Granadas adicionais podem ser coletadas e certamente serão necessárias, pois elas permitem que você mate à distância e, portanto, evite o fogo inimigo.
Commando Raid (USA)	Sua cidade está sob ataque de invasores de comandos e cabe a você defendê-la! Você controla uma grande arma na parte inferior da tela. Helicópteros derrubarão pára-quedistas, todos os quais terão de ser destruídos. Se um pára-quedista atingir suas terras, ele danificará e, eventualmente, destruirá um dos prédios da cidade. Após a destruição de um edifício, os pára-quedistas começarão a cavar um túnel em direção ao seu canhão na tentativa de destruí-lo. Às vezes, um avião passa e joga uma grande bomba. A bomba deve ser derrubada antes de pousar, ou pode destruir a cidade inteira! O jogo termina quando sua arma é destruída por uma bomba ou um pára-quedista.
Computer Chess (USA) (Proto)	Video Chess for Atari VCS 2600 é um jogo de simulação de xadrez desenvolvido pela Atari. O jogo usa as regras clássicas do xadrez de tabuleiro. Existem 8 níveis de dificuldade que afetam o tempo que o computador levará para pensar sobre seus movimentos.
Condor Attack (USA)	Uma cópia do Demon Attack. Às vezes, os condores explodem antes de você atirar neles e o jogo fica rápido demais. No entanto, isso nem sempre acontece, por isso é bastante inesperado.
Confrontation (USA) (Proto)	Confrontation é um estranho jogo de estratégia que nunca foi lançado comercialmente, mas esteve disponível diretamente na Answer por um curto período de tempo. Somente as pessoas que o viram em exibição na feira CES de 1983 sabiam sobre ele e o encomendaram, portanto, embora não seja tecnicamente um protótipo, está perto o suficiente. Esforcei-me para descobrir a melhor forma de descrever a jogabilidade deste jogo e, depois de muito pesquisar, descobri que a melhor descrição está no &quot;ABC para o VCS&quot; de Leonard Herman (pegue uma cópia hoje!). Como o Confrontation usa um truque de programação para exibir tantos objetos na tela ao mesmo tempo, as capturas de tela mostrarão apenas peças de um jogador por vez. Acredite na minha palavra, eles realmente estão todos lá.
Congo Bongo (USA)	Uma versão extremamente fiel do famoso jogo de arcade jump-n-run. Corra, pule e escale em uma selva perigosa, evitando animais e projéteis.
Cookie Monster Munch (USA)	Cookie Monster Munch é uma espécie de jogo de festa que utiliza elementos do Pac-Man mas em modo multijogador, destinado a crianças dos 3 aos 7 anos.
Cosmic Ark (USA)	O sistema solar Alpha Ro está em crise! Seu sol está prestes a se tornar uma supernova, o que significa a morte de todos os planetas e as formas de vida alienígenas que os habitam. Felizmente, os nobres atlantes ouviram falar do destino de Alpha Ro e enviaram uma vasta Arca Cósmica a milhares de anos-luz pela galáxia para tentar salvar o máximo de espécies possível. Como Capitão da Arca, o jogador terá que enfrentar tempestades de meteoros mortais e sistemas de defesa planetária para completar a missão com sucesso.
Cosmic Commuter (USA)	Cosmic Commuter ocorre no ano de 2075. Você trabalha para a Galactic Travel Agency e precisa ajudar os cidadãos a irem e voltarem do trabalho! Cada nível consiste em várias partes. Primeiro, você deve pousar com sucesso o módulo do foguete na superfície do planeta (ele contém o seu astrobus). Esta parte do jogo é semelhante ao jogo Lunar Lander; você deve controlar a velocidade do módulo de pouso para ter certeza de não bater! No segundo segmento de rolagem horizontal, você controla o astrobus e tenta pegar os passageiros nos pontos de ônibus. Depois que todos os passageiros forem apanhados, retorne ao módulo do foguete e decole para transportar os passageiros à grande estação espacial central. Claro, existem muitos obstáculos que podem impedir uma missão bem-sucedida. Meteoros, bolas de fogo e minas espaciais atrapalham e podem destruir seu astrobus. Seu astrobus está equipado com um laser que pode ser usado para destruir esses obstáculos. O astrobus também tem uma quantidade limitada de combustível; se você começar a ficar sem combustível, é melhor encontrar mais combustível antes de cair!
Cosmic Creeps (USA)	A civilização está condenada! Você é nossa última esperança! Você deve proteger os Cosmic Kids dos Cosmic Creeps enquanto eles escapam do planeta decadente!
Cosmic Swarm (USA)	Você está no Waypoint Interstellar Trade Depot, um posto avançado silencioso no espaço, quando de repente um grupo de cupins alienígenas comedores de minerais acorda. Eles então começam a fazer seus ninhos aleatoriamente. Usando sua nave de sondagem, você deve destruir os cupins e seus blocos de nidificação. Você acabou de atirar nos cupins para destruí-los, mas seus blocos de ninho devem ser ativados antes que você possa destruí-los. Para ativar um bloco de aninhamento, você deve bater em um bloco enquanto um cupim ainda o está carregando. Isso ativará todos os blocos na tela.
Crack'ed (USA) (Proto)	Como ornitólogo profissional, você fica emocionado ao descobrir que alguns calaus raros da América do Sul se aninharam em sua &quot;velha árvore de gema&quot;. Mas enquanto os calaus estão se alimentando, um grupo de pássaros azuis, corujas e cobras travessos começa a invadir seus ninhos e roubar os ovos. Você pega seu estilingue e começa a acertar as criaturas saqueadoras. Mas você tem que ter cuidado. Se você acertar um pássaro que carrega um ovo, ele o deixa cair e você tem que agir rápido para pegá-lo antes que ele atinja o solo e o devolva ao ninho. Ao mesmo tempo, você deve estar atento para as cobras que podem estar se esgueirando para os ninhos e devorando ovos. Se você puder proteger os ovos por tempo suficiente, poderá levá-los para outro local de nidificação.
Crackpots (USA)	Uma enxurrada de insetos está atacando sua casa, e você deve defendê-la com vasos de plantas! Você controla seu personagem no topo da tela, onde há seis vasos de plantas. Eles podem ser jogados sobre os insetos para destruí-los à medida que sobem pelo esgoto na parte inferior da encosta. Logo abaixo dos vasos de plantas, há seis janelas; você precisa ter certeza de destruir os insetos antes que eles atinjam essas janelas. Se seis desses insetos entrarem nas janelas, um andar de sua casa será comido.
Crash Dive (USA)	Crash Dive é um jogo de tiro de rolagem lateral que o coloca no controle de um submarino. Você terá que destruir diferentes criaturas subaquáticas, bem como aviões inimigos, enquanto tenta coletar tesouros do fundo da água. O jogo termina quando você bate seu submarino ou fica sem combustível.
Crazy Climber (USA)	O objetivo do Crazy Climber é chegar ao topo de edifícios muito altos escalando suas fachadas. Cuidado para não se apoiar em uma janela que está para ser fechada ou a queda é garantida.
Cross Force (USA)	Parece que os malvados Morplus do planeta Tzoris aterrorizaram a galáxia para sempre, deixando morte e destruição em seu rastro. Mas agora nossos cientistas desenvolveram nossa nova arma, o Spectron! Você irá com esta arma e terá que destruir tantos Morplus quanto possível.
Crossbow (USA)	Em Crossbow, você e vários camaradas tentam atravessar muitas áreas perigosas para recuperar tesouros roubados do Castelo do Mestre Malévolo. Os membros do seu grupo não estão armados, mas você carrega uma besta. Portanto, você deve atirar em todos os obstáculos ou inimigos hostis que possam atrapalhar seus companheiros, quando eles cruzam a tela. A cena é apresentada na primeira pessoa e, um a um, cada membro do grupo caminha da esquerda para a direita na tela. Existem muitas paisagens diferentes para percorrer, cada uma com seus perigos: desertos com escorpiões, cavernas de gelo, selvas com macacos hostis, um vulcão expelindo lava e até mesmo o castelo fortemente protegido. O jogo começa com dois camaradas em seu grupo, outros mais se juntando depois, e termina quando todos os membros de seu grupo foram mortos.
Crypts of Chaos (USA)	É um jogo de RPG, de certa forma. O objetivo é matar os monstros nas criptas, pegar todos os tesouros que encontrar e sair dessas criptas. A profundidade com que você começa na cripta depende da seleção do jogo. Os jogos um, dois, três ou quatro colocam você nos níveis cinco, nove, treze ou um, respectivamente. Suas armas são uma espada (ataques ilimitados, mas inúteis contra magos), uma varinha (ataques limitados, dependendo da seleção do jogo, inútil contra dragões), um anel de poder (ataques limitados, dependendo da seleção do jogo) e um símbolo da paz ( usos ilimitados, mas você não ganha nenhum ponto e só é útil em trolls, olhos, magos e dragões). Seus inimigos são trolls, sapos, cobras, caveiras, manchas, olhos, feiticeiros e dragões. O nível um tem apenas trolls, o nível dois tem trolls e sapos, o nível três tem trolls, sapos e cobras, etc. até o nível oito em que existem todos os tipos de inimigos.
Crystal Castles (USA)	Crystal Castles é um jogo de arcade lançado pela Atari, Inc. em 1983. O jogador controla Bentley Bear, que tem que coletar joias localizadas emcastelos renderizados projetados trimetricamente enquanto evita inimigos, alguns dos quais estão atrás das joias também. Crystal Castles é um dos primeiros jogos de ação arcadecom um final, em vez de continuar indefinidamente, em loop ou terminando em uma tela de destruição , e para conter zonas de warp avançadas.
Cubicolor (USA) (Proto)	O objetivo do Cubicolor é combinar o padrão mostrado nas laterais. É mostrada uma grade de cinco por cinco no centro da tela. À esquerda e à direita estão uma grade de três por três com um padrão. Você deve fazer o centro de três por três área da correspondência de grade de cinco por cinco. Para mover, você move o joystick em uma direção para selecionar um quadrado, em seguida, pressione e segure o botão enquanto move o joystick para mover aquele quadrado. Em jogos de dois jogadores, tente combinar o padrão antes do seu oponente.
Custer's Revenge (USA)	Custer's Revenge é um videogame pornográfico de ação desenvolvido pela empresa Mystique e lançado apenas nos Estados Unidos no Atari 2600 em 1982. O jogador interpreta o despojado General George Armstrong Custer (além de seu chapéu, cachecol e botas), que deve cruzar uma tela evitando uma chuva de flechas para ir estuprar uma índia nua amarrada a um cacto. Este cenário é considerado um dos piores já criados para um jogo e foi classificado em primeiro lugar entre os &quot;Dez jogos mais vergonhosos de todos os tempos&quot; de acordo com a GameSpy, e em terceiro na lista &quot;Dez piores jogos de todos os tempos&quot;. .
Dan Kitchen's Tomcat - The F-14 Fighter Simulator (USA)	Nascido com asas ... Torne-se um aviador da marinha F-14 que realiza missões de busca e destruição enquanto desvia e atira em bogeys inimigos em combates mortais com seu canhão de 20 mm e mísseis aéreos. Seu cockpit está equipado com tecnologias avançadas, graças ao US Air Força: tela de exibição e computador principal, indicador de alerta Bogey, indicador G-Force, contra-medidas eletrônicas e indicador de superaquecimento da arma (sim, pode superaquecer!). E se você estiver à altura da tarefa, dê ao olbird um impulso em Mach 1.0!
Dancing Plate (Europe) (Puzzy)	Dishaster é um jogo de arcade lançado para o Atari VCS 2600. O objetivo do jogo é evitar que as placas giratórias no topo dos pregos de madeira caiam.
Dark Cavern (USA)	É uma batalha para sobreviver em uma caverna subterrânea! Você tem cinco homens. Eles entram na caverna um de cada vez pela escotilha central. Uma vez lá dentro, gotas, aranhas e robôs começam a entrar nas portas esquerda e direita. Nem as criaturas nem o homem podem sair por essas portas.
Dark Chambers (USA)	Dark Chambers é um jogo de arcade de ação semelhante ao Gauntlet. Você é um explorador em um labirinto subterrâneo; seu objetivo é sobreviver a 26 níveis diferentes e coletar o máximo possível de tesouros escondidos. Escondida em algum lugar em cada um dos níveis está uma saída que o levará ao próximo nível.
David Crane's Pitfall II - Lost Caverns (USA)	&quot;Olá! Aqui estou eu de novo, Pitfall Harry, em busca de tesouros fabulosos. Prenda a respiração, muitos perigos nos aguardam nas últimas cavernas de Machu Picchu.&quot; O jogador assume o papel de Harry Pitfall, um explorador em busca de tesouros nos Andes que deve evitar cobras, sapos venenosos e todo tipo de outros inimigos.
Deadly Duck (USA)	Este é um tipo de Space Invaders, exceto que aqui você joga como um pato que enfrenta e deve destruir um exército de caranguejos ...
Death Trap (USA)	Você foi enviado para entregar uma mensagem. De repente, você se depara com o gigantesco navio DELE. Ele não quer que esta mensagem chegue ao Imperador Galáctico. Você tem que destruir os três geradores para escapar. Um gerador fica escondido até que os outros dois sejam destruídos.
Defender (USA)	O Defender colocou os jogadores no comando de uma nave enviado para proteger a humanidade de onda após onda de atacar forças alienígenas. Armado com &quot;bombas inteligentes&quot; e a capacidade de usar o hiperespaço para se mover rapidamente pelo planeta, o novo jogador deve lutar contra Bombardeiros, Pods, Swarmers, Baiters e Landers - que podem capturar os humanóides e transformá-los em Mutantes letais e implacáveis. Não salve os humanóides da queda livre ou da transformação de Mutantes, e o planeta é destruído. O Defender de Eugene Jarvis tem sido amplamente considerado como um dos atiradores espaciais mais populares e viciantes do início dos anos 80.
Demolition Herby (USA)	Wham! Bam! Bam! Cuidado, senhora! Você é o Demolition Herby e está conquistando as estradas. Você tem que contornar uma seção quadrada para neutralizá-lo; o objetivo é neutralizar todas as seções evitando carros inimigos antes de ficar sem combustível. Se você perder três vidas, o jogo acaba.
Demon Attack (Europe)	Aniquilar você! Este é o objetivo desses demônios do espaço sideral. Você deve eliminá-los para sobreviver. Mas cada onda de demônios é mais difícil de destruir do que a anterior. Esses estranhos inimigos interplanetários são difíceis. Quando atingidos, alguns se dividem em dois. Todos são substituídos por ainda mais atacantes. 1 ou 2 jogadores enfrentarão perigos cada vez maiores. Onda devastadora após onda irá atacá-lo de cima. Logo após destruir um bando de monstros galácticos, outra horda da destruição irá atacá-lo com uma estratégia de assalto totalmente nova. Se você não pode derrotar os demônios dos mundos alienígenas, você sempre pode vencer sua própria pontuação, ou a de seu oponente. O desafio nunca o deixará ir quando você lutar com seus gamepads.
Demons to Diamonds (USA)	Demons to Diamonds no Atari 2600 é um jogo de tiro em terceira pessoa no qual você deve atirar em inimigos em movimento com seu laser. O objetivo é ganhar o máximo de pontos possível, em particular atirando em objetos da mesma cor do seu laser para coletar diamantes. É possível jogar sozinho ou em pares em diferentes modos de jogo.
Depth Charge (USA) (Proto)	Planejado como um título em fita cassete para o periférico Power Module nunca lançado do Amiga e descrito como 'o primeiro videogame interativo com máquina', oferecendo jogo frente a frente, com um jogador sendo o comandante do submarino e o outro o capitão do destruidor. Cada jogador teria sua própria exibição de tela e conjunto de comandos. O Power Module foi abandonado em favor dos carrinhos Power Play Arcade, e o desenvolvimento do jogo só foi tão longe quanto esta versão. Descrição do catálogo: 'Você sabe que ele está lá. Mas onde? Seu sonar está captando sinais indiscriminados. Em seguida, surge um padrão. Você o encontrou. Você lança uma rodada de cargas de profundidade pela lateral, e as explosões balançam o navio. Você sorri com confiança e verifica o scanner: completamente em branco. De repente, há um pontinho. E outro. Ou ... Você sabe que ele está lá. Mas onde ... '
Desert Falcon (USA)	Desert Falcon é um jogo Atari VCS 2600 que o coloca na trilha de tesouros perdidos no Egito. Você, portanto, se encontra na pele de um falcão que enfrenta inimigos fervilhando no deserto para encontrar esses tesouros famosos.
Dice Puzzle (USA)	Se você gosta de jogos como o Cubo de Rubik, você vai gostar deste. O objetivo do Dice Puzzle é obter todos os 16 dados do mesmo número. Para fazer isso, você clica em uma coluna ou linha que avança todos os dígitos dessa coluna ou linha em um dígito (é claro, vamos de seis para um). Veja quão rápido (ou em quantos cliques) você pode fazer isso.
Dig Dug (USA)	Crie seu próprio labirinto cavando destemidamente a terra. Seu objetivo: coletar vegetais saborosos que lhe trarão pontos de saúde. Seus inimigos: fantasmas que querem enterrá-lo vivo, ferozes dragões cuspidores de fogo e malvados brutamontes em forma de balão! nnConsegues fazê-lo? Aqui está a emocionante versão para console do famoso jogo de arcade original!
Dishaster (USA)	Dishaster é um jogo de arcade lançado para o Atari VCS 2600. O objetivo do jogo é evitar que as placas giratórias no topo dos pregos de madeira caiam.
Dodge 'Em (Europe) (Rev 1)	Dodge 'Em para Atari VCS 2600 é um jogo de corrida / ação desenvolvido pela Atari. O objetivo do jogo é coletar todos os pontos espalhados pelo circuito, mantendo-se em sua pista. É possível mudar de faixa, mas apenas em locais muito específicos. Um carro dirigindo na direção oposta (controlado pelo computador ou outro jogador) tentará bloquear seu caminho.
Dodge 'Em ~ Dodger Cars (USA)	Dodge 'Em para Atari VCS 2600 é um jogo de corrida / ação desenvolvido pela Atari. O objetivo do jogo é coletar todos os pontos espalhados pelo circuito, mantendo-se em sua pista. É possível mudar de faixa, mas apenas em locais muito específicos. Um carro dirigindo na direção oposta (controlado pelo computador ou outro jogador) tentará bloquear seu caminho.
Dolphin (USA)	O jogador controla um golfinho que tenta fugir de uma lula gigante. Ele deve evitar colidir com matilhas de cavalos-marinhos enquanto navega em correntes que se movem para frente e para trás (indicadas por setas apontadas com ou contra a direção do golfinho, respectivamente) que aceleram ou desaceleram sua velocidade. Ocasionalmente, uma gaivota aparece acima da superfície da água que, se tocada, permite ao jogador um curto período de invencibilidade. Durante esse tempo, o golfinho é capaz de tocar a lula e afastá-la. O sonar do golfinho soa para indicar como evitar os cavalos-marinhos: um tom alto indica uma abertura perto da superfície da água e uma ressonância mais baixa indica uma passagem no fundo do mar.
Donald Duck's Speedboat (USA) (Proto)	Donald entrou na Duckburg Boat Race e zarpou com sua lancha. O objetivo é afastar o barco dos obstáculos ao longo do percurso até a linha de chegada e fazê-lo o mais rápido possível sem perder a pressão do acelerador. O jogo ocorre em várias telas, cada uma apresentando seus próprios modelos e desafios de obstáculo.
Donkey Kong (USA)	Donkey Kong é um jogo de ação / plataforma no Atari 2600 onde você tem que salvar Pauline do terrível Donkey Kong. Para fazer isso, você tem que subir ao topo da torre e chegar até a jovem, evitando os obstáculos enviados a você pelo gorila. Uma vez feito isso, você vai para o próximo nível.
Donkey Kong Junior (USA)	Mario sequestrou o pai de Junior! Donkey Kong Jr. originalmente chegou aos fliperamas em 1982 como uma sequência de Donkey Kong. Neste jogo, Mario interpreta o antagonista, tendo finalmente capturado Donkey Kong e colocado o macaco em uma gaiola trancada. Como Donkey Kong Jr., os jogadores terão que lutar seu caminho através de quatro níveis diferentes (Vines, Springboard, Chains e Mario's Hideout) para encontrar as chaves para libertar o Pai do Macaquinho.
Double Dragon (USA)	Situado na cidade pós-apocalíptica de Nova York, Double Dragon é a história de Billy e Jimmy Lee, irmãos gêmeos treinados no estilo de luta de Sou-Setsu-Ken. Juntos, eles dirigem uma pequena escola de treinamento de artes marciais e ensinam autodefesa a seus alunos. Um dia, a namorada de Billy, Marian, é sequestrada das ruas pelos &quot;Black Warriors&quot;, uma gangue de rua selvagem liderada por um homem chamado Willy. Os Dark Warriors exigem que os irmãos Lee revelem seus segredos das artes marciais em troca da liberdade de Marianne. Os irmãos Lee embarcaram em uma missão de resgate para esmagar os Dark Warriors e salvar Marianne.
Double Dunk (USA)	Jogue um jogo rápido de dois contra dois em uma quadra de basquete de meia quadra. Usar apenas metade do campo significa que você tem que ser mais cuidadoso para não perder a bola ou errar arremessos fáceis quando um oponente está perto. Os tiros de 3 pontos e as faltas podem ser ativados ou desativados. Além disso, você tem a possibilidade de alterar as cores dos uniformes de cada equipe.
Dragon Defender (Europe)	O objetivo do jogo é assumir o controle de um dragão que deve abrir caminho através de ondas de ataques que estão caindo sobre você do lado direito da tela.
Dragonfire (USA)	Os tesouros do rei foram roubados! Como jovem príncipe atrevido, o seu objectivo é recuperá-los a todos. Os tesouros são guardados em castelos diferentes, cada um deles guardado por um dragão de fogo. Cada nível do jogo tem duas partes, primeiro tem de atravessar a ponte levadiça do castelo. Terá de saltar e esquivar-se às bolas de fogo dos dragões e evitar as setas voadoras para alcançar o outro lado! Na segunda parte, é necessário recolher todos os tesouros no ecrã e colocá-los num local seguro, evitando ao mesmo tempo que o dragão corra no fundo do ecrã. Os dragões em cada nível têm diferentes movimentos e padrões de tiro, e à medida que os níveis progridem tornam-se mais rápidos e mais complicados.
Dragster (USA)	Dragster é uma simulação de corrida de arrancada para um ou dois jogadores. O objetivo do jogo é ser o primeiro carro a correr pela tela no jogo para dois jogadores, ou correr pela tela no menor tempo possível em um jogo para um jogador. O joystick atua como acelerador e embreagem; você tem a habilidade de mudar da primeira para a quarta, mas tome cuidado para não mudar muito cedo porque você não pode reduzir a marcha! Você também deve ter cuidado para não acelerar demais o motor, ou você explodirá o motor e sairá da corrida. Existem duas variações de jogo incluídas; no jogo mais simples, você só precisa dirigir direto para alcançar a meta. Na variação avançada, você também tem a capacidade de dirigir e precisa manter o carro em linha reta entre as arquibancadas e o divisor de águas.
Dschungel Boy (Europe)	Deixe-me apresentar-me. Sou Pitfall Harry, um experiente explorador da selva. A caça ao tesouro é minha paixão, e sua também, se você se atreve a fazer esta viagem comigo. Não fique nervoso; Serei seu guia na selva e sou um dos melhores. Inúmeras riquezas nos aguardam lá, mas muito menos do que os perigos que teremos que enfrentar. Vamos balançar com a ajuda de cipós, acima de um abismo. Iremos pular pelos pântanos, usando cabeças de crocodilo como degraus. Cavaremos no subsolo, por passagens escuras, rastejando ao lado de escorpiões venenosos. Então faça as malas e me encontre na selva ao amanhecer - e partiremos em busca da fortuna de um rei, feita de ouro, diamantes e tesouros perdidos - na aventura da armadilha Harry na selva.
Dukes of Hazzard (USA) (Proto)	Dukes of Hazzard é um jogo de direção em perspectiva aérea, baseado na popular série de TV de mesmo nome. Os jogadores assumem o papel de Duke Boys liderando o lendário &quot;General Lee&quot; enquanto tentam evitar a polícia e salvar sua irmã Daisy de Boss Hogg.
Dumbo's Flying Circus (USA) (Proto)	Dumbo's Flying Circus deveria fazer parte da série infantil da Atari (que apresenta personagens de Peanuts, Vila Sésamo, Disney, Muppets e Garfield), mas por algum motivo nunca viu a luz do dia. A Atari promoveu o Dumbo nos catálogos europeus da Atari e até mandou fazer um protótipo. A decisão de guardá-lo deve, portanto, ter sido tomada muito tarde. Apesar de o Dumbo ter sido desenvolvido como um jogo infantil, a jogabilidade é bastante difícil, o que pode explicar por que nunca foi lançado para o mercado.
Dune (USA) (Proto)	Dune é um protótipo inédito baseado no filme de 1984 com o mesmo nome. Parece que seria um jogo de ação / aventura semelhante ao clássico Adventure da Atari, mas como o jogo nunca foi concluído, nunca saberemos com certeza. Dune foi projetado pelos programadores Atari Bruce Poehlman e Gary Stark, mas parece que a programação foi iniciada por outra parte. Este protótipo parece estar apenas cerca de 30% completo - o motor do jogo parece estar pronto, mas muitos dos elementos de jogabilidade e gráficos estão faltando. Presumivelmente, este título foi cancelado com os Tramiels encerrando o desenvolvimento do jogo 2600 e demitindo a maior parte da equipe.
E.T. - The Extra-Terrestrial (USA)	Tomando elementos do filme E.T. o extraterrestre de que é a adaptação, o jogo não retoma o quadro geral do cenário. O jogador manobra E.T. por diferentes telas em busca das três partes do transmissor. As peças são distribuídas aleatoriamente em torno da zona de pouso da E.T. em valas chamadas &quot;poços&quot;. A área de jogo é composta por seis telas principais. O jogador deve evitar o contato com certos inimigos.
Earth Dies Screaming, The (USA)	Você é um Destroyer espacial que defende a Terra contra os Trillianos. Os Trillians estão usando bases de ataque para lançar satélites Kamikaze e guerreiros Trillianos na Terra. Quando um satélite ou um guerreiro se aproxima, sua arma acompanhará automaticamente seu movimento vertical. Você deve rastreá-los horizontalmente e disparar no momento certo. Você perde energia quando um guerreiro dispara contra você ou quando um guerreiro ou um satélite explode na Terra. Se você vê um guerreiro com uma faixa branca (a parte de trás do guerreiro), mantenha-o na tela por cinco segundos e você virá para uma base de ataque. Destrua a base de ataque para recuperar energia. Se você perder toda sua energia, você vai explodir e os Trillianos irão comemorar como ... A Terra morre gritando!
Eddy Langfinger, der Museumsdieb (Germany)	Neste jogo, o jogador interpreta um ladrão que deve pegar todos os oito objetos valiosos do &quot;Mograth Stadtmuseum&quot; dentro de um determinado prazo. Quando o jogador chega ao último andar e coleciona tudo, ele foge com um helicóptero e o próximo nível começa. Enquanto esgueiram-se pelo museu, os jogadores precisam evitar cães e guardas. Os guardas aparecem nas janelas de tempos em tempos e podem ser evitados estando entre duas janelas. Um novo piso pode ser alcançado correndo até o final do atual e pulando pelo buraco. Após o término do nível, a pontuação é calculada adicionando seu tempo restante e uma nova e mais difícil rodada começa.
Eggomania (USA)	Eggomania é semelhante ao jogo Kaboom. No topo da tela está um pássaro jogando ovos em você! Você deve pegá-los com o chapéu antes que cheguem ao fundo da tela. Se você perder alguns ovos, eles quebrarão e a gema começará a se acumular na parte inferior da tela. Se você perder muitos, o jogo terminará. No final de cada rodada, você terá a oportunidade de ganhar pontos de bônus; agora você pode jogar todos os ovos que você pegou no pássaro! Conforme os níveis progridem, a velocidade dos jogos aumenta. Existem dois níveis de dificuldade disponíveis, na variante mais fácil você ganha um chapéu maior.
Elevator Action (USA) (Proto)	Você é o Agente 17 (codinome: &quot;Otto&quot;). Sua missão é proteger todos os documentos ultrassecretos de um prédio de segurança e escapar no carro de fuga, localizado no porão do prédio. Os espiões inimigos estão espalhados pelo prédio de 30 andares e têm apenas uma missão: executar o Agente 17 a qualquer custo. O Agente 17 pode matá-los de várias maneiras: 1. Mate-os com sua arma. 2. Chutes saltando sobre eles. 3. Atire uma luz no teto em um elevador, coloque a luz em um deles. 4. Esmague-os com um elevador.
Elf Adventure (USA) (Proto)	Uma sequência de Adventure? Sim, parece que Warren estava pensando em uma sequência de seu grande sucesso Adventure em seu tempo livre enquanto trabalhava na The Learning Company, que ele fundou em 1980, após deixar a Atari. Não se sabe se Atari realmente encomendou uma sequência ou se Warren estava fazendo isso por conta própria e esperava vendê-la para a Atari. No entanto, como a Atari estava considerando chamar SwordQuest: Earthworld Adventure II (e Fireworld Adventure III), o cenário posterior parece mais plausível. De qualquer forma, este protótipo tem um ar de mistério.
Eli's Ladder (USA)	Este jogo foi projetado para ajudar a ensinar as crianças sobre adição, subtração e contagem. Eli deve retornar para sua nave espacial. Você o faz subir de nível resolvendo problemas de adição ou subtração. Um problema aparece com as quatro opções de resposta abaixo. Mova o navegador para a esquerda ou direita para selecionar sua resposta e pressione o botão. Após 20 perguntas, Eli chega ao seu navio. Se você acertou 18 ou mais respostas, Eli pulará de alegria e aparecerá uma palavra piscando WOW. A criança ainda está usando o joystick direito. No modo de dois jogadores, o joystick esquerdo é usado pelos pais para avançar para o próximo problema, iniciar o jogo e contar as maçãs. No modo de um jogador, você avança automaticamente.
Elk Attack (USA) (Proto)	Elk Attack é um jogo do tipo Pac-Man, mas sem um labirinto. Você controla uma máquina do tipo Yo-Yo, que deve usar sua corrente para bloquear e destruir todos os blocos coloridos na tela. Ao longo do caminho, você encontrará estranhas criaturas semelhantes a vermes, que tentarão confundir seu Yo-Yo.
Encounter at L-5 (USA)	Usando um lançador de antimatéria, você deve defender a base estelar L5 contra uma horda infinita de naves guerreiras Megalyte azuis e seus foguetes mortais. Quando os guerreiros chegam ao fundo, eles atiram em sua base. Basicamente, não dói, mas você perderia uma de suas quatro vidas. Às vezes, a nave da morte mergulha em direção à sua base, atirando enquanto avança. Se atingir sua base, destruirá seu gerador, causando a perda de uma vida.
Enduro (USA)	Evento oficial: The National Enduro. Início da corrida: Ao nascer do sol. Descrição da corrida: Um circuito de resistência incrivelmente difícil. Do amanhecer à noite, das areias escaldantes do Deserto de Baja às planícies cobertas de gelo de Montana, as curvas fechadas do Tennessee, à visibilidade zero de uma névoa da Nova Inglaterra. E vire-se. Não há linha de chegada. Perfil do motorista: Você ignora o medo, nunca dorme. Seu único objetivo na vida é bater seu último recorde, ganhar aquela velocidade extra do motor, ir mais longe. Use as vias expressas tanto quanto possível. Deixe sua competição em seu espelho retrovisor. Você é seu próprio ídolo. Requisitos do carro: Resistente como um tanque, rápido como um jato. Tão sensível que ela sabe para onde ir antes mesmo de você decidir. Perfeição do circuito de injeção em baixa ou alta velocidade. A corrida está pronta. E você está?
Ente und der Wolf, Die (Germany)	Pooyan é um jogo de arcade lançado pela Konami. O jogo se concentra em Mama, uma porca, que deve defender e salvar seus filhotes. Mama está em um elevador deslizante, que o jogador controla. Os lobos voam usando os balões e cabe ao jogador atirar flechas nos lobos para explodir seus balões antes que cheguem ao topo.
Entity, The (USA) (Proto)	A Entidade deve ser rapidamente movida para planos superiores de existência para evitar sua destruição arrepiante. Ele vai resistir, mas isso não deve impedi-lo. Nível após nível de desafio existente. Você pode aguentar o tempo suficiente para reabastecer seu suprimento de hélio?nn Ação para um jogador. Localize um portal na barreira que separa os planos de existência, então use seu joystick para canalizar a Entidade para o portal e para o próximo plano. uando a Entidade resistir, subjugue-a com um spray de hélio líquido.
Entombed (USA)	O que começou como uma bela pequena expedição arqueológica de repente se transformou em uma luta terrível pela sobrevivência! Uma equipe de arqueólogos está presa em um labirinto subterrâneo de túneis sinuosos e escuros. Ao redor deles, zumbis formidáveis ​​emergem das criptas. A única esperança de sobrevivência dos arqueólogos (além de uma corrida muito rápida) é um antigo dispositivo conhecido como &quot;make-break&quot;, que pode ser usado para criar ou destruir pedaços de parede.
Espial (USA)	Você é um piloto de ataque espacial voando ao alcance da morte sobre uma nave espacial gigante. Você deve lutar contra as ondas intermináveis de naves inimigas enquanto também dispara mísseis contra o próprio navio. Boa sorte! Você controla sua nave com o joystick. Para disparar, basta pressionar o botão. Você vai disparar lasers e mísseis simultaneamente. Os mísseis atingirão o ponto em que a cruz na frente de sua nave estiver no momento em que forem lançados. Cuidado com os tiros disparados contra você e não esbarre em nada que voe.
Exocet (Europe)	Exocet é um jogo de ação, publicado pela Panda Entertainment, que foi lançado em 1983. Você está no comando de um OVNI e deve destruir as torres que tentarão atirar em você.
Extra Terrestrials (USA)	Quando o Museu do Computador Pessoal descobriu os extraterrestres pela primeira vez, a própria descoberta foi suficiente para enviar ondas de choque pela comunidade Atari. Não apenas um título até então desconhecido (mas disponível comercialmente) apareceu, ele também foi reconhecido como o único jogo para Atari 2600 desenvolvido no Canadá. O grupo queria capitalizar no mercado de videogames, que estava em alta na época. Eles esperavam lançar o jogo para a temporada de Natal de 1983, mas atrasos no agendamento impediram isso e o jogo perdeu o período de Natal. Depois que o jogo foi finalizado no início de 1984, Peter se lembra de ter ido de porta em porta a varejistas que vendiam cópias do jogo. Eles não tinham um distribuidor quando o mercado de videogames cresceu. Já estava em colapso.
Fantastic Voyage (USA)	Fantastic Voyage é um jogo de tiro com rolagem vertical para um jogador. O princípio do jogo segue o do filme de 1966 com o mesmo nome; você e seu submarino foram miniaturizados e injetados no sangue de um paciente doente. Seu objetivo é evitar que o paciente morra localizando coágulos sanguíneos fatais e destruindo-os.
Farmyard Fun (USA)	Farmyard Fun é uma conversão PAL. Lançado originalmente na Europa por uma empresa de Taiwan
Fast Eddie (USA)	Você terá que pular sobre &quot;tênis&quot; inimigos, subir escadas e pular para conquistar seu coração. O controle é muito preciso e o jogo funciona perfeitamente. Você descobrirá que Fast Eddie é rápido e pode subir até 99 metros.
Fast Food (USA)	Comer! Coma todas as calorias que puder, mas cuidado com os picles roxos. Eles ficam com você e lhe fornecem gases debilitantes. A comida começa à esquerda e se move para a direita. Você move sua boca para comer a comida; quanto mais você ganha peso, melhor.
Fatal Run (USA)	Fatal Run é um jogo de corrida lançado no Atari VCS 2600. A bordo de um veículo ultrarrápido, você deve entregar drogas em várias cidades de um mundo apocalíptico. No seu caminho, você poderá eliminar seus inimigos com a ajuda de várias armas e melhorar seu veículo nas diferentes cidades por onde passar.
Fathom (USA)	Neptina, filha de Netuno, foi aprisionada no fundo do mar pelos Titãs. Seu objetivo é salvá-la localizando as peças espalhadas de um tridente mágico! Você terá que assumir a forma de um golfinho e um pássaro para localizar os fragmentos escondidos no oceano e nas nuvens.
Feuerwehr im Einsatz (Germany)	Um armazém local pegou fogo e você é o bombeiro que deve vir em seu socorro! Seu objetivo é salvar o trabalhador preso no armazém; no lado direito da tela está um caminhão de bombeiros com uma escada ajustável. Você pode mover a escada para o andar apropriado do prédio para escalá-la e salvar o trabalhador preso.
Final Approach (USA)	Você é um controlador de tráfego aéreo em um aeroporto internacional. Você deve guiar os aviões para pousar com segurança. Sua primeira tela é o controle de aproximação ou a tela do radar ARC. Você deve guiar o avião com o cursor até que eles vão da esquerda para a direita ao longo da linha amarela em direção à faixa preta. Certifique-se de que os outros aviões estão indo para onde eles não irão imediatamente na direção um do outro ou fora da tela.
Fire Fighter (USA)	Um armazém local pegou fogo e você é o bombeiro que deve vir em seu socorro! Seu objetivo é salvar o trabalhador preso no armazém; no lado direito da tela está um caminhão de bombeiros com uma escada ajustável. Você pode mover a escada para o andar apropriado do prédio para escalá-la e salvar o trabalhador preso.
Fire Fly (USA)	Depois que sua nave interplanetária acidentalmente entra em um buraco negro, você se encontra em um universo diferente. Este mundo é habitado por estranhas criaturas mecânicas semelhantes a insetos. Você descobre que este mundo contém insetos bons e ruins; os bons insetos pediram sua ajuda e você concorda em defendê-los. Seu primeiro desafio é resgatar o Pixy; esta é a última criatura viva do planeta e é guardada por uma abelha assassina. Se você tiver sucesso, você precisará lutar contra uma variedade de criaturas inimigas, incluindo uma abóbora em chamas, demônios e serpentes enroladas. Cada vez que você derrota as criaturas na tela, você pode mover para a direita, onde um novo desafio (e bônus) o aguarda! Depois de completar todas as telas de insetos ruins, o jogo se repete em um nível de dificuldade mais difícil.
Fire Spinner (USA)	Firebug é uma tentativa tímida de um jogo de tiro ao alvo 3D. Provavelmente, isso é algo que nunca deveria ter sido tentado no 2600, mas Vidco decidiu tentar mesmo assim. O resultado é um jogo que parece decente, mas é horrível. O objetivo do jogo é fazer com que o seu mago crie e atire uma bola de fogo na catapulta que se projeta no topo da tela.
Fishing Derby (USA)	Fishing Derby for Atari VCS 2600 é um jogo de esportes desenvolvido pela Activision. O objetivo do jogo é pegar 45 quilos de peixe antes do seu oponente. O jogador controla a linha da vara de pescar. Quanto mais fundo a linha for, maior será o peixe. Um tubarão vagueia no corpo d'água e pode comer o peixe que o jogador trouxer.
Flag Capture ~ Capture (USA)	Flag Capture no Atari VCS 2600 é um jogo de ação / estratégia desenvolvido pela Atari. Como um desminador, o jogador deve encontrar todas as bandeiras escondidas atrás dos quadrados de uma grade o mais rápido possível. É possível jogar com 2. Neste caso, os jogadores podem jogar simultaneamente ou um a um.
Flash Gordon (USA)	Você é Flash Gordon. Muitos astronautas entraram na Cidade das Aranhas, mas nunca mais voltaram. Seu trabalho, Flash, é duplo. Salve todos os astronautas que encontrar nos túneis da Cidade das Aranhas e destrua todos os pods de incubação.
Football (USA)	Football for Atari VCS 2600 é um jogo de esportes desenvolvido pela Atari. Projetado para ser jogado em pares, ele segue as regras clássicas de um jogo de futebol americano. Você mesmo pode controlar seus jogadores ou deixar que o computador cuide deles. Em todos os casos, o jogador deve escolher se quer jogar na defesa ou no ataque.
Forest (Europe)	Ah, seu pobre lenhador. Você só quer cortar um pouco de madeira para vender para que sua família possa comer, mas uma bruxa malvada colocou um feitiço nos animais para que eles estejam atacando você. Bem, não importa, de uma forma ou de outra você vai conseguir sua árvore! Você deve abrir caminho duas telas à direita para chegar à sua árvore. Animais virão até você de qualquer lado da tela. Você deve pular sobre o animal ou pressionar o botão e empurrar o joystick na direção desejada para cortá-lo com seu machado. As cobras não podem ser picadas, apenas saltadas.
Fox & Goat (Europe)	Você é um esquilo trabalhador. Durante todo o ano, você armazenou alimentos em sua casa nas copas das árvores. De repente, quando você está fora, a Wily Weasel rouba tudo. Não o deixe escapar impune! Jogue nozes nele! Jogue-o do galho!
Frankenstein's Monster (USA)	Na noite escura e fria, você passa pelo castelo macabro do Dr. Frankenstein. Nesse caso, você deve impedir que ele conclua sua criação. Sua única chance é coletar pedras do calabouço e levá-las para a torre, onde você deve construir uma barricada ao redor do monstro antes que ele acumule energia suficiente para se tornar vivo.
Freeway (USA)	Na Freeway, seu trabalho é ajudar o frango a atravessar a estrada! Cada vez que você guia o frango com sucesso por dez faixas de tráfego na rodovia, você ganha um ponto. Tente marcar o máximo de pontos possível até o final do limite de 2 minutos e 16 segundos! No jogo de dois jogadores, quem marcar mais pontos no final vence. Estão incluídas várias variações de jogos que podem ajustar a velocidade e a quantidade de tráfego na rodovia.
Frisco (USA)	Este jogo é baseado no código do Pac-Man. Ainda não se sabe onde estão as iniciais R.J.P.G..
Frog Pond (USA) (Proto)	A história por trás do Frog Pond é um pouco nebulosa, ou é vítima de um mau momento ou de uma disputa de gerenciamento / programador. A premissa por trás do Frog pond é simples, você controla um sapo que deve tentar pegar vários insetos com a língua em uma corrida para ver quantos pontos você consegue marcar. O tema do jogo e a total falta de dificuldade quase garantiam que seria voltado para crianças pequenas, muito parecido com o jogo anterior de Nick Tuner, Demons to Diamonds. O problema com os jogos infantis é que eles não são muito divertidos para os adultos brincarem, e Frog Pond não é exceção.
Frogger (USA)	Sua tarefa nesta adaptação de arcade é guiar um sapo por uma estrada e um rio perigoso para trazê-lo com segurança para o topo da tela. Essas duas seções estão repletas de vários obstáculos, matando o sapo e custando uma vida. A estrada está cheia de carros e caminhões, em velocidades variadas. A própria água do rio é fatal, assim como as cobras que nele flutuam. O sapo deve usar troncos ou tartarugas (que ficam lá por pouco tempo) e crocodilos (mas ficar longe de suas cabeças) para atravessar o rio. Finalmente, pule para uma das células da casa aberta (no topo). Se esta célula contiver uma mosca, você obterá pontos extras. Depois que todos os buracos forem preenchidos, você passa para o próximo nível, mais difícil.
Frogger II - Threeedeep! (USA)	Em Frogger II, você deve guiar seu sapo até a segurança em três locais diferentes. Começando debaixo d'água, alcance o topo da lagoa enquanto evita crocodilos e peixes perigosos (você pode montar uma tartaruga para sua segurança!). Uma vez no topo da lagoa, pule por entre troncos, pássaros e até mesmo uma baleia até o colete salva-vidas atrás de um rebocador. Em terceiro lugar, você tem que pular por entre um bando de pássaros para chegar a uma nuvem no topo da tela. Cada sapo tem um limite de tempo para chegar com segurança a uma das casas em cada uma das três telas. Você avança para o próximo nível quando um sapo atinge com segurança cada uma das casas em todas as telas.
Frogs and Flies (USA)	O objetivo do jogo é fazer sapos pegarem moscas. Os pontos são ganhos manipulando um sapo de modo que ele salte de uma almofada de lírio e pegue insetos voadores com uma língua piscante. Pule nele tarde demais e você errará. Salte-o muito longe e ele cairá na lagoa. você terá que esperar ele nadar de volta antes de tentar novamente. Ação diurna e noturna. Pegue mais moscas do que um oponente ou supere sua própria pontuação máxima!
Front Line (USA)	Front Line é um jogo de tiro para Atari VCS 2600. Sua missão será se infiltrar no território inimigo e destruir a fortaleza. O confronto com os diversos terrenos e inimigos será difícil, mas seu personagem estará armado e terá oportunidade de utilizar veículos.
Frostbite (USA)	Você é um esquimó que quer construir um iglu para morar durante a estação fria. Para fazer isso, você deve pular de bloco de gelo em bloco de gelo, evitando animais selvagens, como pássaros e caranguejos. Entrar em contato com qualquer um deles fará com que eles o empurrem para fora do quarteirão e caiam na água mortal. Depois de construir seu iglu, você deve entrar nele para prosseguir para o próximo nível. Lembre-se, você deve construí-lo antes que a temperatura caia para 0 °. Você tem quatro vidas.
Funky Fish (USA) (Proto)	Você é o Funky Fish. O objetivo do jogo, aqui, é atacar as criaturas do mar que estão guardando o monstro. Você atira neles com suas bolhas e eles se transformam em frutas. Você deve então comer a fruta para manter a energia. Se você demorar muito para pegar a fruta, ela voltará a ser a criatura marinha que era antes e continuará a persegui-lo. Se você for tocado por uma criatura marinha ou tocar no monstro, você perde uma vida e se transforma em ossos, afundando no fundo do mar. Se você perder todas as suas vidas, o jogo acaba.
Fussball (Germany)	Football for Atari VCS 2600 é um jogo de esportes desenvolvido pela Atari. Projetado para ser jogado em pares, ele segue as regras clássicas de um jogo de futebol americano. Você mesmo pode controlar seus jogadores ou deixar que o computador cuide deles. Em todos os casos, o jogador deve escolher se quer jogar na defesa ou no ataque.
G.I. Joe - Cobra Strike (USA)	O quartel-general das Forças Missionárias Especiais de G.I. Joe está sob cerco pelo inimigo COBRA! Uma organização maligna determinada a dominar o mundo, COBRA apareceu na forma de uma cobra gigante. No momento, ele está pairando sobre o acampamento, ameaçando a segurança. Então, corra! Em seus postos! Defenda o acampamento! Destrua o vilão antes que seja tarde demais!
Galaxian (USA)	Uma armada de enormes criaturas alienígenas paira sobre sua nave em uma formação ameaçadora. Enquanto você corre pelo campo de ação, dispare seus mísseis e contra-ataque o ataque implacável dos galáxios e seus esquadrões de bombardeiros de mergulho. Nove níveis de dificuldade. Para um jogador.
Gamma-Attack (USA)	Você é o comandante da única nave Gamma nesta região estelar. A Frota de Guerra Vegan assumiu o controle de seu planeta de posto avançado Gamma e o defende com Tanques de Pulso Laser Vegan. Este planeta é o único habitável neste sistema estelar, e você deve ficar lá e lutar contra os veganos o máximo que puder. Mova sua nave para a superfície do planeta e destrua todos os tanques Vegans que encontrar. Destruir todos os tanques leva você ao próximo nível. Cada pulso de laser recebido por sua nave Gamma reduz sua altitude de pairar. Quando sua nave quebra, o &quot;Gammy&quot; aparece e seu jogo acaba.
Gangster Alley (USA)	Prendemos Chicago Joe, mas em retaliação sua gangue mudou-se para um prédio, levando uma senhora e seu filho como reféns. Suas ordens são para matar qualquer membro da gangue. NÃO ATIRE EM UM INOCENTE! Cuidado com o Nitro Ed. Ele gosta de brincar com granadas. Boa sorte.
Garfield (USA) (Proto)	Garfield nunca foi terminado. Como você provavelmente já deve ter adivinhado, Garfield estrela a adorável bola de pêlos laranja dos quadrinhos de domingo (não, não é Alf!). Garfield está numa missão para encontrar Nermal (ele não estava sempre tentando se afastar de Nermal?), E para cumprir essa missão ele terá que cruzar cinco telas diferentes cheias de ação enquanto olha para o odioso Odie! O movimento no Garfield é um pouco estranho, você não move para a esquerda ou direita com o joystick, mas pressionando o botão de fogo para pular. Demora algumas tentativas para pegar o jeito, mas se encaixa bem com a ideia.
Gas Hog (USA)	Gas Hog é um jogo de fliperama lançado no Atari VCS 2600. A bordo de um veículo super rápido, o objetivo do jogo é sobreviver contra bombas, inimigos e buracos na estrada, acelerando e desacelerando.
Gauntlet (USA)	Você é o grande explorador, Sir Robert Wittenbottom. Você descobriu uma civilização antiga nas profundezas da floresta de uma ilha misteriosa. Como você é um bom velho, eles decidiram apresentá-lo ao conselho de guerreiros. Mas primeiro você tem que provar o seu valor completando o desafio.Você recebe três copos de água. Você tem que correr pela passagem para os fogos cerimoniais e usar sua água para apagá-los.
Ghost Manor (USA)	Seu amigo está preso dentro do Ghost Manor! Você tem que passar por cinco telas diferentes antes de salvar seu amigo do último andar da mansão. O jogo começa no cemitério fora da mansão; aqui você joga tag com o fantasma amigável ou esqueleto do arco-íris que fornecer lanças que você pode toirar nossos inimigos. Na segunda tela, você se aproxima da entrada vigiada da mansão. Usando lanças que você coletou, você deve atirar em todos os inimigos que bloqueiam a entrada. A terceira e a quarta telas acontecem dentro da mansão; cada andar tem uma escada e vários tesouros e cruzes que podem ser recolhidos.
Ghostbusters (USA)	O jogo Ghostbusters para Atari VCS 2600 é baseado no filme de mesmo nome de 1984. Seu objetivo será perseguir fantasmas da cidade. O jogo acontece em várias fases: dirigindo, capturando fantasmas ou escolhendo o destino, há algo para todos.
Ghostbusters II (Europe)	Eles estão de volta! Coisas estranhas estão acontecendo ... The Slim está em ascensão. O Titanic chegou. E depois de 300 anos, Vigo dos Cárpatos se senta no trono da morte. Quem você vai chamar? Volte a colocar o seu equipamento e saia para a rua no seu Ecto-1. Vá para o subsolo para descobrir um Rio de Slim ... e eleve-se com a Estátua da Liberdade. Tudo para transformar o mal em bem e derrotar Vigo no Museu de Arte. Ação, aventura, desafios de estratégia - e muitas risadas!
Gigolo (USA)	Em Gigolo, você é uma dama para um ou dois homens - acerte com o banco para ganhar algum dinheiro, entre em uma das muitas casas para encontrar os gigolôs e faça algumas pontuações antes que a polícia o pegue em flagrante! (Os papéis masculino e feminino de ambos os jogos foram trocados nos clones da editora, Bachelorette Party e Cathouse Blues.)
Glacier Patrol (USA)	Glacier Patrol é um jogo de arcade lançado no Atari VCS 2600. Você deve defender a Terra lá contra uma nave alienígena cujo objetivo é congelar nosso planeta.
Glib - Video Word Game (USA)	Glib é uma versão de Scrabble. As letras na linha superior são embaralhadas e você as usa para criar palavras na linha inferior. Se a linha inferior mostrar todos os espaços em rosa ou vermelho, os pontos da palavra serão duplicados ou triplicados, respectivamente. Se houver uma linha azul clara ou azul sob um espaço, os pontos dessa letra são duplicados ou triplicados, respectivamente.
Going-Up (USA) (Proto)	Going-Up?? é um esboço inicial de um jogo da Starpath que nunca foi lançado nem incluído em catálogos oficiais. Provavelmente criado como um projeto interno por um dos programadores, trata-se apenas de uma demonstração simples de movimentação, sem nenhuma mecânica de jogo efetiva implementada. Não se sabe se o desenvolvimento prosseguiu além desse estágio embrionário, o que confere ao protótipo uma aura de mistério na história das produções da Starpath.
Golf (USA)	Golf for Atari VCS 2600 é um jogo de esportes desenvolvido pela Atari. O jogo oferece um campo de 9 buracos, repleto de obstáculos clássicos do golfe (areia, água, árvore e acidentado). O jogador controla a força da tacada e determina a direção em que a bola irá. Os 2 níveis de dificuldade influenciam o tamanho do buraco e a desaceleração causada pela areia.
Good Luck, Charlie Brown (USA) (Proto)	Boa sorte, Charlie Brown deveria ter sido o último dos lançamentos da Oficina Infantil, mas nunca viu a luz do dia. A única versão conhecida é muito incompleta, com pouca jogabilidade implementada, mas existem rumores de uma versão muito mais completa. De acordo com os catálogos Good Luck, Charlie Brown deveria ser lançado no verão de 1983 e, como esse protótipo é datado de abril de 1984, podemos assumir que o desenvolvimento estava demorando mais do que o esperado. Em 1984, a Atari havia cancelado a série infantil, então a boa sorte Charlie Brown teria sido cancelada com ela.
Gopher (USA)	Um gopher irritante está atrás de seu patch de cenoura! Seu objetivo é pará-lo antes que todas as suas cenouras acabem. O esquilo cava um túnel no chão na parte inferior da tela; você está no topo e tem que preencher os túneis dos esquilos com sua pá. O gopher é rápido, e se você não encher os túneis rápido o suficiente, ele atingirá a superfície e fugirá com suas cenouras!
Gorf (USA)	Gorf é um jogo semelhante ao Space Invaders, as naves alienígenas se aproximam cada vez mais em uma formação de fileiras ameaçadoras.
Grand Prix (USA)	Grand Prix é um jogo de corrida de ação para um jogador. O jogo é jogado com uma vista aérea da pista de corrida que rola horizontalmente. Seu objetivo é chegar à linha de chegada no menor tempo possível em uma das quatro diferentes pistas incluídas. É claro que haverá obstáculos nas trilhas que o atrasarão se você não tomar cuidado. Muitos outros carros irão atrapalhar seu caminho, manchas de óleo farão com que você perca temporariamente o controle e, em pistas mais difíceis, pontes estreitas o levarão a uma parada completa se você perder o caminho.
Gravitar (USA)	O maligno sendo chamado de Gravitar está tentando destruir o universo! A cada galáxia, ele a conquista, deixando para trás forças gravitacionais extremas, um reator poderoso e explosivo e bunkers mortais. Seu trabalho é parar Gravitar, retomando os doze sistemas solares localizados em quatro galáxias sob seu controle!
Great Escape (USA)	Great Escape é um jogo de tiro lançado para Atari VCS 2600. O jogador pilota uma nave espacial e deve destruir alienígenas, meteoritos e outros inimigos.
Gremlins (USA)	Gremlins é um jogo lançado no Atari VCS 2600. Billy precisa pegar hambúrgueres jogados por um Mogwai. Se ele não tiver sucesso, ele deve matar ondas de Gremlins que avançam contra ele.
Grover's Music Maker (USA) (Proto)	A) O velho McDonald tinha uma fazendannB) Brilha, brilha, estrelinhannC) Aqui vamos nós contornar o arbusto de amoreirannD) Sobre o rio e através da florestannE) Calma bebezinhonnF) A Aranha Itsy BitsynnG) Meu chapéu tem três cantosnnH) Ir para o meu LounnI) Três Ratos CegosnnJ) Hickory Dickory DocknnK) Você conhece o Muffin Man?nnL) A-Tisket, A-TasketnnM) Vá contar à tia RhodiennN) Na ponte de Avignon (sobre a ponte de Avignon)nnO) Eu sou um pequeno bulennP) Vá para dentro e para fora da janelannQ) Este VelhonnR) DesconhecidonnS) DesconhecidonnT) Bobby Shafto
Guardian (USA)	Em uma guerra intergaláctica, uma nave inimiga chamada Dromeda ataca seus planetas e você deve defendê-los! Os planetas estão localizados na parte superior ou inferior da tela e são protegidos por um escudo. Dromeda está no meio da tela e lançará dispositivos explosivos nos planetas. Você controla uma nave espacial que é a última esperança de salvar os planetas.
Gyruss (USA)	Gyruss é um atirador Atari VCS 2600. Os Gyrussianos invadiram o sistema solar. Usando sua nave espacial, você terá que visitar cada um dos nove planetas para eliminá-los.
H.E.R.O. (USA)	Há problemas nas minas! A atividade vulcânica prendeu vários mineiros e é seu trabalho salvá-los. Como Roderick Hero, você precisa abrir caminho através do perigoso poço da mina, evitando as perigosas criaturas e lava, e descobrir onde os mineiros estão localizados antes que você fique sem energia. Para ajudar em sua missão, Roderick Hero possui vários tipos de equipamentos úteis. Um pacote de suporte permitirá que você flutue e voe ao redor do poço da mina e (com sorte) evite os muitos perigos dentro dele. Seu capacete possui um feixe de microlaser de curto alcance que pode ser usado para destruir os morcegos, aranhas, cobras e outras criaturas que você encontrará nas minas. De vez em quando, seu caminho pela mina pode ser bloqueado por paredes de pedra ou lava. Você começa cada missão com seis bananas de dinamite que podem ser usadas para destruir esses obstáculos (tome cuidado para não se explodir, no entanto!) Se você ficar sem dinamite, seu feixe de laser também pode ser usado para destruir as paredes, embora isso demore mais e consuma mais energia. Conforme os níveis progridem, o poço da mina se tornará mais longo e mais parecido com um labirinto, as criaturas bloquearão o caminho com mais frequência e paredes de lava e piscinas aparecerão perigosas ao toque.
Halloween (USA)	Proteja as crianças e lute pela sua sobrevivência “na noite em que ele voltou para casa!” O psicopata Michael Myers escapou da instituição mental e voltou para se vingar. Guardando um grupo de crianças em uma grande casa de dois andares, os jogadores devem guiar as crianças para quartos seguros, evitando Michael Myers e sua faca.
Hangman ~ Spelling (USA)	Hangman for Atari VCS 2600 é um jogo de quebra-cabeça desenvolvido pela Atari. Esta é a adaptação do jogo da forca para videogame. O princípio é exatamente o mesmo: você deve adivinhar a palavra que o computador ou outro jogador escolheu sugerindo letras. A cada erro, o desenho do enforcado é revelado. O objetivo do jogo é encontrar o máximo de palavras possível.
Hard-Head (USA) (Proto)	Este misterioso protótipo foi encontrado em um ferro-velho em 1998 por Ben Liashenko. Uma vez que o rótulo que existia para este jogo há muito caiu, não temos ideia de qual possa ser a identidade deste jogo. Neste jogo você controla um pequeno alienígena que deve usar os blocos na parte inferior da tela para construir uma torre e escapar. Conforme os blocos descem rolando pela esteira, você deve pular e chocá-los para que caiam em algum lugar da tela. Depois de ter construído uma pequena torre agradável, você deve pular com cuidado na esteira rolante e, em seguida, escalar a torre para a próxima tela. Os gráficos e sons deste jogo são de primeira qualidade; é óbvio que muito trabalho foi dedicado a este jogo. Tudo, desde a animação suave do seu personagem até a sequência fofa &quot;Can-Can&quot; no início do jogo (sim, você leu certo) grita qualidade. Então, por que este jogo nunca foi lançado? Infelizmente, ninguém além do programador sabe a resposta para isso. Uma possibilidade é que ele ou ela tenha saído da Activision antes de o jogo ser concluído.
Harem (USA) (Proto)	No início, há disparos de metralhadoras atiradores vindos dos arbustos. Quando o atirador para brevemente para recarregar, você pode passar correndo. Para alcançar a 2ª mulher, você deve pular sobre o lago. Corra até o último momento e pressione o botão para pular. Se você pular cedo demais, você cairá na água. Depois da mulher na ilha, você passa para o nível acima, onde tem que correr por um dragão cuspidor de fogo. Você tem o tempo certo para correr quando ele parar de soprar fogo. Você só pode chegar ao buraco no chão. Aperte o botão para entrar e uma mulher aparece. Se você ficar muito ganancioso aqui, ela se transforma em uma cobra e ... Ai! É hora de sair do buraco para evitar o dragão e fugir da tela para a esquerda. Você estará então no nível superior, onde terá que perseguir uma mulher. Enquanto isso, gárgulas aparecem em posições aleatórias e soltam lava derretida. Se uma gárgula aparecer sobre você quando você estiver &quot;marcando pontos&quot; com ela (ouça o som de aviso), você deve apertar o botão para soltá-la e correr. Você pode pegá-la novamente e continuar indefinidamente, exceto que as gárgulas aceleram cada vez que você a pega. Quando você chega aos 69 pontos, ganha outra vida (começa com 3).
Haunted House (USA)	Você está preso em uma mansão escura, mal-assombrada e empoeirada. Para escapar, encontre os pedaços da urna mágica. Você encontrará tarântulas peludas gigantes, morcegos vampiros e um fantasma ameaçador. Você pode encontrar a urna e escapar da mansão antes mesmo de &quot;temer morrer&quot;?
Hobo (USA) (Proto)	A vida nas ruas não é nada fácil, e o carismático mas azarado protagonista de Hobo sabe bem disso. Sua missão é guiá-lo em uma jornada de sobrevivência urbana dividida em três fases distintas e repletas de perigos, tudo sob uma perspectiva isométrica e com mecânicas inspiradas no clássico Frogger. Na primeira etapa, o desafio é cruzar uma perigosa avenida de sete faixas repleta de carros em alta velocidade, onde um único erro de cálculo pode ser fatal. Conseguindo atravessar o tráfego, o cenário muda para a fachada de um grande edifício em obras; ali, o herói precisa escalar andaimes e subir escadas com agilidade, coletando itens enquanto desvia de patrulhas policiais implacáveis decididas a levá-lo para a prisão. Por fim, a jornada atinge seu ápice nos trilhos de trem, onde é necessário saltar com precisão cirúrgica sobre os tetos de vagões de carga em movimento para escapar de vez.
Hole Hunter (USA)	Você tem 20 minutos restantes para acertar os ratos correndo com seu martelo antes de ir para um piquenique nesta manhã ensolarada. No entanto, não se apresse, ou você vai cair no buraco onde vivem os ratos. Além disso, tome cuidado com a cobra cuja picada é mortal. Se você deixar cair o martelo, terá de recuperá-lo. Agora, bata no máximo de ratos que puder.
Holey Moley (USA) (Proto)	Cada torre é composta por vinte e cinco moles. Quando uma toupeira sai de seu buraco, pressione o botão correspondente no controlador para acertá-la. Quanto mais rápido você acertar, mais pontos você obterá. Se King Mole aparecer, acerte-o para obter pontos ainda mais altos. Cuidado com a bolota. Se isso acontecer, não bata nele, vai custar-lhe pontos.
Home Run ~ Baseball (USA)	O jogo pode ser jogado contra o computador ou com outro jogador. Você tem a opção de ter 1, 2 ou 3 jogadores em campo. Como lançador, você usa o joystick para lançar a bola e controlar sua velocidade e curva. Depois que a bola é rebatida, você controla todos os seus homens (todos se movem juntos, pois seguem as ordens de um único joystick) no campo para pegar a bola. Como rebatedor, você pode controlar a posição do taco de beisebol com o joystick. Se você considerar que seus corredores chegarão à próxima base, você pode pressionar o botão de controle para que eles parem na base atual. O resto das regras são basicamente como o beisebol real. Cada equipe tem nove entradas em um jogo. Você está fora após três rebatidas, chega à primeira base depois de quatro bolas (bolas que não voam sobre o Home) ou se o arremessador acertar você com uma bola. No campo, você pode lançar um rebatedor pegando sua bola, então outro corredor alcançando sua próxima base antes dele ou simplesmente tocando-o entre as bases, completando assim uma jogada dupla. A única maneira de realizar um home run é acertar a bola na segunda base, sem que seja pega pelos jogadores em campo. Você marca um ponto para cada corredor que chegar à base inicial após cada um dos três primeiros.
Human Cannonball ~ Cannon Man (USA)	O jogador deve disparar um canhão no ângulo e velocidade corretos para disparar uma bala de canhão humana (um homem disparado de um canhão) em uma torre de água . cada vez que o jogador registra um &quot;acerto&quot;, ele recebe um ponto, enquanto o computador recebe um ponto cada vez que o jogador erra, sendo o lado vencedor o primeiro a conseguir sete pontos. Oito modos diferentes de jogo estão disponíveis, com as diferenças entre os modos de jogo decidindo se o jogador pode variar a distância do canhão à torre. O jogador também pode variar o tamanho da torre de água para torná-la mais fácil de acertar O jogo pode ser jogado no modo de um jogador ou em um modo de dois jogadores, onde cada jogador se reveza.
Hunt & Score ~ Memory Match (USA)	Hunt & Score para Atari VCS 2600 é um jogo de quebra-cabeças desenvolvido pela Atari. Operando com base no princípio da memória, o objetivo do jogo é formar pares. Estão disponíveis várias opções de jogo adicionais (número de caixas para virar, handicap para um jogador e possibilidade de ter um coringa).
I Want My Mommy (USA)	O jogador controla um estranho personagem que deve subir as escadas da plataforma para chegar ao topo. Para subir até a plataforma mais alta, o jogador deverá ativar as escadas, que são marcadas por pontos que piscam, ao liberar todas as escadas, o jogador terá acesso ao andar superior, podendo assim liberar a entrada dos soldados e seguir para o próximo nível.
I.Q. 180 (USA)	I.Q. Memory Teaser é um jogo de combinação. Enquanto a música toca, você deve se lembrar das posições de todas as letras em dois painéis. Em seguida, você deve combinar as letras do primeiro painel com as letras do segundo.
Ice Hockey (USA)	O Ice Hockey é um jogo de hóquei no gelo para um jogador contra o computador ou dois jogadores. Cada equipe é composta por dois jogadores, um ofensivo e um defensivo. A qualquer momento, um jogador está ativo e pode ser controlado enquanto o outro permanece inativo; se o disco estiver perto de seu gol, o jogador defensivo se torna ativo, caso contrário, você controla o jogador atacante. Cada jogador tem a habilidade de bater no disco em uma variedade de ângulos e pode até mesmo fazer check do corpo do oponente! O jogo dura três minutos, e quem marcar mais pontos ao final do tempo vence. O jogo pode ser jogado em velocidade normal ou alta e, opcionalmente, um dos jogadores pode ser prejudicado para dar mais vantagem a um jogador inexperiente.
Ikari Warriors (USA)	ocê é um membro daqueles especialistas em combate de elite, os Guerreiros Ikari. Você e seu amigo estão em uma missão especial atrás das linhas inimigas, e você dormiu, comeu e respirou em combate na selva nas últimas duas semanas. Você está cansado, mas isso nunca afeta seu julgamento afiado e sua vontade de sobreviver. Suas principais armas são metralhadoras, granadas e sua própria astúcia diante do perigo. Às vezes, você terá um tanque à sua disposição, o que é útil quando o fogo inimigo é particularmente brutal. Você se move rapidamente pela selva, nadando rios e descansando de vez em quando nas ruínas de edifícios bombardeados. Você está perdendo munições e granadas, mas sabe que a batalha não pode durar para sempre. Mais cedo ou mais tarde, um lado sairá vitorioso. Vamos torcer para que seja o seu!
Immies & Aggies (USA) (Proto)	Immies and Aggies é um jogo de tiro estranho que envolve mármores (sim mármores). Para você ver, Immies e Aggies são na verdade tipos de mármores (Aggies são ágatas, enquanto Immies são imitações de vidro de ágatas), embora pelos gráficos do jogo você realmente não possa dizer. Na verdade, os gráficos consistem principalmente em quadrados que parecem ser colocados aleatoriamente na tela. Se você apertar os olhos e olhar fixamente para a tela, pode quase imaginar que esses quadrados são qualquer coisa (bolas de gude, bases alienígenas, carros E.T., etc.). No entanto, os gráficos ruins realmente não distraem muito da jogabilidade ruim.
Indy 500 (Europe)	Indy 500 é um jogo de corrida jogado de um ponto de vista de cima para baixo. No jogo para um jogador, seu objetivo é completar o máximo de voltas possível em 60 segundos. No jogo para dois jogadores, o primeiro jogador a completar 25 voltas vence! Estão incluídas várias pistas de corrida diferentes, dois níveis de dificuldade e variações de jogo adicionais chamadas corrida no gelo, tag e crash 'n score. Na corrida no gelo, a pista está congelada, fazendo com que seu carro escorregue com frequência e dificultando a direção. Na tag, um jogador é &quot;isso&quot; e precisa marcar o outro jogador. Para cada segundo que você corre sem ser marcado, um ponto é ganho. Por último, no crash 'n score, o objetivo é colidir com os alvos que aparecem na pista de corrida. O primeiro jogador a colidir com o alvo ganha um ponto, e então um novo alvo aparecerá em outro lugar na pista.
Indy 500 ~ Race (USA)	Indy 500 é um jogo de corrida jogado de um ponto de vista de cima para baixo. No jogo para um jogador, seu objetivo é completar o máximo de voltas possível em 60 segundos. No jogo para dois jogadores, o primeiro jogador a completar 25 voltas vence! Estão incluídas várias pistas de corrida diferentes, dois níveis de dificuldade e variações de jogo adicionais chamadas corrida no gelo, tag e crash 'n score. Na corrida no gelo, a pista está congelada, fazendo com que seu carro escorregue com frequência e dificultando a direção. Na tag, um jogador é &quot;isso&quot; e precisa marcar o outro jogador. Para cada segundo que você corre sem ser marcado, um ponto é ganho. Por último, no crash 'n score, o objetivo é colidir com os alvos que aparecem na pista de corrida. O primeiro jogador a colidir com o alvo ganha um ponto, e então um novo alvo aparecerá em outro lugar na pista.
Infiltrate (USA)	Você é um agente secreto enviado em uma importante missão para recuperar documentos inimigos. Existem assassinos inimigos tentando impedi-lo.
International Soccer (USA)	Este jogo é para 2 jogadores apenas. Nesta versão do futebol, cada jogador controla 4 homens, mas apenas um de cada vez. O computador move os outros 3 para você. Um goleiro controlado por computador ajudará quando um gol for tentado. Acerte a bola por 90 minutos e tente marcar mais do que seu oponente.
IQ 180 (USA)	I.Q. Memory Teaser é um jogo de combinação. Enquanto a música toca, você deve se lembrar das posições de todas as letras em dois painéis. Em seguida, você deve combinar as letras do primeiro painel com as letras do segundo.
Ixion (USA) (Proto)	Ixion é uma versão do inédito Sega de 1983 com o mesmo nome, Ixion é um jogo interessante que não parece jogar como qualquer outro na biblioteca 2600. Seu objetivo em Ixion é pegar os cinco quadrados brancos espalhados pela tela e soletrar a palavra Ixion antes que seu tempo acabe. No início de cada nível, apenas alguns quadrados são visíveis e, para se locomover mais facilmente, você deve primeiro revelar os quadrados que faltam. Para revelar os quadrados que faltam, o jogador deve mover uma esfera marrom sobre um quadrado vazio. Esta esfera é normalmente estacionária, mas pode ser movida atirando ou se chocando contra ela. Isso envia a esfera quicando pela tela, revelando quadrados e destruindo inimigos em suas viagens. Após um curto período de saltos em torno da esfera irá parar, obrigando o jogador a movê-la novamente para revelar mais quadrados. Aprender como mover a esfera para onde você quiser é a chave para dominar o Ixion. Também se movendo pela grade do jogo estão drones inimigos, que tentarão destruir sua nave. Infelizmente, seus tiros destroem as telhas, tornando seu caminho muito mais difícil de atravessar. Drones inimigos só dão um tiro para derrotar, mas vão tirar o ladrilho em que estão quando explodem.
James Bond 007 (USA)	Em James Bond 007, você controla James Bond em sau nave polivalente. Sua nave pode viajar tanto por terra quanto por mar, pode pular sobre perigos ou atirar em inimigos em diferentes níveis. Se você conseguir completar todas as missões, você ganha o jogo! Boa sorte, Sr. Bond.
Jawbreaker (USA)	Originalmente planejado para ser um clone do Pac-Man relativamente simples, Jawbreaker surgiu como uma versão relativamente inventiva com uma jogabilidade única. Ele foi amplamente elogiado pela crítica e se tornou um grande vendedor da Sierra Online. A história de sua criação faz parte do livro de Steven Levy, Hackers.
Journey Escape (USA)	Você está na estrada com a banda de rock Journey! Após cada show, seu objetivo é guiar os cinco membros da banda até o veículo de evacuação para que eles possam chegar ao próximo show a tempo. Você começa com $ 50.000 do show e tem que guiar um membro da banda por vez; a tela rola verticalmente e você deve superar a multidão e vários obstáculos antes que o tempo acabe.
Joust (USA)	Em Joust, os jogadores assumem o controle de um cavaleiro com uma lança que monta seu avestruz voador (ou cegonha, para o Jogador 2) para lutar contra cavaleiros malignos controlados por computador que montam em abutres. Os jogadores devem bater as asas de seus corcéis para atingir o inimigo de um ponto de vista mais alto para destruir o abutre e seu cavaleiro. Assim que o inimigo for atingido, um ovo cai em uma das plataformas abaixo. Os heróicos cavaleiros devem destruir os ovos antes que eclodam e libertem novos e cada vez mais difíceis cavaleiros. As três forças dos cavaleiros inimigos são Bounder (cavaleiro vermelho), Hunter (cavaleiro branco) e Shadow Lord (cavaleiro azul). Esses cavaleiros inimigos não são o único desafio encontrado no jogo. Os jogadores também devem enfrentar plataformas em ruínas, trolls de lava que tentam puxar cavaleiros para o fogo e o temido pterodáctilo &quot;imbatível&quot; (?). O jogo era inovador para a época por ser um dos poucos jogos simultâneos para dois jogadores no fliperama.
Jr. Pac-Man (USA)	Jr. Pac-Man oferece jogabilidade semelhante ao Pac-Man original, mas com algumas modificações. Como um Jr. você tem que comer todos os pontos em um labirinto sem encontrar os quatro fantasmas que tentam pegá-lo. O labirinto agora é muito maior e não cabe mais em uma tela. O labirinto irá rolar para seguir a ação. De vez em quando, um saboroso bônus salta pela tela que pode ser comido para ganhar pontos extras. Existem triciclos, pipas, tambores, balões, trens, cervejas e outros bônus que aparecem conforme os níveis progridem.
Jungle Fever (USA)	Jungle Fever é simplesmente uma versão de Burning Desire em que seu namorado é levado para o sacrifício e você tem que salvá-lo enquanto evita as pedras atiradas pelas Amazonas. para alcançar a princesa. Você tem que enfrentar um crocodilo de castração e um troll.
Jungle Hunt (USA)	Jungle Hunt oferece quatro experiências únicas de aventura, que se repetem com maior dificuldade quando as quatro sobrevivem. Se você não sobreviver a essas aventuras, não apenas perderá sua própria vida, mas a da adorável Penélope, que foi capturada por canibais! A primeira parte desafia suas habilidades em Tarzan - você pode balançar nas videiras sem cair na sua desgraça? A segunda parte coloca você contra um monte de crocodilos desagradáveis ​​em um rio poderoso. Felizmente, você tem uma faca para revidar. Não se esqueça de subir no ar! Na terceira parte, você enfrenta uma batalha contra rochas de tamanhos e física variados. Depois de eliminar todos esses perigos traiçoeiros, você ainda deve enfrentar o temido canibal, que está armado com uma lança perversa. Você pode passar por ele e salvar a adorável Penélope? A jogabilidade envolve muito salto estratégico e jogo de facas (na fase rio / crocodilo). A vista é sempre uma vista lateral, bem como Pitfall! e jogos de plataforma posteriores.
Kabobber (USA) (Proto)	Kabobber era originalmente um protótipo de jogo programado por Rex Bradford, conhecido por seu trabalho em Star Wars: The Empire Strikes Back e Star Wars: Jedi Arena. Foi descoberto em 2000 e melhorou um pouco antes de ser lançado ao público em formato ROM. Kabobbers são criaturinhas estranhas (mas fofas) que adoram causar estragos. Seu objetivo é enviar seus Buvskies para krush os Kabobbers antes que eles krush você. Você pode ter até nove Buvskies na tela ao mesmo tempo, mas você tem reservas esperando fora da tela, caso um deles seja eliminado. Você move seus Bruvskies pela grade, saltando sobre os Kabobbers inimigos para derrotá-los e ganhar Bruvskies de reserva adicionais. Os bebês Bruvskies se tornam grandes quando derrotam um inimigo. Os inimigos ficam cada vez mais difíceis, o que significa que é necessário um timing muito bom nas fases posteriores. Acima de tudo, você deve alcançar a Princesa Buvsky antes que ela alcance a energia do arco-íris na outra extremidade do nível e a devore. Um jogo único, mas divertido.
Kaboom! (USA)	O homem-bomba louco está à solta! Enquanto ele corre para frente e para trás no topo da tela, você precisa pegar as bombas que ele joga em baldes d'água. Um ponto é ganho para cada bomba capturada, mas perca uma das bombas e Kaboom! Conforme os níveis progridem, o homem-bomba louco se move cada vez mais rápido e solta mais e mais bombas. Você começa o jogo com três baldes e perde um cada vez que uma bomba não é capturada. O jogo termina quando todos os seus baldes de água acabarem.
Kamikaze Saucers (USA) (Proto)	Kamikaze Saucers foi um jogo de 2600 pouco conhecido que a maioria das pessoas achava que nunca havia sido iniciado. No entanto, depois que o programador deu a imagem da rom para o Atari Age para ser distribuída para a comunidade de jogadores, o jogo provou ser muito real. Não houve menção de Kamikaze Saucers em qualquer lista de jogos, mas a Syncro tirou anúncios de página inteira do jogo, então eles devem estar perto de lançá-lo. Todas essas coisas tornam este protótipo ainda mais interessante, e nos faz pensar que outros jogos a Syncro pode ter em desenvolvimento.
Kangaroo (USA)	bebê Roo foi sequestrado por macacos e cabe a Mama Roo vir em seu socorro! Seu canguru começa na parte inferior da tela. Você tem que guiar o canguru pelas várias escadas e plataformas até o topo onde Baby Roo está sendo mantido em cativeiro.
Karate (USA)	Karate no Atari VCS 2600 é, como o nome sugere, um jogo de luta dos caratecas. Sozinho ou em pares, você pode lutar com uma infinidade de golpes que lhe darão mais ou menos pontos. O objetivo é ganhar mais pontos que o adversário antes que o tempo acabe.
Keystone Kapers (USA)	&quot;FLASH ESPECIAL! Harry Hooligan, um notório vigarista, ladrão e pessoa não tão legal, escapou! Ele foi avistado perto do Empório Southwick. Agora mesmo, Hooligan está frustrando todas as tentativas. De pôr fim às suas ações.&quot;nn“No local fica Keystone Kelly, o orgulho da nossa Polícia. Policial Kelly, qual é a situação? &quot;nn&quot;Oh, é uma pena! Feitos incríveis! Atos vis e indescritíveis! Este bandido tem tudo na ponta dos dedos! Carrinhos de supermercado, biplanos em miniatura, bolas de praia - até mesmo rádios antigos. Central. Cuidaremos daquele bruto grosso! &quot;nn&quot;Esse bandido com roupa de dois tons continuará a ser um problema real para Keystone, ou VOCÊ vai ajudar o Maior Detetive a pegar aquele patife?nnPegue seus bastões e joysticks! O recesso está quase acabando, Hooligan! &quot;
King Kong (USA)	King Kong levou uma mulher ao topo do Empire State Building. Depende de você salvá-la, mas não será fácil. Kong joga bombas em você.
Klax (USA)	Klax é um jogo 3D no Atari VCS 2600. O objetivo é coletar blocos de cores e posicioná-los para atingir o (s) padrão (ões) solicitado (s). Quanto mais os níveis avançam, mais rápido os blocos chegam e mais complicados os padrões ficam.
kleine Bar, Der (Germany)	Você é um esquimó que quer construir um iglu para morar durante a estação fria. Para fazer isso, você deve pular de bloco de gelo em bloco de gelo, evitando animais selvagens, como pássaros e caranguejos. Entrar em contato com qualquer um deles fará com que eles o empurrem para fora do quarteirão e caiam na água mortal. Depois de construir seu iglu, você deve entrar nele para prosseguir para o próximo nível. Lembre-se, você deve construí-lo antes que a temperatura caia para 0 °. Você tem quatro vidas.
Knight on the Town (USA)	Em Knight on the Town, você interpreta um cavaleiro que precisa atravessar o fosso para salvar uma princesa rechonchuda, mas a única maneira de atravessar é o cavaleiro construir uma ponte levadiça, peça por peça. Durante a construção da ponte, o cavaleiro deve evitar o fogo de um dragão, um crocodilo nadando no fosso e um pequeno gremlin com uma boca grande para morder o pênis do cavaleiro. Para piorar as coisas, o gremlin se move mais rápido para cada pedaço de ponte colocado. O objetivo deste jogo é atravessar uma ponte levadiça concluída e subir ao topo da torre para pegar a princesa no menor tempo. Para Lady in Wading, um príncipe estudioso é raptado e uma amazona toma o lugar do cavaleiro.
Kool-Aid Man (USA)	Quando os problemáticos Thirsties põem em prática seu plano de drenar a água da piscina local com seus canudinhos, cabe ao Homem Kool-Aid pará-los! O homem do Kool-Aid deve reunir uma mistura de refrigerante Kool-Aid para travar e acabar com o esquema dos Thirsties. Os três ingredientes são água (W), açúcar (S) e Kool-Aid (K). Se o Thirsties tocar o Kool-Aid Man, ele salta pelo quintal, perdendo tempo, e a piscina fica ainda mais drenada. Se os Thirsties conseguirem drenar a piscina, é &quot;Game Over&quot; para Kool-Aid Man. Se Kool-Aid Man tiver sucesso, ele vence e passa para o próximo nível de dificuldade. Oh sim!
Krull (USA)	Krull é um jogo de ação com várias partes baseado no filme de mesmo nome. Uma besta e seu exército vagaram pelo espaço até finalmente pousar no planeta distante de Krull e devastar todo o planeta. Mas existe uma profecia que fala de um rei e uma rainha que um dia assumirão o controle do planeta. Esses futuros líderes são a Princesa Lyssa e o Príncipe Colwyn. Mas antes do casamento, a Princesa Lyssa é capturada pela fera! Você desempenha o papel do Príncipe Colwyn com o objetivo de salvar Lyssa e destruir a fera.
Kung Fu Superkicks (Europe)	Neste jogo de ação, você joga como Chuck Norris em uma missão para chegar a um mosteiro onde um governante importante é mantido como refém. O jogo consiste em várias telas diferentes: no início e entre as lutas, você verá uma vista do caminho que leva ao mosteiro. Ao caminhar no caminho, você encontrará muitos inimigos. Durante o combate, a visão muda para um close-up de sua localização atual. Ao pressionar o botão do joystick e mover o joystick em uma das quatro direções, você pode executar diferentes chutes, socos e bloqueios. Os inimigos que você encontra são variados e alguns só podem ser derrotados com certos acertos. O caminho que você está percorrendo às vezes pode ser dividido em duas ou mais opções;
Kung-Fu Master (USA)	Uma conversão do jogo de arcade de mesmo nome, que por sua vez é vagamente baseado em um filme, Kung-Fu Master é um jogo de ação side-scrolling para um ou dois jogadores, que se alternam. X capturou o batedor de carteiras Sylvia e cabe a Thomas, um mestre de kung fu dono de um restaurante, resgatá-la. Ela está localizado no último andar do castelo do Sr. X e Thomas terá que lutar para chegar ao topo. Claro, não será fácil, pois cada andar tem muitos oponentes para derrotar e um chefe de andar no final de cada nível. Thomas é capaz de se mover para a esquerda e para a direita, pular, esquivar, socar e chutar. Projéteis inimigos, como facas, podem ser lançados ao ar contra o inimigo. No último andar está o próprio Sr. X.
Kyphus (USA) (Proto)	Parecendo um pouco com uma mistura de Racquetball e Caverna Espacial, Kyphus é um jogo estranho em que o jogador deve manobrar um cara atarracado através de um labirinto de salas pseudo-3D evitando o que parece ser uma nuvem brilhante que atira lasers, enquanto é seguido por um robô multicolorido que pode ser apenas um macaco disfarçado. Infelizmente, este protótipo está muito incompleto. Parece não haver detecção de colisão, poucos sons e quase nenhuma jogabilidade. A única coisa que realmente se pode fazer neste protótipo é mover de sala em sala, embora, sem nenhuma detecção de colisão implementada, não haja ameaça do robô ou da nuvem. Cada sala do labirinto parece ter uma cor diferente e tem de três a quatro saídas (duas nas laterais e uma na parte superior e inferior). O labirinto é composto por 64 quartos, mas não parece ter um padrão definido.
Lady in Wading (USA)	Lady In Wading é uma versão reversa do gênero de Knight On The Town, no qual você é uma cavaleira que tenta se juntar ao seu príncipe. O jogo é idêntico de outra forma, incluindo a “recompensa” sexual no final.
Laser Blast (USA)	Em Laser Blast, você controla uma espaçonave intergaláctica e precisa destruir as forças terrestres inimigas. Usando suas explosões de laser, tente destruir os veículos inimigos que aparecem três de cada vez. Mas tome cuidado, eles estão totalmente armados com seus próprios lasers e não têm a intenção de permitir que você os tire facilmente! Quanto mais veículos inimigos você destruir, mais pontos ganhará. Se você for atingido por uma explosão de laser, sua espaçonave cairá no chão e se espatifará. Ao ser atingido, você ainda tem uma última chance de derrotar um inimigo manobrando a espaçonave para aterrissar em cima dela.
Laser Gates (USA)	Laser Gates é um atirador de rolagem lateral. Detonadores à prova de falhas dentro do críptico computador não funcionaram corretamente e seu trabalho é pilotar uma nave espacial para destruí-los antes que explodam. A passagem estreita pela qual você precisará voar é bem protegida: campos de força mortais aparecem e desaparecem, lançadores de foguetes atacam e morcegos de bytes mortais entrarão em seu caminho. Sua nave tem um escudo limitado; cada vez que você é atingido por um desses inimigos, o escudo perde energia. Quando a energia do escudo acaba, o jogo termina. Também fique atento para os pods de energia que podem reabastecer o escudo (eles não aparecem com frequência, então certifique-se de não perder nenhum)! Para lidar com alguns dos inimigos e obstáculos, sua nave está equipada com um laser. Naturalmente, sua missão é cronometrada: você precisará fazer o seu caminho até o próximo detonador antes que o tempo expire e ele exploda! Os pontos são ganhos desativando os detonadores, destruindo inimigos e conseguindo passar pelos campos de força.
Lasercade (USA) (Proto)	Limpe todos os alvos na parte de trás da galeria dentro do limite de tempo determinado. O jogo termina se você não conseguir fazer isso. Você começa com 4 na primeira rodada e uma nova e menor é adicionada a cada 2 rodadas que você limpa (até 8).
Lilly Adventure (USA)	Lilly Adventure é um jogo de plataforma lançado pela Home Vision. O objetivo é correr e saltar sobre obstáculos estáticos e móveis enquanto se move pela tela. O jogo é dividido em vários níveis, com o jogador indo da esquerda para a direita em cada nível.
Lochjaw (USA)	Você é um mergulhador em um labirinto subaquático. Diamantes preciosos são encontrados em todo o labirinto, e seu objetivo é coletar o maior número possível. No meio da tela está uma gaiola de tubarão por onde você começa.
Lock 'n' Chase (USA)	Lock 'n' Chase é um jogo de arcade de ação semelhante ao Pac-Man. Você joga como um ladrão que está preso em um labirinto. Para sair, você precisa coletar todos os pontos dourados localizados no labirinto. Sua tarefa não será fácil, pois há quatro policiais no cofre que estão constantemente tentando pegá-lo! Em todo o labirinto existem inúmeras portas. Conforme você corre pelo labirinto, você tem a capacidade de fechar temporariamente uma porta na tentativa de bloquear a polícia. Você só pode fechar duas portas por vez, e todas as portas fechadas se abrem automaticamente após um curto período de tempo. Quando todo o ouro do labirinto for coletado, a saída para o cofre será aberta e você poderá escapar e passar para o próximo cofre mais difícil. Ocasionalmente, um item de bônus aparecerá no labirinto, como um saco de dinheiro, coroa ou mala, que pode ser coletado para ganhar ainda mais pontos.
London Blitz (USA)	Durante a Segunda Guerra Mundial, os bombardeiros alemães transformaram a vida cotidiana em Londres em um pesadelo. A maioria das bombas explodiu com o impacto, mas algumas permaneceram por horas, dias ou semanas antes de explodir. Cabia aos Engenheiros Reais encontrar e desarmar essas bombas não detonadas antes que explodissem. Como um cabo de lança dos Engenheiros Reais, é sua responsabilidade desarmar essas bombas.
Looping (USA) (Proto)	Looping é um protótipo inédito para o Atari 2600 baseado no jogo de arcade Venture Line de 1981 com o mesmo nome. Não se sabe por que este jogo nunca foi lançado, já que parece estar completo e teria sido um dos melhores títulos lançados pela Coleco no 2600. É bastante parecido com a versão ColecoVision do jogo em termos de jogabilidade, mas é um jogo difícil, qualquer um dos quais poderia ser uma razão pela qual não foi lançado.
Lord of the Rings, The - Journey to Rivendell (USA) (Proto)	O Senhor dos Anéis: Viagem a Valfenda tem sido objeto de especulação por muitos anos por colecionadores da Atari. Agora, um dos mais procurados protótipos do Atari 2600 está finalmente disponível. Qual é a história, você pergunta?nnEm 1983, a Parker Brothers incluiu este jogo em um de seus catálogos. Fãs de videogame e Tolkien ficaram empolgados com este anúncio, mas a espera seria em vão. O Senhor dos Anéis nunca foi lançado, e Parker Brothers informou às pessoas que ligaram e pediram o jogo que ele estava esgotado em uma tentativa de encobrir o fato de que nunca foi publicado.
Lost Luggage (USA)	Você está no aeroporto tentando retirar sua bagagem do carrossel. No entanto, o carrossel está fora de controle e está jogando bagagens para todos os lados! Você precisa pegar toda a bagagem que for jogada fora, ou todas as suas roupas ficarão espalhadas pelo aeroporto. Conforme os níveis progridem, mais e mais bagagem precisará ser capturada e a velocidade do jogo aumenta. Existem dois níveis de dificuldade disponíveis; o modo mais fácil oferece dois homens para pegar a bagagem e o modo mais difícil oferece apenas um homem. Várias outras variações de jogo também estão disponíveis: se a opção de mala de terrorista estiver habilitada, malas explosivas aparecerão ocasionalmente. Se você não conseguir pegá-los, o jogo termina imediatamente, independentemente de quantas vidas você ainda tem. Se a opção de controle de malas estiver habilitada durante um jogo para dois jogadores, você poderá controlar a direção das malas de seus oponentes.
M.A.D. (USA)	M.A.D. (que significa Missile Attack and Defense) é um jogo de ação arcade um pouco semelhante ao Missile Command. Você controla um canhão de fótons na parte inferior da tela e seu objetivo é proteger seis estações de energia localizadas à sua esquerda e direita. Ondas de foguetes e outras naves passarão pela tela e, ocasionalmente, uma cairá na tentativa de destruir uma das estações (como um aviso na maioria dos níveis, o inimigo ficará branco antes de cair). Você precisa ter certeza de atirar antes que sua estação de energia seja destruída! Quando todas as seis estações de energia acabarem, o jogo acaba. Uma variação para dois jogadores também está incluída; um jogador controlará o canhão de fótons, e o segundo jogador controla um cursor e pode selecionar quando e onde um inimigo cairá. Os jogadores alternam entre ataque e defesa nesta versão.
M.A.S.H (USA)	M * A * S * H ​​foi uma das muitas tentativas de várias empresas de software de transformar um filme ou programa de televisão de sucesso em um jogo jogável. Neste jogo, você desempenha o papel de &quot;Hawkeye Pierce&quot;, um cirurgião que trabalhava no Mobile Army Surgical Hospital # 4077 durante a Guerra da Coréia (1950-1953). Existem dois estágios principais no jogo, cada um dos quais você deve passar para passar para a próxima rodada. A primeira missão envolve resgatar soldados feridos do campo de batalha com seu helicóptero e devolvê-los à base sem serem abatidos por tanques inimigos. A segunda missão ocorre na sala de cirurgia enquanto você deve remover cuidadosamente as balas e estilhaços dos soldados feridos ... é muito semelhante ao clássico jogo de pinças &quot;OPERAÇÃO&quot; de Milton Bradley.
MagiCard (USA)	Magicard (1982) é um dos itens mais raros e peculiares do Atari 2600, funcionando não como um jogo, mas como uma ferramenta de programação pioneira para o console. Criado pela Computer Magic, o cartucho transformava o videogame em um ambiente de desenvolvimento rudimentar. Utilizando os controles de teclado (Keyboard Controllers), o usuário podia inserir códigos diretamente na tela para manipular elementos básicos do hardware do Atari. Era possível criar pequenos sprites, testar efeitos sonoros, alterar paletas de cores e entender a lógica da linguagem Assembly que movia os jogos da época. Com uma produção extremamente limitada, tornou-se uma lenda histórica e um item de colecionador altamente cobiçado.
Malagai (USA)	Você é o comandante Harrington &quot;Harry&quot; Penhasco da nave &quot;Endless Search&quot;. Você é colocado em uma base Malagai para reparos, mas agora os Malagai estão segurando seu resgate. Eles querem sua tecnologia avançada. Existem três portas de eclusa de ar por base estelar. Você deve obter a chave correta para cada porta. Cada um é segurado por um dos três Malagai. A ordem em que Malagai está segurando qual tecla é mostrada pelas imagens acima da base estelar.
Mangia' (USA)	Mãe do Céu! Isso é muita massa! Mamãe traz macarrão para a mesa. Você deve comer o macarrão, jogá-lo para o gato Frankie quando ele estiver na janela ou jogá-lo para o cachorro Sergio quando ele estiver embaixo da mesa. Você tem quatro vidas. Se você comer mais de 20 pratos de massa, irá estourar (literalmente) e perder 1 vida. Se mais de 9 pratos de massa forem colocados na mesa, ela desabará e você perderá 1 vida. Para comer macarrão, você move o joystick para a direita e depois para a esquerda. Para jogar macarrão para um animal de estimação, você move o joystick para a direita e depois para cima ou para baixo em um movimento suave. Você deve jogar quando a Mama estiver de costas e o gato estiver na janela ou o cachorro estiver no lugar certo embaixo da mesa. Se você jogar comida no chão ou na janela quando o animal não estiver em posição ou se mamãe vir você jogar comida para um animal de estimação, ela trará 3 pratos da próxima vez. Lembre-se, mais nove pratos sobre a mesa e é chegerci una vita (adeus uma vida).
Marauder (USA)	Você pousou em um planeta estranho e penetrou na base inimiga defendida por robôs de ataque armado. Sua missão é encontrar o caminho para o coração da base e destruir o centro de poder do sistema de armas do inimigo. Você começa no lado direito de uma sala, selecionada aleatoriamente. Você deve passar por várias salas, matando ou evitando os quatro robôs pelo caminho. Você precisa encontrar o centro de energia e atirar nele para passar desse nível. Você deve fazer isso antes que o cronômetro na parte inferior se esgote. Depois de atirar no centro de energia, você receberá o tempo restante como bônus. Você é então enviado para uma nova sala para começar de novo, mas agora há cinco robôs por sala. Pegue o centro de energia novamente e haverá seis por sala. Pegue o centro de energia novamente e você retornará para quatro robôs por sala, mas mais rápido. Em algumas salas, você encontrará aleatoriamente uma armadura mágica que o tornará invulnerável por um curto período de tempo.
Marine Wars (USA)	Marine Wars é um jogo lançado no Atari VCS 2600. O jogador joga um barco e deve destruir todos os navios e aviões que se aproximam dele.
Marineflieger (Europe)	Você comanda o avião de combate Sea Hawk nesta batalha militar! Sua missão é destruir os helicópteros e navios inimigos que passam pela zona de combate. Mas cuidado ! Navios inimigos atacarão seu Sea Hawk com mísseis mar-ar que podem te pegar de surpresa. E os helicópteros inimigos enviarão um fluxo constante de tiros de metralhadora. Ganhar depende de sua mão firme e raciocínio rápido. Se o seu Sea Hawk for atingido, seu piloto será lançado de paraquedas. Mas cabe a você salvá-lo, guiando-o até um de seus navios. Se ele pousar no oceano ou em um navio inimigo, ele morre.
Mario Bros. (USA)	O carpinteiro Mario e seu irmão Luigi estão fazendo isso de novo !! Desta vez, eles estão lutando contra uma multidão de parasitas rastejantes - criaturas bizarras chamadas Shellcreeper, Fighterfly ou mesmo Sidestepper. Teste suas habilidades livrando o chão de tijolos desses insetos e jogando-os na água. MÁRIO BROS. tem todos os recursos do sucesso de arcade, incluindo a opção de dois jogadores que permite que você se junte ou compita contra um amigo. GRÁFICOS SOBERBOS! DIVERSÃO PARA TODA A FAMÍLIA! DESAFIE UM AMIGO!
Master Builder (USA)	Master Builder é um jogo de construção lançado no Atari VCS 2600. O jogador deve construir edifícios cada vez mais altos para subir de nível.
Masters of the Universe - The Power of He-Man (USA)	Em Masters of the Universe, você controla He-Man enquanto ele luta contra Skeletor em dois tipos diferentes de cenas de ação de arcade. Na primeira parte do jogo, você controla o Wind Raider voando em direção ao Castelo Grayskull. Você tem uma quantidade limitada de combustível para chegar ao seu destino, além de inúmeras bolas de fogo voando pela tela tentando pará-lo e Skeletor estará correndo ao longo do solo. O Wind Raider está equipado com bombas e armas que podem ser usadas para se defender das bolas de fogo, e também pode ganhar pontos de bônus se você acertar o Skeletor. A segunda parte do jogo acontece a pé. Quando você pousar perto do castelo, He-Man precisa perseguir o Esqueleto. Skeletor irá disparar vários raios que podem ser bloqueados com um escudo. Há um limite de tempo aqui, e você deve passar por todas as telas e pegar o Skeletor antes que o tempo acabe. Se você for bem-sucedido, o jogo se repetirá em um nível de habilidade mais difícil.
Math Gran Prix (USA)	Prepare-se para uma corrida de matemática. Seu combustível, responda as questões matemáticas corretamente. Seu carro, um carro de corrida cuidadosamente ajustado, pode se mover de 2 a 3 espaços dependendo da dificuldade do problema matemático. A pista tem muitos gatilhos que podem dar espaço extra, curvas extras e até mesmo manter seu carro na pista.
Maze Craze - A Game of Cops 'n Robbers ~ Maze Mania - A Game of Cops 'n Robbers (USA)	Em Maze Craze, seu objetivo é ser o primeiro de dois jogadores a sair de um labirinto! Cada jogador controla um policial que começa na esquerda e o primeiro jogador a sair pela direita vence. O jogo também inclui uma variedade de opções. O labirinto pode ser completamente visível, completamente invisível ou ter apenas algumas partes invisíveis. Com labirintos invisíveis, você pode, opcionalmente, fazer com que o computador forneça uma prévia do labirinto completo periodicamente. Para tornar sua tarefa mais desafiadora, um a cinco ladrões também podem ser colocados no labirinto. Se você for pego por um dos ladrões, ficará momentaneamente atordoado, dando uma vantagem ao seu oponente. Você também pode dar a seu policial a capacidade de configurar um bloqueio para confundir seu oponente. Ela se parecerá com uma parede normal, mas você pode passar direto por ela. A velocidade dos jogos também pode ser ajustada, de lenta a extremamente rápida.
Mazy Match (USA) (Proto)	Tente alcançar os símbolos no topo da tela antes de ficar sem energia, percorrendo um caminho invisível em uma grade gerada aleatoriamente, evitando OVNIs e pedras jogadas por pássaros. Você pode escolher um novo caminho na parte inferior da tela.
McDonald's - Golden Arches Adventure (USA) (Proto)	Você é Ronald McDonald voando em sua nave espacial. Aliens famintos estão descendo nos Arcos Dourados abaixo para comê-los. Você deve voar até o chão e pegar a comida do McDonald's para trazer e alimentar os alienígenas, mas certos alienígenas só comem certos fast-food do McDonald's (batidos, batatas fritas, hambúrgueres), então você precisa alimentá-los com a comida certa. Se você não alimentá-los a tempo, eles começam a comer os Arcos Dourados, mas não se preocupe, você pode voar de volta ao chão e pegar pedaços para reconstruir os Arcos Dourados.
Mega Force (USA)	Você é membro da MegaForce e foi enviado para a cidade de Sardoun. Sardoun está sob ataque e você deve defendê-la. Você está armado com a Moto-Fighter, uma espécie de motocicleta armada capaz de voar.
MegaBoy (USA)	Este jogo educacional de 64K veio embalado com o MegaBoy portátil.
MegaMania - A Space Nightmare (USA)	Em Megamania, a jogabilidade lembra a de Space Invaders. Em vez de alienígenas ou naves espaciais, neste jogo os inimigos são vários objetos, como hambúrgueres, gravatas-borboleta ou ferros a vapor. O objetivo é derrubá-los antes que a barra de energia na parte inferior da tela se esgote.
Meltdown (USA) (Proto)	Não deve ser confundido com o jogo Atari de mesmo nome (que foi lançado para o 7800), Meltdown foi um dos últimos títulos da 20th Century Fox a ser desenvolvido, mas nunca foi lançado. Embora Meltdown tenha sido exibido no show CES de 1983, nunca foi visto novamente após o encerramento do show. Meltdown é basicamente um jogo de esconde-esconde naquele lugar em uma grade 4x4 de átomos. No início de cada rodada, você verá um quark desonesto se mover pelo reator, agitando os átomos. Cada vez que o quark toca um dos átomos, ele arranca alguns dos elétrons e o átomo encolhe. Assim que um átomo perder todos os seus elétrons, ele se tornará instável; se todos os átomos se desestabilizarem, o reator explodirá!
Meteor Defense (Europe)	Publicado pela Dimax e Sinmax em sua versão PAL. O objetivo do jogo é atirar em tantas estrelas cadentes, naves espaciais desconhecidas, bombas e monstros espaciais quanto possível sem ser atingido, o jogo acelera conforme o jogo avança, para tornar mais difícil para você ser atingido. Evolua conforme a pontuação aumenta .
Midnight Magic (USA)	Midnight Magic apresenta simulações de pinball da vida real com pinballs, bumpers e spinners, bem como simulação aprimorada de física de bola real. Midnight Magic também foi a primeira simulação de pinball de videogame doméstico a apresentar quatro peças em vez de duas.
Millipede (USA)	Seu jardim foi invadido por pequenos insetos rastejantes e você deve se livrar deles! Mas tenha cuidado! O MILLIPEDE, primo do famoso CENTIPEDE, é o inseto mais asqueroso! Use o controle TRACK-BALL para agir de forma rápida e eficiente.
Mind Maze (USA)	Mind Maze é jogado como aqueles antigos experimentos de leitura de mentes em que um cientista segurava um cartão e pedia a uma pessoa que lhe contasse o que havia do outro lado. Dependendo do jogo selecionado, duas a quatro cartas aparecem na tela a cada rodada. O jogador então deve tentar adivinhar a carta &quot;correta&quot;, destacando-a (usando o joystick) e pressionando o botão de disparo.
Miner 2049er - Starring Bounty Bob (USA)	&quot;Bounty Bob&quot; opera uma mina radioativa em 2049. Ajude-o a &quot;reivindicar&quot; todas as estações diferentes (várias telas). Evite o contato com organismos mutantes mortais fugindo ou pulando sobre eles. Colete vários itens deixados pelos mineiros anteriores para ganhar pontos de bônus.
Miner 2049er Volume II (USA)	Miner 2049er Volume II é um jogo de arcade lançado no Atari VCS 2600. O jogador deve cruzar uma mina nuclear eliminando ou evitando os inimigos
Mines of Minos (USA)	Você é o último robô de mineração na mina Minos. Os monstros destruíram todos os seus camaradas. Como último robô, você deve percorrer os diferentes níveis da mina, coletando peças sobressalentes para criar mais robôs (vidas extras). Você tem que evitar os monstros ou detoná-los com uma bomba. Depois de alguns segundos, se o monstro não atingir a bomba, ela explodirá sem causar danos. Você só pode soltar uma bomba por vez. Se um monstro for morto, ele se regenerará em algum lugar do labirinto. Para deixar suas peças sobressalentes, você precisa ir ao centro na parte superior ou inferior de qualquer nível. Para passar para outro nível, mantenha pressionado o botão do joystick enquanto você se move pelos túneis de cada lado. Você também pode usar esses túneis, sem segurar o botão, para chegar rapidamente ao lado esquerdo ou direito do labirinto e evitar os monstros.
Miniature Golf ~ Arcade Golf (USA)	Você pode fazer um par no golfe? Nove buracos diferentes e únicos, cada um com um obstáculo móvel para tornar a sua vida difícil, mas interessante. Grande diversão para um ou dois jogadores.
Miss Piggy's Wedding (USA) (Proto)	Miss Piggy's Wedding foi um jogo para dois jogadores criado em 1983 para o console Atari 2600. O jogo foi anunciado nos catálogos da Atari, mas nunca chegou ao lançamento final, devido ao cancelamento da série infantil pela Atari. Um protótipo do jogo foi descoberto no final dos anos 90 por um colecionador particular. O objetivo do jogo era um jogador manobrar Caco pela igreja e para fora até um táxi que o esperava, sem ser pego pela Srta. Piggy (controlada pelo segundo jogador), que insistia em que eles se casassem.
Missile Command (USA)	Alienígenas do planeta Krytol estão atacando suas cidades !! Como comandante de uma base de mísseis, é sua responsabilidade defendê-los. Uma variedade de armas e aviões inimigos chegará tentando destruir as seis cidades na parte inferior da tela. Você precisa disparar mísseis para destruir as armas que se aproximam. Se alguma coisa passar, uma de suas cidades pode ser destruída. Quando todas as cidades acabarem, o jogo acaba. Em cada nível, você tem uma quantidade limitada de munição, então certifique-se de que a maioria (se não todos) de seus tiros sejam precisos ou você pode ficar sem munição e deixar suas cidades em risco! Conforme os níveis progridem, há mais e mais armas inimigas para destruir, que chegam em um ritmo cada vez mais rápido.
Missile Control (Europe)	Missile Control é um jogo do estilo Missile Command. O jogador tem que defender suas cidades do fogo de bombas de espaçonaves alienígenas. O jogador controla um cursor na tela que indica a direção de tiro dos mísseis de defesa. Uma vez lançados, eles viajam em linha reta desde o lançador até o ponto especificado pelo jogador até atingirem um objeto. Cada nível é vencido ao destruir todas as naves alienígenas. O jogador perde quando todas as suas cidades são destruídas. Cidades bônus podem ser obtidas destruindo um número suficiente de espaçonaves alienígenas. O jogo fica cada vez mais difícil, por exemplo, as bombas cairão mais rápido e as barreiras de energia podem proteger os alienígenas dos ataques do jogador. Para contornar as barreiras, os jogadores podem desviar seus tiros de grandes mísseis de defesa lançados nas laterais da tela.
Mission 3,000 A.D. (USA)	Bom Rip-off do jogo &quot;Asteroids&quot; do Atari 2600. Você está voando no espaço, tentando se esquivar ou atirar em asteróides e escapar do inimigo.
Mission Survive (Europe)	Você está no comando do último Battle Speedster totalmente terrestre. O inimigo está ao seu redor, lançando bombas inteligentes, explodindo sua estrada e levantando obstáculos para desafiar sua habilidade e testar sua vontade de sobreviver. Você está equipado com um conjunto exclusivo de controles de direção que permitem treinar e disparar instantaneamente sua arma a laser e manobrar seu speedster como nunca antes. A ação fica cada vez mais rápida. Você testa todas as habilidades de vídeo que conhece, além de inventar algumas novas, mas sobreviverá ...
Mogul Maniac (USA)	Mogul Maniac é uma perspectiva em 1ª pessoa (embora você possa ver o seu esqui), jogo de esqui onde o objetivo é passar por portas abertas e fechadas o mais rápido possível.
Monster Cise (USA) (Proto)	A história deste jogo é um pouco misteriosa. De acordo com a mensagem de direitos autorais, sua parte da série Children's Computer Worshop (a série Vila Sésamo), mas seu número de peça (CX-26131) e a data de copyright tardia (1984) estão bem fora da faixa da série infantil (CX-26101 - CX- 26115). A Atari pode estar planejando algum tipo de série para crianças pequenas e bebês, a fim de atingir o maior público possível. Há evidências disso, pois os protótipos de outros jogos infantis, como Peek-A-Boo e Honker Bonker, caem nessa faixa de número de peça. Este protótipo ainda usa o Kid's Controller, o que apóia ainda mais essa teoria.
Montezuma's Revenge - Featuring Panama Joe (USA)	Você joga como um caçador de tesouros chamado Panama Joe, cujo objetivo é encontrar um antigo tesouro escondido pelo guerreiro asteca nas profundezas das catacumbas. Mas cuidado, as catacumbas são um grande labirinto habitado por monstros. Crânios saltando e rolando, aranhas dançantes, correntes desaparecendo e reaparecendo e toneladas de fogo esperam por você. Você terá que encontrar muitas chaves e destrancar portas para alcançar seu objetivo. Panama Joe pode pular e subir escadas, mas não tem muito a oferecer em termos de combate. É por isso que os monstros do jogo devem ser evitados: uma colisão com um inimigo leva a uma morte prematura.
Moon Patrol (USA)	Moon Patrol é um videogame desenvolvido pelo estúdio japonês Irem e comercializado em 1982 em uma máquina de fliperama. Foi adaptado em vários midias familiares. Este é um jogo de tiro de rolagem lateral. O jogador controla um veículo terrestre em ambientes lunares vistos de lado. O veículo se move para a direita da tela e o objetivo é eliminar os discos voadores e tanques inimigos que se apresentarem. A máquina arcade possui um joystick bidirecional (para alterar a velocidade do veículo) e dois botões: um para atirar (o veículo possui um canhão direcionado para frente e outro direcionado para cima), o outro para explodir o veículo (a fim de contornar crateras, minas e outras rochas na rota).
Moonsweeper (USA)	Em Moonsweeper, o teu objetivo é salvar os mineiros nas luas do quadrante estelar de Júpiter. Começas a tua missão no espaço, onde tens de evitar a aurora mortal, as tochas de fotões e as balas espaciais provenientes do sol do quadrante. De tempos a tempos, verás passar uma lua e, se voares perto dela, poderás descer até à sua superfície. À medida que percorres a superfície, verás mineiros presos que terás de salvar voando sobre eles. Há também vários obstáculos na superfície da lua que tens de evitar ou destruir, tais como torres e satélites lunares, bem como destruidores de superfície alienígenas. Se sobreviveres e salvares seis mineiros, podes descolar da superfície usando os anéis de aceleração.
Motocross (Europe) (Quelle)	Motocross é um jogo de corrida de moto visto de uma perspectiva de cima para baixo. O jogador anda de moto contra um número infinito de oponentes em uma estrada reta, tentando evitar colidir com eles. Além disso, o jogador deve observar a quantidade de gás que resta no tanque. O medidor de combustível pode ser restaurado passando sobre latas de combustível. O objetivo do jogo é ultrapassar uma determinada quantidade de motos. Feito isso, uma nova &quot;cena&quot; começa e a dificuldade aumenta.
Motocross Racer (USA)	Motocross Racer é um jogo de corrida de moto onde você precisa correr por três cenários diferentes no menor tempo possível. Cada cena ocorre em um local diferente com uma perspectiva diferente. Primeiro, você correrá pelo deserto 3D por trás do ponto de vista da bicicleta. Pedras, cactos, escorpiões e outros obstáculos devem ser evitados ou você irá bater e perder um tempo valioso. Em seguida, você percorrerá um caminho sinuoso colina acima pela floresta. Esta seção tem uma visão de cima para baixo, e você perderá tempo se sair da pista ou se chocar contra obstáculos. O segmento final da corrida acontece na praia com um ponto de vista do deslocamento lateral. Vários obstáculos e outros pilotos entrarão em seu caminho aqui! Se você travar muitas vezes ou demorar muito, o jogo terminará.
MotoRodeo (USA)	MotoRodeo é um jogo de tela dividida no Atari VCS 2600 da Monster Truck. O objetivo é terminar a corrida em primeiro e com mais pontos. Para vencer, você terá que fazer figuras.
Mountain King (USA)	No fundo de uma mina de diamantes de várias plataformas está uma coroa valiosa. Seu objetivo é localizar e recuperar a coroa e, em seguida, chegar ao topo da mina vivo! Existem várias etapas que precisam ser concluídas antes de você recuperar a coroa. Primeiro você precisa coletar diamantes suficientes para ganhar 1.000 pontos. Depois de ter pontos suficientes, você precisa localizar o espírito da chama que está escondido em algum lugar dentro da mina. Como a mina é bastante escura, você carrega uma lanterna, que pode ser usada para localizar objetos (como baús de tesouro cheios de diamantes e o espírito da chama). A coroa está dentro. Ofereça o espírito da chama ao espírito da caveira que guarda a entrada, e você pode entrar e pegar a coroa.
Mountain Man (Europe)	Esqui. Atirar. Repetir.
Mouse Trap (USA)	Mouse Trap é um jogo de ação no Atari 2600 onde o jogador controla um rato em um labirinto. O objetivo é comer todos os queijos para passar ao nível seguinte evitando os gatos que tentam agarrar-te. Para ajudá-lo, você terá a oportunidade de se transformar em um cachorro.
Mr. Do! (USA)	Você controla o Sr. Do, ele tentou colher todas as cerejas na tela. No entanto, existem muitos bandidos por aí! Existem duas maneiras de o Sr. Do se defender dos bandidos: primeiro, ele pode empurrar as maçãs localizadas no campo de jogo acima dos inimigos e esmagá-los. Em segundo lugar, o Sr. Do está armado com uma bola de energia. Isso pode ser lançado para destruir um inimigo. No entanto, o Sr. Do tem apenas uma bola de energia, então ele terá que esperar que ela volte para ele antes de poder usá-la novamente. De vez em quando, um monstro alfa aparecerá na tela com uma das letras EXTRA nele. Se você usar a bola de energia para destruir um monstro alfa, você receberá essa carta; quando você ganha a palavra EXTRA completa, você recebe uma vida extra. Quando você conseguir coletar todas as cerejas, você passa para o próximo nível, mais difícil.
Mr. Do!'s Castle (USA)	Mr. Do! 'S Castle é um jogo de plataforma lançado para o Atari VCS 2600. O palhaço Mr. Do! deve passar por um castelo evitando unicórnios e blocos de pedra.
Mr. Postman (USA)	Em Mr. Postman, você desempenha o papel de um carteiro que se encarrega de entregar um pacote muito importante para uma casa na cidade de Silent City. O primeiro passo é domar a águia que levará o Sr. Postman ao seu destino. Isso é feito subindo na árvore na extremidade direita da tela, pulando em uma trepadeira oscilante e, por fim, caindo nas costas da águia, evitando os “excrementos” do pássaro.
Mr. T + moderne Ritter, Der (Europe) (En,De)	Você terá que pular sobre &quot;tênis&quot; inimigos, subir escadas e pular para conquistar seu coração. O controle é muito preciso e o jogo funciona perfeitamente. Você descobrirá que Fast Eddie é rápido e pode subir até 99 metros.
Ms. Pac-Man (USA)	Conheça a MS. PAC-MAN, a rainha dos videogames! Ela está enfeitada com todas as suas melhores roupas - e mais gananciosa do que nunca. Aumente sua pontuação enquanto a Sra. PAC-MAN engole pontos, energizantes, frutas, pretzels e, claro, aqueles horríveis fantasmas rabugentos! Para um jogador.
Music Machine, The (USA)	Neste jogo, você joga como Stevie e Nancy. A Music Machine se move para frente e para trás no topo da tela, soltando símbolos que representam boas qualidades (Frutos do Espírito). Você tem que pegar isso na sua cesta. Uma vez que você tenha captado um de cada um dos outros símbolos, o coração (que representa o amor) desce. Você DEVE pegar o coração para terminar a rodada e ir para a próxima. Se você sentir falta do coração, você perde uma vida. Logo abaixo da Music Machine está o Sr. Pims. Ele tenta bagunçar você derrubando seus assistentes, os Pudgeons. Se você pegar um Pudgeon, você perde uma vida.
My Golf (Germany) (En,De)	Este jogo de golfe possui belos gráficos e até duas visões diferentes nos jardins. Você tem a possibilidade de mudar de clube e tem a barra de comando para avaliação.
Mysterious Thief, A (USA) (Proto)	Neste jogo, o jogador interpreta um ladrão que deve pegar todos os oito objetos valiosos do &quot;Mograth Stadtmuseum&quot; dentro de um determinado prazo. Quando o jogador chega ao último andar e coleciona tudo, ele foge com um helicóptero e o próximo nível começa. Enquanto esgueiram-se pelo museu, os jogadores precisam evitar cães e guardas. Os guardas aparecem nas janelas de tempos em tempos e podem ser evitados estando entre duas janelas. Um novo piso pode ser alcançado correndo até o final do atual e pulando pelo buraco. Após o término do nível, a pontuação é calculada adicionando seu tempo restante e uma nova e mais difícil rodada começa.
Name This Game (USA)	Você acabou de descobrir um tesouro enterrado no fundo do mar e agora você tem que protegê-lo! Você controla um mergulhador na parte inferior da tela, e há um polvo gigante e um tubarão assassino com os quais você precisa lidar. Cada vez que um tentáculo de polvo toca a parte inferior da tela ou o tubarão o pega, parte do seu tesouro será perdida. Para lidar com essas criaturas, seu mergulhador tem um arpão. Você precisa se certificar de que atirou no tubarão antes que ele pudesse chegar à parte inferior da tela e pegá-lo (o tubarão aparecerá novamente no topo da tela cada vez que for atirado.) Os tentáculos do polvo serão movidos para baixo; cada vez que um tentáculo é acertado, ele recua para o topo, então você precisa continuar atirando nos tentáculos antes que um deles alcance o fundo. Obviamente, seu mergulhador tem um suprimento de ar limitado. Seu companheiro está em um barco na superfície e, ocasionalmente, deixará cair uma linha de ar. Você precisa pegá-lo para reabastecer o ar antes que ele acabe (se ficar sem ar, algum tesouro será perdido). O jogo termina quando você perder todo o seu tesouro.
Night Driver (USA)	Night Driver é um jogo de corrida de ação que acontece à noite! Seu objetivo é marcar o máximo de pontos possível correndo por uma das quatro pistas diferentes. Os pontos são marcados passando por pontos de verificação localizados ao longo da pista. Se o seu carro bater no acostamento, em carros que se aproximam ou em qualquer outro obstáculo, você perderá toda a sua velocidade e muito tempo! O jogo encerra quando o tempo limite de 90 segundos terminar. As quatro faixas que você pode escolher são iniciante, profissional, especialista e aleatório (essa faixa é diferente a cada vez e não pode ser memorizada como as outras três). Várias opções de jogo estão incluídas, o que permite que você selecione se outros carros buzinarão ou não antes de entrar na tela, e escolher entre 90 segundos ou uma quantidade infinita de tempo para um jogo.
Nightmare (Europe)	Você já sonhou que monstros estavam perseguindo você?nnVocê já correu o mais rápido que pode, mas não conseguiu escapar?nnVocê já sonhou que estava caindo, caindo, mas nunca atingiu o fundo?nnIsso é um pesadelo. Aqui, os monstros, a corrida, a queda são reais. Venha, jogue fora sua pior fantasia. Venha, tente vencer as probabilidades. Venha, mas reze para que você desperte antes que seja tarde demais!
No Escape! (USA)	Jasao pegou o Velocino de Ouro dos deuses! Eles estão naturalmente chateados e aprisionaram Jasao no Templo de Afrodite com Fúrias mortais correndo em cima. Você controla Jasao e seu objetivo é eliminar todas as Fúrias para passar para o próximo nível. As Fúrias podem ser destruídas se forem atingidas por um tijolo mágico do telhado do templo. Você está armado com um suprimento ilimitado de pedras, atirar uma pedra no telhado fará com que um tijolo caia (cuidado, você perderá uma vida se atingir a si mesmo com um tijolo em vez das Fúrias). Quando uma Fúria é atingida por um tijolo, ela é destruída, mas se você acidentalmente acertar uma Fúria com uma pedra, ela se multiplicará! As Fúrias também estarão atirando em você, e se você perder uma vida se for atingido. O jogo termina quando você não tiver mais vidas na reserva. Vários níveis de dificuldade estão disponíveis.
Nuts (USA)	Você é um esquilo trabalhador. Durante todo o ano, você armazenou alimentos em sua casa nas copas das árvores. De repente, quando você está fora, a Wily Weasel rouba tudo. Não o deixe escapar impune! Jogue nozes nele! Jogue-o do galho!
Obelix (USA)	Obelix é um jogo lançado no Atari VCS 2600. Você joga simultaneamente Asterix e Obelix contra ondas de romanos: Asterix atordoa os romanos enquanto Obelix joga seus famosos menires contra eles.
Off the Wall (USA)	Off The Wall é um jogo de ação arcade com estilo de jogo Breakout. Você controla Kung Fu Lu, cuja missão é destruir uma parede misteriosa e maligna, refletindo uma bola quicando nos tijolos que compõem a parede. Quando os tijolos são atingidos pela bola, eles são destruídos. No topo da tela está um dragão místico que guarda a parede. Cada nível pode ser concluído destruindo todos os tijolos da parede ou acertando o dragão seis vezes com a bola. Assim que o primeiro nível for concluído, um melro também aparecerá na tela logo abaixo da parede. O melro desviará a bola e tentará atrapalhar para dificultar sua missão.
Off Your Rocker (USA) (Proto)	Off Your Rocker é um jogo do tipo Simon Says ... para um a quatro jogadores, alternados. O personagem na tela se inclinará para uma forma colorida enquanto um tom soa. Você deve se inclinar na mesma direção em seu joyboard. Conforme o jogo avança, as sequências ficam mais longas e complexas. Em jogos de dois ou mais jogadores, cada jogador se alterna para ver quem consegue fazer mais sequências.
Official Frogger, The (USA)	Versão Starpath - O jogador guia um sapo, que começa na parte inferior da tela, até sua casa em um dos 5 slots no topo da tela. A metade inferior da tela contém uma estrada com veículos motorizados, que em várias versões incluem carros, caminhões, ônibus, carrinhos de mão, escavadeiras, vans, táxis, ciclistas e / ou motocicletas, passando por ela em alta velocidade horizontal.
Oink! (USA)	Oink! é baseado no conto de fadas dos três porquinhos. O lobo mau tenta destruir cada um dos chiqueiros. Você controla cada porco (um de cada vez). O lobo está na parte inferior da tela e fará um buraco na casa, uma seção de cada vez. Sempre que um buraco é formado, o porco deve consertá-lo rapidamente para que o lobo não possa entrar. Os novos materiais estão no topo da tela e você deve agarrá-los e colocá-los nos orifícios à medida que vão sendo formados.
Omega Race (USA)	Bally Midway Manufacturing Co. Inc. é um jogo de arcade lançado no Atari VCS 2600. Você joga numa pequena nave espacial que deve destruir os inimigos que estão à sua frente.
Open Sesame (Europe) (Goliath)	O jogador controla um estranho personagem que deve subir as escadas da plataforma para chegar ao topo. Para subir até a plataforma mais alta, o jogador deverá ativar as escadas, que são marcadas por pontos que piscam, ao liberar todas as escadas, o jogador terá acesso ao andar superior, podendo assim liberar a entrada dos soldados e seguir para o próximo nível.
Oscar's Trash Race (USA)	É o piquenique do Grouch Day e três pequenos resmungões (Herman, Grungetta e Sloppy) querem vencer a corrida do lixo.
Othello (USA)	Othello é uma conversão do jogo de tabuleiro. Cada jogador tenta preencher o tabuleiro do jogo com o máximo possível de discos de sua cor. Em cada jogada, o jogador coloca um disco no tabuleiro, selecionando um local onde os discos do oponente ficarão presos entre dois de seus discos. Os discos presos são virados para a cor do jogador. O jogo termina quando o tabuleiro fica cheio ou o tempo se esgota, e o jogador com o maior número de seus discos de cores no tabuleiro vence. Dois jogadores podem jogar um contra o outro, ou um jogador contra o computador.
Out of Control (USA)	É uma pista de obstáculos em uma nave espacial. A nave se controla como um asteróide, em que você empurra para a esquerda ou direita para girar e dispara para empurrá-lo. Depois que você para de empurrar, A nave não para imediatamente, embora diminua a velocidade por conta própria. Para parar antes, você precisa ficar de frente para a direção para a qual está indo.
Outlaw ~ Gunslinger (USA)	Você é um pistoleiro do velho oeste! Outlaw oferece jogos para um e dois jogadores. Na versão para um jogador, seu objetivo é atirar em um alvo em movimento tantas vezes quanto possível em 99 segundos. Na versão para dois jogadores, cada jogador tenta ser o primeiro a disparar dez vezes no seu adversário. Diversas variações de jogo estão incluídas nas versões para um e dois jogadores. No meio da tela está um dos vários obstáculos possíveis para tornar o jogo mais difícil. Um cacto gigante, uma diligência, uma diligência em movimento ou uma parede quebrável podem bloquear o alvo ou fornecer algum abrigo para você se esconder dos tiros de seus oponentes. Você também tem a opção de fogo ilimitado ou apenas um atirador de seis. Se você escolher o seis tiros, cada jogador deve usar todos os seis tiros antes que qualquer jogador possa recarregar. E por último, existe a opção &quot;fuga&quot;. Com a fuga, um jogador pode mover-se imediatamente após o disparo; sem fuga, o jogador deve permanecer parado enquanto sua bala estiver na tela.
Pac-Kong (Germany)	Pac-Kong é semelhante ao Donkey Kong. O jogador controla um &quot;aventureiro&quot; (chamado Kong em algumas versões do jogo) e deve alcançar os tesouros escondidos pelo malvado polvo.
Pac-Man (USA)	Seu trabalho é manter o PAC-MAN o mais feliz possível. Para isso, você deve guiá-lo através do labirinto para que ele possa engolir comprimidos de vídeo e pílulas elétricas. Proteja-o de fantasmas, a menos que ele tenha ganhado superforça absorvendo um comprimido para a potência. Nesse caso, ajude-o a caçar os fantasmas e engoli-los, antes que eles próprios o engulam.
Panda Chase (Europe)	Panda Chase é um estranho jogo onde, ao controlar um panda, terá que percorrer os diferentes níveis do jogo em busca dos bambus para recuperar a sua energia, que se perde a cada segundo. Quando o jogo começa, o panda se encontra em uma área aberta, com vários locais para explorar.
Parachute (Europe)	Antes de iniciar o jogo, o jogador deve escolher se deseja viajar 15.000, 10.000 ou 5.000 quilômetros por nível (mais quilômetros alongam cada nível). Em seguida, começa a ação: o jogador deve guiar um pára-quedista até o continente evitando os helicópteros, pássaros e balões de ar quente que rondam o céu. Cada nível termina atingindo o solo evitando o soldado que está patrulhando a área. Se o pára-quedista pousar no meio da tela, ele receberá 1000 pontos pelo feito e uma vida extra. Pousar longe do centro significará menos ganho de pontos, mas você ainda receberá uma vida inteira de brinde.
Peek-A-Boo (USA) (Proto)	De acordo com a Atari, Peek-A-Boo seria uma nova atividade de vídeo revolucionária baseada nos conceitos familiares de Peek-a-Boo e Hide 'n' Seek. Era para ensinar conceitos importantes como orientação espacial, direção e memória que aumentam a autoestima de uma criança e a ensina a se divertir no 2600.
Pengo (USA)	Vá patinar no gelo fino com Pengo, o adorável pinguim, ao redor de um lago congelado. Reorganize grandes blocos de gelo. Seu objetivo: alinhar três blocos incrustados com joias para pontos deslumbrantes! Seus inimigos: SNO-BEES! O contato deles te deixa frio.
Pete Rose Baseball (USA)	Este jogo de beisebol licencia o ex-jogador do Cincinnati Reds, Pete Rose. Ele permite que o jogador jogue todas as posições no campo. Diferentes estilos de rebatidas e arremessos estão disponíveis. Possui voz e som digitalizados e oferece uma variedade de opções de jogo, incluindo ação de um ou dois jogadores, jogo da temporada ou exibição. Em uma mudança um tanto antecipada, são oferecidas oito perspectivas diferentes. Existem também alguns recursos de gerenciamento de equipe, conforme você seleciona e ordena seu time, e contrata novos jogadores. Isso pode durar mais de dez temporadas, tornando-se um dos primeiros modos de carreira.
Phantom Tank (Europe)	Phantom-Panzer é um jogo de arcade lançado para Atari VCS 2600. Um veículo de assalto deve defender uma cidade atirando em tanques fantasmas.
Phantom UFO (USA)	Spider Fighter é um jogo de ação no estilo arcade, um tanto semelhante ao Space Invaders. Você controla um blaster na parte inferior da tela e deve defender as três frutas no canto superior direito da tela. Diferentes tipos de aranhas atacantes se movem rapidamente, tentando destruir seu blaster e roubar a fruta.
Phantom-Panzer + Phantom Tank (Germany)	Phantom-Panzer é um jogo de arcade lançado para Atari VCS 2600. Um veículo de assalto deve defender uma cidade atirando em tanques fantasmas.
Pharaoh's Curse (USA)	Em Pharaoh's Curse, o jogador tenta recuperar 16 tesouros de uma tumba egípcia enquanto evita o faraó, sua múmia e várias armadilhas.
Phoenix (USA)	Phoenix é um jogo de arcade de ação com jogabilidade semelhante a Space Invaders. Você é o comandante da Fênix e sua missão é alcançar uma nave alienígena que está esgotando os recursos de seus planetas. A nave é guardado por quatro níveis de criaturas semelhantes a pássaros. Depois de completar todos os quatro estágios, o quinto nível será lançado contra uma grande nave-mãe fortemente blindada.
Pick 'n' Pile (Europe)	Pick 'n Pile é um jogo de quebra-cabeça no estilo Tetris. Em cada nível, há uma variedade de símbolos dispostos em colunas na tela. Ao mover os símbolos, você precisa criar colunas que contenham símbolos idênticos; uma vez que todos os símbolos em uma coluna são iguais, essa coluna desaparece. Seu objetivo é ganhar pontos e completar os níveis fazendo desaparecer todos os símbolos da tela. Ocasionalmente, você pode ficar preso a um símbolo que não corresponde a nada na tela; quando isso acontecer, você pode pedir um símbolo adicional para cair na tela. No entanto, como o símbolo que aparece é aleatório, você pode precisar criar alguns símbolos antes que o que você precisa apareça. Cada nível tem um limite de tempo em que deve ser concluído; fique sem tempo e você perde uma vida; perca todas as vidas e o jogo acaba.
Pick Up (USA) (Proto)	OK, o negócio é o seguinte. Se você quer que o amante dos seus sonhos saia de seu pedestal e saia com você, você precisa dar-lhe os presentes certos. Então você pode ir ao Love Nest Hotel! Você começa com seu amante em um pedestal à esquerda e vários itens flutuando acima de você. Você deve atirar em cada item uma vez para adquiri-lo. Se um item começar a piscar, atire em seguida, porque depois de um curto período de tempo, você perderá a chance. Se você atirar em um item pela segunda vez, você perderá a chance. Perca todas as suas chances e o jogo acaba. Se você coletar todos os itens necessários, vá até o pedestal e saia da tela à direita. Dirija-se à porta do hotel e a placa do hotel dirá quantas vezes você marcou. Agora vá para a esquerda para começar o próximo nível.
Picnic (USA)	Você está fazendo um piquenique, quando de repente chega um enxame de moscas! Você controla um mata-moscas na parte inferior da tela. Seu objetivo neste jogo é proteger seus hambúrgueres (localizados na parte inferior esquerda e direita da tela) contra o ataque de moscas.
Piece o' Cake (USA)	nnEm Piece O 'Cake, você é o chef e seu objetivo é fazer bolos de sucesso! Na parte inferior da tela há uma correia transportadora e uma bandeja aparecerá no lado esquerdo ao mover para a direita. Você está no topo da tela e precisa remover as camadas de bolo do forno e colocá-las na bandeja.
Pigs in Space - Starring Miss Piggy (USA)	Pigs in Space estrelado por Miss Piggy é um jogo lançado no Atari VCS 2600. O jogador pode escolher jogar com 3 personagens: Captain Link Hogthrob, Piggy ou Dr. Strangepork. Cada personagem tem um mini-jogo de tiro espacial.
Pitfall! - Pitfall Harry's Jungle Adventure (USA)	Deixe-me apresentar-me. Sou Pitfall Harry, um experiente explorador da selva. A caça ao tesouro é minha paixão, e sua também, se você se atreve a fazer esta viagem comigo. Não fique nervoso; Serei seu guia na selva e sou um dos melhores. Inúmeras riquezas nos aguardam lá, mas muito menos do que os perigos que teremos que enfrentar. Vamos balançar com a ajuda de cipós, acima de um abismo. Iremos pular pelos pântanos, usando cabeças de crocodilo como degraus. Cavaremos no subsolo, por passagens escuras, rastejando ao lado de escorpiões venenosos. Então faça as malas e me encontre na selva ao amanhecer - e partiremos em busca da fortuna de um rei, feita de ouro, diamantes e tesouros perdidos - na aventura da armadilha Harry na selva.
Pizza Chef (USA) (Proto)	Experimente este divertido jogo de fazer pizza. Você tem um tempo limitado para fazer uma pizza de oito ingredientes. Para isso, você deve obter os ingredientes certos e na mesma ordem em que estão listados? e também os utensílios apropriados. Quando você finalmente colocar tudo nas oito mesas de preparação, leve a pizza ao forno quente para assar. Se você conseguir fazer tudo, parabéns! Experimente todas as 25 variações de receitas e mostre suas habilidades e técnica para fazer pizza.
Planet of the Apes (USA) (Proto)	A ação ocorre em várias telas: Desertos; Florestas; a Aldeia dos Macacos; em River Crossing; Cavernas Subterrâneas; e a cena culminante da Estátua da Liberdade do filme. Ha três tipos diferentes de macacos neste jogo: chimpanzés - esses pequeninos são inofensivos e podem ser tocados sem medo; orangotangos são um pouco maiores e muito mais perigosos do que os chimpanzés, tocá-los fará com que você seja capturado; os gorilas são os mais perigosos de todos os macacos; eles não apenas podem capturá-lo, mas também podem atirar em você. (que permitem que você escape das gaiolas, mas também lhe custam energia vital).
Planet Patrol (USA)	Você é um piloto de caça que patrulha e protege a galáxia. Você é constantemente atacado por forças do mal que disparam mísseis contra sua nave. Ao guiar sua nave através do terreno colorido, você se esquiva dos mísseis que se aproximam e revidam. O objetivo do jogo é destruir o máximo de mísseis e a estação base antes que ela destrua você. Sua missão o leva dia e noite e em seus encontros, você deve resgatar os pilotos abatidos. Periodicamente, você deve fazer paradas para reabastecimento. Os gráficos são reais. Planet Patrol está destinado a se tornar um sucesso universal!
Plaque Attack (USA)	Em Plaque Attack, seu objetivo é proteger a boca cheia de dentes de uma variedade de alimentos recebidos! Você controla um tubo de creme dental com flúor e precisa atirar nos alimentos que atacam antes que eles possam deteriorar os dentes localizados na parte superior e inferior da tela. Hambúrgueres, cachorros-quentes, gotas de goma, morangos, donuts, sorvetes e muito mais aparecerão dos lados da tela e se dirigirão aos dentes. Se um alimento chegar a um dente e permanecer lá por muito tempo, o dente irá decair e desaparecer. O jogo termina quando todos os dentes se deteriorarem e desapareçam.
Pleiades (USA) (Proto 2) (1983-05-06)	Esta é uma sequencia de Phoenix. Na primeira tela, você deve atirar em alienígenas sem ser atingido por eles. Em algum ponto, um alienígena criará um escudo na tela logo acima de sua nave que exigirá que você atire em buracos para destruir mais alienígenas. Esteja ciente, de que os tiros alienígenas não diminuírao a velocidade e ainda podem matá-lo. Na segunda tela, você deve atirar ou evitar tiros de uma fênix(s0, mas o objetivo é atirar no alienígena na nave-mãe acima. Você também pode atirar na(s) fênix(s) para ganhar pontos. Na terceira tela, você deve manobrar entre as naves estacionadas, sem bater em nenhum, para atracar no seu lugar no topo. Depois de fazer isso, o jogo vai para a primeira tela com mais força. Existem seleções de jogos para escolher jogar apenas na primeira, segunda ou terceira telas, com cada onda ficando mais difícil.
Polaris (USA)	Você é o comandante de um submarino nuclear da classe Polaris. Sua missão é defender seu país do ataque inimigo. Você deve enfrentar de um a três submarinos inimigos e de um a cinco bombardeiros em um esquadrão. Você deve destruir os bombardeiros disparando mísseis. Depois de destruir o esquadrão de bombardeiros, você deve enfrentar um bombardeiro de mergulho que lança torpedos que mergulham em suas profundezas e se movem horizontalmente. Depois de destruí-lo, você deve navegar por um canal, evitando ou torpedeando minas para chegar ao próximo nível. Ocasionalmente, um contratorpedeiro inimigo se moverá pela tela e lançará uma carga de profundidade.
Pole Position (USA)	nnQualifique-se para o Grande Prêmio e alcance a Pole Position, no topo da tabela da partida. Em seguida, pressione o acelerador até o fim para bater o recorde da pista e terminar a corrida como um vencedor. Lá você encontrará curvas furtivas, situações críticas de suor frio e todas as emoções do popular jogo de arcade.
Polo (USA) (Proto)	É um jogo de pólo, jogado a cavalo. Você move seu cavalo com o joystick. O martelo se inclina automaticamente e sempre envia a bola na direção do gol do adversário.
Pompeii (USA) (Proto)	Pompeia foi um dos últimos títulos anunciados pela Apollo, mas não foi lançado quando a Apollo se tornou uma das primeiras 2.600 empresas de jogos a fechar após o acidente. A partir da arte da caixa e de algumas breves descrições, podemos supor que o jogo girava em torno de um Indiana Jones como um arqueólogo que está tentando encontrar tesouros nas ruínas da antiga cidade de Pompéia. Infelizmente, o único protótipo que apareceu até agora está muito incompleto. Os gráficos de fundo são muito bem feitos e mostram um vulcão fumegante (Monte Vesúvio) e duas formas estranhas de cada lado (tesouros?). Seu personagem dificilmente se parece com o personagem de Indiana Jones retratado na caixa, mas como este é um protótipo, ele pode ter sido &quot;Indyizado&quot; em versões posteriores. Seu personagem tem uma leve animação de caminhada, mas é muito lenta para a velocidade com que ele se move.
Pooyan (USA)	Pooyan é um jogo de arcade lançado pela Konami. O jogo se concentra em Mama, uma porca, que deve defender e salvar seus filhotes. Mama está em um elevador deslizante, que o jogador controla. Os lobos voam usando os balões e cabe ao jogador atirar flechas nos lobos para explodir seus balões antes que cheguem ao topo.
Popeye (USA)	Como Popeye, você está tentando conquistar o amor de Olive Oyl! Ela está no topo da tela e solta sinais de seu amor. Você tem que coletá-los antes que caiam no chão.
Porky's (USA)	Você joga como Edward &quot;Pee Wee&quot; Morris que, apesar de suas falhas, tenta se vingar de Porky, o dono do bar que dissecou Pee Wee e seus amigos.
Power Lords (USA) (Proto)	Adam, Líder dos Senhores, e Shaya, Rainha do Poder, são guerreiros extraterrestres que lutam contra alienígenas mortais na mística Rocha do Vulcão. Usando lasers para combater a serpente espacial alienígena, os Power Lords podem entrar na rocha e procurar em suas câmaras infinitas a pedra de toque brilhante que ativa armas e dispositivos anti-alienígenas poderosos.
Pressure Cooker (USA)	Em Panela de Pressão, você é um cozinheiro cujo trabalho é atender pedidos de hambúrguer no &quot;The Grille&quot;. Na parte inferior da tela, você verá os pedidos de diferentes tipos de hambúrgueres. Você também pode pedir tomates, cebolas, alface e queijo. Você precisa coletar os ingredientes apropriados, colocá-los em um hambúrguer e colocá-los na mesa.
Private Eye (USA)	Private Eye é um jogo lançado no Atari VCS 2600. Você joga como um detetive que tenta prender um criminoso. Para fazer isso, você terá que coletar evidências, mas também evitar os cúmplices do criminoso que vão querer eliminá-lo.
Pursuit of the Pink Panther (USA) (Proto) [b]	Pursuit of the Pink Panther, foi baseada na famosa série de desenhos animados e inspirada nos filmes da Pantera Cor-de-Rosa, estrelados por Peter Sellers como inspetor Clouseau. Na verdade, este jogo começou a vida como Trail of the Pink Panther pela US Games (baseado no filme atual), mas quando os US Games faliram, eles venderam os direitos à North American Phillips (NAP), que decidiu lançar sua própria versão do jogo através da sua divisão Probe 2000. Não se sabe se algum trabalho já foi realizado na versão dos Jogos dos EUA ou se alguma dessas idéias foi usada na versão Probe 2000 do jogo. Embora Pursuit of the Pink Panther tenha sido amplamente comercializado na CES de junho de 1983, ele nunca foi lançado, provavelmente porque o chip especial de RAM / ROM que a NAP usou para espremer todos os elementos gráficos e de jogabilidade no jogo não podia ser fabricado com segurança. Quando o primeiro lote de chips voltou com defeito do fabricante, a NAP decidiu cancelar o jogo em vez de tentar encontrar uma nova fonte para os chips. O mercado de jogos em ruínas na época também foi um grande fator na escolha de não avançar.
Pygmy (Europe)	Lock 'n' Chase é um jogo de arcade de ação semelhante ao Pac-Man. Você joga como um ladrão que está preso em um labirinto. Para sair, você precisa coletar todos os pontos dourados localizados no labirinto. Sua tarefa não será fácil, pois há quatro policiais no cofre que estão constantemente tentando pegá-lo! Em todo o labirinto existem inúmeras portas. Conforme você corre pelo labirinto, você tem a capacidade de fechar temporariamente uma porta na tentativa de bloquear a polícia. Você só pode fechar duas portas por vez, e todas as portas fechadas se abrem automaticamente após um curto período de tempo. Quando todo o ouro do labirinto for coletado, a saída para o cofre será aberta e você poderá escapar e passar para o próximo cofre mais difícil. Ocasionalmente, um item de bônus aparecerá no labirinto, como um saco de dinheiro, coroa ou mala, que pode ser coletado para ganhar ainda mais pontos.
Q-bert (USA)	Q * bert é um jogo de plataforma isométrica com elementos de quebra-cabeça onde o jogador controla o protagonista titular em uma perspectiva de terceira pessoa. Q * bert começa cada jogo no topo de uma pirâmide de cubos e se move pulando diagonalmente de cubo em cubo. Aterrar em um cubo faz com que ele mude de cor, e mudar cada cubo para a cor alvo permite que o jogador avance para a próxima fase.
Q-bert's Qubes (USA)	Q * Bert Qubes é um jogo de plataforma lançado no Atari VCS 2600. O herói, Q * Bert, é perseguido por ratos gigantes e outros inimigos: para escapar deles, ele pode saltar sobre blocos que mudam de cor e têm diferentes efeitos sobre seus perseguidores.
Quadrun (USA)	você assume o papel de um defensor em uma missão crítica para salvar prisioneiros indefesos mantidos em cativeiro por inimigos malignos. Armado com um poderoso bastão de energia, você deve atravessar o campo de batalha para resgatar os prisioneiros e derrotar os vilões. Desvie de obstáculos e ataques inimigos enquanto coleta prisioneiros e os transporta para a segurança. A velocidade e precisão são essenciais para sobreviver às ondas de inimigos cada vez mais desafiadores.
Quest for Quintana Roo (USA)	Quest for Quintana Roo é um jogo de arcade lançado no Atari VCS 2600. Você joga como Sam, um explorador que procura um tesouro em um templo. Para encontrá-lo, você terá que coletar chaves e itens especiais, que serão guardados por todos os tipos de inimigos.
Quick Step (Europe)	No Quick Step, um canguru e um esquilo competem entre si para ganhar pontos ao pular em trampolins. A tela é feita de um conjunto de trampolins que rolam para baixo. Os trampolins aparecem no topo da tela, e possuem a cor cinza; assim que eles se tornam rosa, o trampolim entra em jogo. Cada vez que uma criatura pula em um trampolim, a cor irá trocar para a cor da criatura(verde para o canguru e azul para o esquilo). Se você pular em um trampolim rosa, 3 pontos serão ganhos; quando um trampolim ultrapassa o inferior da tela com sua cor, 6 pontos são ganhos(apesar de pontos não serem ganhos ao pular nos da cor do seu oponente, você tentará fazer com que o máximo de trampolins com sua cor cheguem abaixo da tela para ganhar mais pontos). Se você cair na parte inferior da tela, uma vida é perdida; o jogo termina quando um jogador não possui mais vidas, e aquele que possuir mais pontos vence. Alguns bônus também podem ser encontrados; se você encontrar um trampolim branco, é um chapéu mágico; colete-o e então pule no mesmo espaço que seu oponente para atordoá-lo. Cada jogador também começa com 6 armadilhas; pressionando o botão que aciona uma armadilha fará com que o trampolim desapareça e ninguém poderá aterrizar nele. Em cada nível o jogo progride em velocidade; ao final de cada nível, haverá uma única coluna cuja velocidade será mais rápida, portanto, cuidado ao pular nela!
Quick Step! (USA)	No Quick Step, um canguru e um esquilo competem entre si para ganhar pontos ao pular em trampolins. A tela é feita de um conjunto de trampolins que rolam para baixo. Os trampolins aparecem no topo da tela, e possuem a cor cinza; assim que eles se tornam rosa, o trampolim entra em jogo. Cada vez que uma criatura pula em um trampolim, a cor irá trocar para a cor da criatura(verde para o canguru e azul para o esquilo). Se você pular em um trampolim rosa, 3 pontos serão ganhos; quando um trampolim ultrapassa o inferior da tela com sua cor, 6 pontos são ganhos(apesar de pontos não serem ganhos ao pular nos da cor do seu oponente, você tentará fazer com que o máximo de trampolins com sua cor cheguem abaixo da tela para ganhar mais pontos). Se você cair na parte inferior da tela, uma vida é perdida; o jogo termina quando um jogador não possui mais vidas, e aquele que possuir mais pontos vence. Alguns bônus também podem ser encontrados; se você encontrar um trampolim branco, é um chapéu mágico; colete-o e então pule no mesmo espaço que seu oponente para atordoá-lo. Cada jogador também começa com 6 armadilhas; pressionando o botão que aciona uma armadilha fará com que o trampolim desapareça e ninguém poderá aterrizar nele. Em cada nível o jogo progride em velocidade; ao final de cada nível, haverá uma única coluna cuja velocidade será mais rápida, portanto, cuidado ao pular nela!
R2D Tank (USA) (Proto)	Prepare-se para o combate blindado mais explosivo da sua TV! Assuma o comando de um supertanque de guerra de última geração em R2D Tank! Sua missão é invadir o território inimigo, cruzar campos de batalha perigosos e destruir a frota de tanques e artilharias rivais que tentam interromper o seu avanço. Mas fique atento: os projéteis voam de todas as direções e cada centímetro de terreno exige reflexos de aço para desviar dos ataques! Com uma jogabilidade de ação rápida, cenários destrutíveis e combates intensos que exigem mira calibrada e estratégia de movimentação, o jogo coloca você na linha de frente do combate militar. Proteja suas defesas, ataque no momento certo e prove que você é o comandante definitivo das forças blindadas. Acelere o motor e comece a batalha agora mesmo!
Racer (USA) (Proto)	Racer foi um jogo original desenvolvido por Roklan para Atari (o primeiro deles na verdade), e não baseado em nenhum jogo de arcade existente. , então a maioria nunca soube que eles existiam. Racer foi o primeiro título de Roklan para o Atari 2600 e, como tal, é um jogo bastante simples. O jogador controla um carro que deve manobrar em torno da tela e evitar bater nas paredes. A tela rola para baixo, então você está constantemente avançando. Como tal, não há botão de gás, nem botão de freio. Tudo o que você pode fazer é se segurar e se esquivar dessas paredes! Na verdade, é quase impossível bater em uma parede a menos que você esteja tentando fazer isso de propósito. No entanto, a cada 30 segundos, o jogo irá acelerar e as paredes ficarão cada vez mais rápidas até se tornarem inevitáveis ​​para qualquer um que não seja um Jedi.
Racing Car (USA)	Controle seu carro em uma corrida em uma grande rodovia. Em Racing Car, o jogador acelera seu carro enquanto desvia dos outros veículos nesta grande rodovia, mas tome cuidado porque alguns carros podem estar se movendo muito lentamente, ou pior, indo em direção você.
Racquetball (USA)	Você foi desafiado, ou talvez desafiou alguém para um jogo de squash. Para servir, pressione o botão vermelho. Você acerta a bola movendo seu jogador para onde a sombra da bola está quase no mesmo nível de seus pés. A raquete irá balançar automaticamente. Quando você sacar, a bola deve atingir a parede frontal antes de atingir o chão. Seu oponente pode acertar a bola antes que ela caia no chão ou pode deixá-la quicar, mas você só pode deixá-la quicar uma vez. Não pode saltar duas vezes. Você serve todas as vezes até perder. Se você estiver sacando e seu oponente errar, você ganha um ponto. Você só pode obter pontos nas rodadas em que serve. Vence o primeiro jogador a vinte e um pontos. Chaves de dificuldade A = A precisão dos tiros é mais difícil de controlar B = A precisão do tiro é mais fácil de controlar.
Radar (USA)	Em Cruise Missile, você primeiro pilota uma espaçonave sobre a superfície, atirando nas torres de defesa em seu caminho. As torres maiores são grandes demais para voar e devem ser atingidas no ponto em que são disparadas. Quando você tiver viajado uma distância particular, você encontrará uma abertura para a passagem subterrânea. Lá você continua a destruir as várias coisas que voam ao redor.
Radar Lock (USA)	A segurança de um porta-aviões próximo está em suas mãos. Você é o ás de um F-22 supersônico, a mais recente e poderosa arma aerotransportada já criada. Abaixo está a operadora. Acima está o inimigo. Seus amigos não estão à vista e cabe a você limpar os céus de interceptadores diabólicos, caças furtivos e bombardeiros. Sua nave está equipada com mísseis guiados, metralhadoras, mísseis de proximidade e o mais recente sistema de rastreamento ultrassecreto RADAR LOCK. Lembre-se de que a tripulação da transportadora está contando com você. Boa sorte, As!
Raft Rider (USA)	Em Raft Rider você está flutuando em um rio em uma jangada feita de troncos. Seu objetivo é guiar a jangada o mais longe possível no rio, evitando os muitos obstáculos. Você vai encontrar rochas perigosas, árvores, castores (que derrubam árvores criando mais obstáculos!) E até mesmo um alce, todos os quais podem afundar sua jangada. Para cada segmento de rio que você viajar 125 pontos são ganhos, e pontos de bônus adicionais podem ser ganhos coletando pepitas de ouro que você encontrará no rio de vez em quando. Você começa o jogo com três jangadas (podem ser ganhas jangadas bônus), e o jogo termina quando todas as jangadas forem afundadas. Estão disponíveis vários níveis de dificuldade que controlam a velocidade da corrente, bem como a velocidade do castor e do alce.
Raiders of the Lost Ark (USA)	Você e Indiana Jones têm uma missão: encontrar a Arca da Aliança. Para encontrar a arca, você deve viajar pelo antigo Egito e seguir as pistas que levam ao Poço das Almas. Use os cílios de Indy e sua própria mente para escapar do perigo - e cuidado com as cobras.
Ram It (USA)	EEEEEK! Verde está ficando louco! Vermelho à sua direita! Azul nas suas costas! Yipes, amarelo! Rápido! Aperte, bata. Ram It! Coloque seu Ramroid em ação e tire o rifle. Você, o Ramroid, está em uma pista no centro da tela. Você pode apontar para a esquerda e para a direita para atirar. Em ambos os lados estão barras coloridas que começam a avançar aleatoriamente em direção ao centro. Você deve atirar nessas barras para afastá-las da tela, de preferência. Se uma barra começar a piscar, é uma barra de bônus e ao atirar nela você ganha pontos maiores, além de eliminá-la completamente da tela. Esteja avisado, porém, que às vezes a barra reaparece no lado oposto da tela.
Rampage! (USA)	George, Lizzy e Ralph eram apenas americanos comuns, até que um experimento deu errado, transformando-os em gorila, lagarto e lobisomem, respectivamente. Depois disso, os três planejam dar a volta na destruição de prédios, e até 3 jogadores humanos podem entrar. Esmagar nas bordas dos prédios por tempo suficiente fará com que desmoronem. A polícia e os militares estão atrás de você, e atirarão em você, então tente destruí-los (se não conseguir, você pode evitar as balas). Você precisará comer regularmente, com coisas como plantas em oferta, para evitar voltar a ser humano.
Raumpatrouille (USA)	Com gráficos confusos e longe de ser divertido, X'Mission é um jogo que leva tempo para o jogador entender. Mas depois que você aprende como o jogo funciona, tudo se torna muito fácil. O jogador controla uma espécie de disco voador, seu principal objetivo é atingir a estrutura que se move no canto da tela. Quando tocado corretamente, o jogador irá anexar sua nave à estrutura, levando-a ao próximo nível. No meio do caminho, o jogador encontrará vários inimigos, que podem ou não ser destruídos, dependendo do desejo do jogador por mais pontos.
Reactor (USA)	nnVocê controla uma nave espacial dentro de um reator nuclear que você está tentando impedir de derreter! O núcleo do reator no centro da tela é cercado por uma parede mortal. Pósitrons, neutrinos e fótons vagam pelo espaço disponível, todos tentando jogar sua nave contra a parede.
RealSports Baseball (USA) (NTSC)	Este é o basquete regulamentar, com algumas exceções. Não há arremessos de três pontos, nem arremessos na linha de falta, nenhum tempo limite, nenhuma penalidade, nenhum relógio de arremesso e nem o jogador nem a bola podem sair de campo. Você controla dois jogadores em conjunto. Você passa as bolas entre si pressionando o botão e empurrando o joystick na direção do outro jogador. Você arremessa da mesma forma, mas pressionando o joystick em direção à cesta. Para roubar a bola, basta tocar no jogador adversário que está com a bola. Simplesmente tente obter mais cestas do que seus oponentes antes que o tempo acabe. Cada jogo é dividido em quatro tempos. Depois que os quatro tempos terminarem, o jogo termina.
RealSports Basketball (Europe) (Proto)	Este é o basquete regulamentar, com algumas exceções. Não há arremessos de três pontos, nem arremessos na linha de falta, nenhum tempo limite, nenhuma penalidade, nenhum relógio de arremesso e nem o jogador nem a bola podem sair de campo. Você controla dois jogadores em conjunto. Você passa as bolas entre si pressionando o botão e empurrando o joystick na direção do outro jogador. Você arremessa da mesma forma, mas pressionando o joystick em direção à cesta. Para roubar a bola, basta tocar no jogador adversário que está com a bola. Simplesmente tente obter mais cestas do que seus oponentes antes que o tempo acabe. Cada jogo é dividido em quatro tempos. Depois que os quatro tempos terminarem, o jogo termina.
RealSports Boxing (USA, Europe) (En,Fr,De,Es,It)	RealSports Boxing é, como o próprio nome sugere, um jogo de boxe no Atari 2600. Jogável sozinho ou em pares, você terá que vencer seus oponentes com uma pequena peculiaridade já que o ringue é em 3D e portanto permite movimentos horizontais e verticais.
RealSports Football (USA, Europe) (En,Fr,De,Es,It)	RealSports Football é uma simulação de futebol de um ou dois jogadores que é jogada em um campo de rolagem lateral, com cinco jogadores em cada equipe. Como no futebol real, o objetivo é percorrer um campo de 100 metros combinando jogos de passe e corrida.
RealSports Soccer (USA, Europe) (En,Fr,De,Es,It)	nnO RealSports Volleyball é um jogo de ação que pode ser jogado por um ou dois jogadores. O jogo segue as regras tradicionais do voleibol; a primeira equipe a marcar 15 pontos vence! Você controla os dois jogadores da equipe, que têm a capacidade de sacar, definir e bloquear.
RealSports Tennis (USA, Europe) (En,Fr,De,Es,It)	Faça com que seu nome apareça no placar do jogo RealSport Tennis! Manuseie a bola como em uma quadra de tênis real; acerte um golpe forte ou uma bola no alto. Você pode jogar em velocidade lenta ou rápida contra um oponente ou contra o próprio computador.
RealSports Volleyball (USA, Europe) (En,Fr,De,Es,It)	O voleibol é um jogo de ação que pode ser jogado por um ou dois jogadores. O jogo segue as regras tradicionais do voleibol; a primeira equipe a marcar 15 pontos vence! Você controla os dois jogadores da equipe, que têm a capacidade de sacar, definir, marcar e bloquear. Existem várias variações de jogos incluídas; duas dificuldades de jogo e duas velocidades de jogador. Na versão mais fácil do jogo, a bola será automaticamente enviada de volta para a rede ao ser atingida. Na versão avançada, o jogo também permite definir a bola entre companheiros de equipe. Em qualquer versão do jogo com um ou dois jogadores, a velocidade na qual os jogadores correm pode ser definida como rápida ou lenta para um desafio extra ou para dificultar a equipe.
Red Sea Crossing (USA)	Um dos mais raros jogos do Atari 2600 conhecidos por existir. De acordo com o anúncio abaixo, o jogo foi acompanhado por um livro de colorir e uma fita cassete explicativa narrada por Dale Evans Rogers.
Rescue Terra I (USA)	Terra I abastece a Terra com cristais Zenbar, que são usados ​​para fornecer 72% de sua energia para a Terra. Normalmente, um computador controla os sistemas de defesa, mas parece que foi sabotado. Piratas espaciais estão na área e os interceptores robôs estão trabalhando contra nós. Suas ordens são para voar seu F-117 Starwarrior em direção à Terra I, destruindo qualquer coisa que tente prejudicá-lo.
Revenge of the Beefsteak Tomatoes (USA)	Você tem que construir três paredes acima das plantas de tomate. Você também tem que se esquivar das bombas de tomate disparadas dos pés de tomate, atirar nas vinhas que crescem em qualquer parte da parede, atirar nos tomates cereja (ou apenas desviar dos tiros) e atirar ou desviar dos tomates bife.
Riddle of the Sphinx (USA)	Como Filho do Faraó, cabe ao jogador acabar com a maldição de Anúbis, deus dos mortos, chegando ao templo de Rá e resolvendo o enigma da Esfinge.
River Patrol (USA)	Você é o capitão de um barco subindo o rio enquanto tenta salvar as pessoas que se afogam e perdidas em um dos nove rios. Você deve guiar seu barco ao longo do rio sem atingir a costa, pedras, madeira flutuante, outros barcos ou TNT, que farão afundar você imediatamente.
River Raid (USA)	River Raid é um jogo de ação de rolagem vertical. Você pilota um avião a jato sobre um rio na tentativa de destruir pontes que são vitais para o inimigo. O rio é fortemente protegido, no entanto, com balões de ar quente, navios, helicópteros e aviões inimigos tentando pará-lo. Ao longo do caminho, você terá que sobrevoar postos de gasolina para reabastecer seu avião e continuar voando.O avião está armado com um canhão com munição ilimitada. Ele pode ser usado para destruir pontes e veículos inimigos, mas um jogador imprudente pode destruir acidentalmente um posto de gasolina. Uma colisão com as margens do rio ou com o avião inimigo destrói seu avião e faz com que você perca uma vida.
River Raid II (USA)	Você é o piloto de um avião de assalto F-14, designado para a perigosa missão de destruir uma ponte inimiga no topo de um rio fortemente vigiado. Em River Raid II, a jogabilidade é semelhante à do River Raid original, mas com alguns acréscimos. Para cada missão, você começa em um porta-aviões. Depois de uma decolagem bem-sucedida, você deve ultrapassar as forças inimigas acima do oceano que protegem a entrada do rio. Certifique-se de coletar bastante combustível dos Jatos de Abastecimento, porque assim que você chegar ao rio, o combustível ficará escasso! Então você terá que subir o canal do rio traiçoeiro até que você finalmente alcance e, com sorte, destrua a ponte.
Road Runner (USA)	Você joga com o Road Runner. Você tem que correr ao longo da estrada evitando caminhões, minas, pedras caindo, etc., sem ser pego por Wile E. Coyote. Você também precisa comer alpiste ao longo do caminho ou você vai desmaiar e Wile E. vai te pegar.
Robin Hood (USA)	Robin Hood é um jogo de ação onde você precisa resgatar Maid Marian que está sendo mantida pelo xerife de Nottingham em um castelo (e enquanto você estiver nisso, roube um pouco de ouro para dar aos pobres)! A jogabilidade ocorre em várias telas diferentes com objetivos diferentes. Primeiro você precisará fazer o seu caminho pela Floresta de Sherwood; numerosos capangas estão escondidos aqui, então use suas flechas para atirar neles. Sobrevivendo na floresta, a próxima seção ocorre fora do castelo; naturalmente, vários capangas guardam o portão do castelo. Enquanto desvia das flechas, você precisa atirar no capanga o suficiente para abrir o portão.
Robot Tank (USA)	Muitos tanques inimigos cruzam o campo, destruindo tudo em seu caminho! Seu trabalho é comandar um tanque robô para detê-los. Robot Tank é um jogo de ação no estilo arcade com perspectiva em primeira pessoa. Existem doze esquadrões de tanques para destruir, cada um contendo doze tanques. Cada vez que você destrói um esquadrão inteiro, você ganha um tanque de reserva adicional antes de passar para o próximo esquadrão mais difícil. O jogo acontece o tempo todo; a jogabilidade será alternada desde o início da manhã até o meio da tarde e tarde da noite. Além da hora do dia em constante mudança, o clima também pode mudar inesperadamente.
Roc 'n Rope (USA)	Em Roc 'N Rope no Atari VCS 2600, você está na pele de um alpinista em diferentes montagens. O objetivo é chegar ao topo o mais rápido possível sem ser atingido por obstáculos ou cair.
Rocky & Bullwinkle (USA) (Proto)	Rocky & Bullwinkle é um jogo de ação interessante no qual você deve voar com Rocky pela tela agarrando todos os objetos de valor antes que eles flutuem até Natasha. O R&B soa como Kaboom ao contrário, e se assemelha ao Flying Circus de Dumbo em alguns aspectos. Tesouros podem ser roubados voando Rocky sobre eles e pressionando o botão, mas como Rocky tem músculos fracos de roedor, ele só pode segurar dois objetos de valor ao mesmo tempo. Embora você possa dar qualquer tesouro a Bullwinkle para ganhar pontos, há uma combinação especial que é exibida na tela, essas são as duas que realmente contam. Se você der esses dois tesouros para Bullwinkle, a tela piscará um pouco e o cronômetro será alterado para 75, dando a você mais tempo para procurar a próxima combinação. No entanto, há outro cronômetro que faz uma contagem regressiva constante, não importa o que você faça. Quando esse tempo se esgota, o jogo termina. Este cronômetro pode ser estendido selecionando diferentes variações de jogo.
Room of Doom (USA)	Você está preso em uma sala com um monstro e, como se isso já não fosse suficientemente ruim, há homens armados fora da sala atirando em você quando os portais se abrem. Para avançar, você deve atingir os atiradores quando os portais se abrem. Você deve atirar no monstro e ser rápido, pois os ataques diretos ao monstro apenas o atordoará momentaneamente e caso permaneça no mesmo quarto por muito tempo o monstro passa a ser imune a sua arma. São sessenta e quatro estratégias do jogo. Algumas delas os pistoleiros atiram em linha reta, já em outras apontam diretamente para você. Alguns pistoleiros são lentos e outros são rápidos, alguns portais estão sempre abertos enquanto outros abrem e fecham. A pontuação é dada da seguinte forma: 75 pontos a cada acerto em um pistoleiro armado 50 pontos a cada acerto que atordoar um monstro
Rubik's Cube (USA)	Ajude Marvin, o Mestre do Cubo, a resolver o cubo mágico de Rubik. Ele pega e solta cores ao seu comando - e você tem bilhões de combinações possíveis! O Cubo de Rubik é uma diversão rápida para toda a família.
Rubik's Cube 3-D (USA) (Proto)	Ajude Marvin, o Mestre do Cubo, a resolver o cubo mágico de Rubik. Ele pega e solta cores ao seu comando - e você tem bilhões de combinações possíveis! O Cubo de Rubik é uma diversão rápida para toda a família.
Rush Hour (USA) (Proto)	É hora do rush e você está com pressa, mas há um grande engarrafamento. Você corre ao longo de uma auto-estrada de cinco pistas, no controle de um carro equipado com armas, com a missão de destruir certos carros de transporte que estão causando engarrafamentos. Você deve entrar e sair do tráfego em alta velocidade, detonando carros lentos em seu caminho para chegar ao seu destino. Ao longo do caminho, você também deve evitar obstáculos como carros destruídos, barricadas, pregos e manchas de óleo na estrada. Um radar rastreia o inimigo e avisa sobre o perigo que se aproxima.
S.A.C. Alert (USA) (Proto)	SAC. Alert (S.A.C. significa Strategic Air Command) é o mais completo dos cinco protótipos do Amiga que surgiram, infelizmente também é muito desinteressante por ser bastante semelhante ao jogo Air Raiders da M-Network. Depois de pressionar selecionar para escolher entre uma missão terrestre ou marítima (a única diferença é a cor do? Solo 'e o tipo de inimigos que você encontra), você será mostrado decolando naquela que deve ser a pista mais curta da história dos videogames . Uma vez no ar, você deve atirar em alvos aéreos e terrestres / marítimos. É claro que os alvos inimigos estarão atirando de volta em você, então você também deve se esquivar das balas.
Saboteur (USA) (Proto) (1983-09-02)	Você é Hotot, uma forma de vida cibernética de um planeta sereno em uma galáxia distante. Infelizmente, mesmo em uma galáxia muito distante nem tudo é tão pacífico quanto parece à primeira vista, pois Hotot descobriu uma base de mísseis alienígena escondida em seu planeta. Tripulados por estranhos alienígenas azuis, esses intrusos malvados estão usando seu planeta como local de lançamento para sua ogiva mortal, que deve destruir a fonte de energia da galáxia. Com a ajuda dos Gorfons parecidos com pássaros, você deve destruir a ogiva e evitar a destruição da galáxia! Boa sorte, Hotot. Você é o Sabotador.
Save Mary! (USA) (Proto)	Salve Maria! foi um daqueles 2600 títulos de revival que deveriam ter sido lançados, mas acabou perdida quando a Atari fechou suas operações Atari 2600 em 1990. Save Mary! pode estar em desenvolvimento há mais tempo do que qualquer outro jogo do Atari 2600 (mais de dois anos, de acordo com algumas fontes). Uma razão para isso foi o gerenciamento da Atari constantemente fazendo alterações em um jogo já complexo, mas outra razão para o longo ciclo de desenvolvimento foi que o programador Tod Frye (famoso pelo Pac-Man) pode ter trabalhado apenas meio período para a Atari na época e estava também trabalhando em outro jogo não lançado, o Shooting Arcade, do 2600. Não importa quais sejam as razões, é uma pena, Salve Maria! nunca foi lançado, pois é um jogo divertido e altamente original.
Save Our Ship (USA)	Você é o capitão de um navio da capital que navega no Meno espanhol. De repente, você é atacado por hordas de piratas implacáveis. Dezenas deles a bordo e somente você, com seu fiel cutelo, pode salvar nosso navio!
Save the Whales (USA) (Proto)	Em Save the Whales, sua missão será salvar os golfinhos do seu submarino. Você precisará destruir os obstáculos que os barcos derrubam antes de chegarem aos golfinhos.
SCRMNN (USA) (Proto)	Encontrado em um ferro-velho em 1998 por Ben Liashenko, a identidade deste misterioso protótipo da Activision tem escapado aos colecionadores há anos. Este protótipo funciona como um cruzamento entre um cubo de Rubik e o velho jogo de quebra-cabeça deslizante. O objetivo do jogo é alinhar todas as cores em cada linha, do claro ao escuro. Se você fez isso corretamente, o tabuleiro deve se parecer com a tela de inicialização com as cores descendo do vermelho ao roxo. No entanto, é mais fácil dizer do que fazer o alinhamento de todas as cores devido à maneira única como os quadrados se movem pelo tabuleiro.
Sea Battle (USA)	Sea Battle é um jogo estratégico para apenas dois jogadores. Cada jogador controla uma frota de navios, incluindo submarinos, destruidores e navios de guerra. O objetivo é engajar e afundar os navios inimigos. O vencedor é o jogador que comanda o navio de transporte de tropas para o porto do oponente. Existem duas fases na batalha marítima; a fase de estratégia e a fase de combate. A fase de estratégia inclui manobrar sua frota em diferentes posições estratégicas no mapa, colocar minas e reparar frotas. Os oponentes se envolvem em uma guerra navio-a-navio na fase de combate, acionada pelo botão ENGAGE. Cada um dos diferentes tipos de navios tem seus próprios pontos fortes e fracos, como alcance de arma e capacidade de manobra.
Sea Hawk (USA)	Você comanda o avião de combate Sea Hawk nesta batalha militar! Sua missão é destruir os helicópteros e navios inimigos que passam pela zona de combate. Mas cuidado ! Navios inimigos atacarão seu Sea Hawk com mísseis mar-ar que podem te pegar de surpresa. E os helicópteros inimigos enviarão um fluxo constante de tiros de metralhadora. Ganhar depende de sua mão firme e raciocínio rápido. Se o seu Sea Hawk for atingido, seu piloto será lançado de paraquedas. Mas cabe a você salvá-lo, guiando-o até um de seus navios. Se ele pousar no oceano ou em um navio inimigo, ele morre.
Sea Hunt ~ Scuba Diver (USA)	Você mergulha em busca de tesouros em águas perigosas infestadas de peixes comedores de gente e monstros marinhos ferozes! Você deve ter cuidado ao escolher o momento certo para mergulhar na água, pois você não será capaz de se defender enquanto estiver mergulhando
Sea Monster (USA)	Em Sea Monster você controla um navio em mar aberto. Abaixo das ondas, estão vários monstros marinhos, muitos dos quais estão atacando seu navio! Seu navio está localizado no topo da tela e seu objetivo é ganhar o máximo de pontos possível atirando nos vários monstros marinhos que passam por perto. Quanto mais fundo no oceano o monstro estiver, mais pontos ele vale. O jogo termina quando todos seus navios forem destruídos. A jogabilidade é para um ou dois jogadores, e várias variações de jogo estão disponíveis para controlar a velocidade e dificuldade.
Seaquest (USA)	Seus mergulhadores estão no oceano coletando tesouros. Agora que eles encontraram o que procuram, você deve pilotar um submarino e trazê-los de volta à superfície com segurança!
Seaquest - International Edition (Europe)	Seus mergulhadores estão no oceano coletando tesouros. Agora que eles encontraram o que procuram, você deve pilotar um submarino e trazê-los de volta à superfície com segurança!
Secret Agent (USA) (Proto)	Eles lhe deram um número e tiraram seu nome - &quot;Secret Agent Man&quot; de Johnny Rivers Você, o agente secreto, deve pegar os itens do agente em queda, como documentos dos EUA, caixas e sacolas de dinheiro, enquanto evita os indesejáveis, como insetos, granadas e armas. Depois de um tempo, um tom soará. É quando os barcos na água abaixo de você param de se mover e você precisa ficar acima deles e 'tirar a mão'. Porém, tenha cuidado, pois embora os barcos tenham parado de se mover, os itens que caem não pararam. Em jogos de dois jogadores, os jogadores se alternam.
Secret Quest (USA)	Seaquest é um videogame de simulação desenvolvido por Steve Cartwright e lançado pela Activision em 1983 no Atari 2600. O jogador está aos comandos de um submarino encarregado de recuperar mergulhadores que exploram o fundo do mar em busca de tesouros. Para cumprir sua missão, o submarino deve emergir regularmente para trazer os mergulhadores de volta ao ar livre e renovar seu suprimento de oxigênio. Ele também tem que enfrentar tubarões, que tentam devorar os mergulhadores, e submarinos inimigos, que usam torpedos para tentar destruí-lo e que podem convocar um navio de guerra para impedir o submarino do jogador.
See Saw (Europe)	Como palhaço de circo, você deve tentar pegar o máximo de balões possível sem cair da gangorra. Se mirar bem, você se recuperará e terá outra chance de pegar os balões.
Sentinel (USA)	O jogador assume o controle de um cientista que pilota uma esfera brilhante que eles inventaram, chamada Sentinel, que pode absorver e armazenar energia. Quando os alienígenas invadem a Terra, o cientista viaja no Sentinel para quatro planetas alienígenas - Alptaurus, Ceruptus, Vulnavium e Asceptron - para destruir suas estações de energia, cada uma guardada por um senhor alienígena. Ao destruir esses quatro mundos, o cientista encontra a entidade que controlava os senhores alienígenas e o derrota. O jogo é semelhante ao jogo de arcade Crossbow em que o jogador usa a arma leve para atirar em alvos inimigos, a fim de proteger o orbe Sentinel pairando sobre a superfície de um planeta. Quatro planetas diferentes estão incluídos no jogo, cada um com dificuldade crescente. O jogo apresenta bombas inteligentes que são acionadas ao atirar no orbe. Alguns dos inimigos podem disparar mísseis, mas o jogador também pode destruir esses mísseis atirando neles. O jogo tem três níveis de dificuldade.
Shootin' Gallery (USA)	Shootin 'Gallery é um jogo de tiro semelhante ao Carnival da Sega. Você controla uma arma na parte inferior da tela à medida que diferentes tipos de alvos se movem para a esquerda e para a direita acima dela. Com uma quantidade limitada de munição, você deve ganhar tantos pontos quanto possível atirando em alvos (trens, caracóis, sapos, cangurus, macacos, etc.).
Shooting Arcade (USA) (Proto)	Shooting Arcade é um dos dois únicos jogos de 2600 a usar a arma leve (Sentinel era o outro), mas nunca foi lançado. Isso é uma pena, porque Shooting Arcade é um jogo criativo de tiro ao alvo semelhante à série Point Blank, e teria sido o único entre os 2.600 jogos. Curiosamente, parece que o Shooting Arcade não foi desenvolvido nos Estados Unidos, mas sim no México por uma empresa chamada Heuristica. Não se sabe como o Axlon foi envolvido, mas eles podem simplesmente ter terceirizado o jogo para a Heuristica ao invés de fazerem eles mesmos.
Shuttle Orbiter (USA)	Você deve obter dez peças de uma fábrica em órbita para uma estação espacial incompleta. Infelizmente, um cometa passou perto da Terra e deixou um campo de detritos espaciais que você precisará evitar. Após o lançamento, você verá a Terra sendo circulada, quatro pontos coloridos. Na parte inferior estará o tempo decorrido, o combustível restante e quatro barras indicadoras. Essas barras são as altitudes de sua órbita e suas cores correspondem às cores dos pontos em órbita: branco para o ônibus espacial, dourado para a estação, vermelho para a fábrica em órbita e verde para o depósito de combustível.
Sinistar (USA) (Proto)	Um protótipo sem precedentes do título clássico de arcade. O jogador pilota uma nave isolada e deve criar &quot;Sinibombs&quot; atirando em planetóides à deriva e pegando os cristais que são liberados. As Sinibombs são necessárias para derrotar o chefe do jogo, Sinistar, uma nave espacial animada com uma face de caveira demoníaca. Sinistar não existe no início do jogo e está continuamente sendo construído por navios de trabalho inimigos. Embora o tempo seja essencial, tentar minerar muito rapidamente destruirá um planetóide sem liberar nenhum cristal. Ao mesmo tempo, as naves operárias inimigas também coletam cristais (muitas vezes roubando-os do jogador) que usam para construir o Sinistar.
Sir Lancelot (USA)	Uma donzela em perigo está sendo mantida em um castelo por um dragão que respira fogo! Como Sir Lancelot, você precisa montar seu cavalo alado Pegasus para o resgate. Cada nível neste jogo de ação consiste em duas telas. Primeiro você está fora do castelo, que é guardado por numerosas criaturas voadoras. Você precisa voar em torno da tela e destruir todas as criaturas, batendo com a sua lança (cuidado, se elas te acertarem você vai perder uma vida). Depois que todas as criaturas se forem, você entra na segunda tela que está dentro do castelo. Aqui há um grande poço de lava e um dragão voador. Para destruir o dragão você precisa acertar seu estômago com sua lança. Se você for atingido por uma das bolas de fogo do dragão você será temporariamente atordoado e incapaz de voar. Se você acabar caindo na lava, você perderá uma vida. Se você pode derrotar o dragão, o jogo se repete em um nível de dificuldade mais alto. O jogo termina quando você perde todas as suas vidas.
Six Pack (USA) (Proto)	Acredite em mim quando digo que este protótipo é um mistério completo. Sem programador, sem número de modelo e apenas um palpite sobre a empresa. Nem sabemos o nome do jogo. O único que temos quanto à identidade deste protótipo é o nome Universal, que é serigrafado na placa EPROM. Agora especulamos que este pode ter sido um jogo TCF, já que outra placa de estilo Universal foi encontrada recentemente em um protótipo TCF. Se este é realmente um jogo TCF, então pode ser o misterioso Six Pack que foi mencionado nos manuais anteriores (baseado no filme de corrida de mesmo nome), no entanto, o aspecto da corrida de arrancada se encaixa mais perto do filme TCF Heart Like A Wheel (pat se você realmente se lembra desse filme). A única falha dessa teoria é que nenhum jogo foi anunciado para aquele filme.
Skate Boardin' (USA)	Neste jogo, você tem cinco minutos para ir dos degraus da frente até os degraus da escola. Você tem que passar por este labirinto e conquistar 30 tubos e rampas E chegar à escola. Você começa nos degraus da frente. Para entrar no tabuleiro, mova para a esquerda ou direita e enquanto se move, pressione fogo. Quando estiver no tabuleiro, basta empurrar na direção que deseja virar. Pressione o fogo para pular e pressione e segure o fogo para pular e pousar em uma posição agachada. Você também verá trilhos, paredes e obstáculos, mas você deve evitá-los, pois farão você cair.
Skeet Shoot (USA)	Em Skeet Shoot no Atari VCS 2600, você precisará ganhar o máximo de pontos possível atirando em discos. Seguindo o princípio da armadilha de bola, você pode jogar em pares ou sozinho em vários modos de jogo diferentes.
Ski Hunt (Europe)	Esqui. Atirar. Repetir.
Ski Run (USA)	Ao ligar a Ski Run, você é bombardeado por uma confusão desagradável de ruídos. Não é a melhor primeira impressão! Seu objetivo é esquiar por um percurso de montanha rigidamente definido, ladeado por laranjeiras, rochas e homens da neve. Seu esquiador é representado com cores e até usa seus bastões para virar de um lado para o outro. Também gosto de como as montanhas ao longe sobem e descem lentamente. Você pode ajustar sua velocidade enquanto desliza para baixo na tela de rolagem vertical, evitando árvores, pedras, veados brincalhões, linces e ursos dançantes.
Skiing (USA)	Skiing for Atari VCS 2600 é um jogo de esportes desenvolvido pela Activision. O objetivo deste jogo é esquiar montanha abaixo, evitando árvores e solavancos. Existem dois modos de jogo: corrida de slalom e corrida de velocidade. Cada modo tem 5 níveis de dificuldade que influenciam a duração do curso.
Skindiver (Europe)	Ouro! Diamantes! Rubis! Esmeraldas! Uma riqueza fabulosa espera por você sob as ondas. Mas cuidado! Tubarões comedores de homens, monstros marinhos e outros perigos se escondem abaixo, protegendo este tesouro afundado. Muitos tentaram essas águas e venceram. Aqueles que perdem nunca mais são vistos. Venha e procure. . . se for ousado.
Sky Diver (Europe)	Sky Diver é um jogo de ação para dois jogadores. O objetivo é marcar mais pontos saltando de um avião, abrindo seu pára-quedas e guiando seu sky diver com segurança até uma plataforma de pouso. Quanto mais você espera para abrir seu pára-quedas, mais pontos você ganha por um pouso bem-sucedido, mas não espere muito ou seu paraquedas não abrirá de jeito nenhum! Para cada salto, as condições do vento variam, o que leva o seu sky diver para fora do curso. Uma meia contra o vento na parte inferior da tela o ajudará a determinar a velocidade e a direção do vento para que você possa compensar. São nove saltos no total e o jogador com mais pontos no final vence.
Sky Diver ~ Dare Diver (USA)	Sky Diver é um jogo de ação para dois jogadores. O objetivo é marcar mais pontos saltando de um avião, abrindo seu pára-quedas e guiando seu sky diver com segurança até uma plataforma de pouso. Quanto mais você espera para abrir seu pára-quedas, mais pontos você ganha por um pouso bem-sucedido, mas não espere muito ou seu paraquedas não abrirá de jeito nenhum! Para cada salto, as condições do vento variam, o que leva o seu sky diver para fora do curso. Uma meia contra o vento na parte inferior da tela o ajudará a determinar a velocidade e a direção do vento para que você possa compensar. São nove saltos no total e o jogador com mais pontos no final vence.
Sky Jinks (USA)	Voe slalom em torno dos postes (à direita dos vermelhos, à esquerda dos azuis). Evite pular um poste, bater nos postes, árvores ou balões de ar quente. Tente obter o melhor tempo possível. Se você voar para o lado errado de um poste, receberá uma penalidade de três segundos para cada poste perdido. O número total de postes restantes está na parte superior da tela, acima do tempo. Se você bater em uma árvore, poste ou balão, seu avião cairá no chão. Você não morrerá, mas isso prejudicará seu tempo, pois seu avião terá que decolar novamente. Bater em um poste não prejudicará sua contagem de postes. Você ainda receberá crédito pelo poste, mas perderá tempo porque seu avião foi desacelerado. Você pode pressionar o botão de disparo para acelerar ou soltar para reduzir. Mova o joystick para a esquerda ou direita para virar. Você se inclina em curvas, então você precisa cronometrar as curvas, pois não é instantâneo. Para cima e para baixo no joystick não faz nada.
Sky Patrol (USA) (Proto)	O jogo foi inspirado na experiência do designer Brad Stewart ajudando a equipe de solo de um balão de ar quente, enquanto ele estava na faculdade, e foi planejado para ser uma corrida entre dois balões (com opção para 2 jogadores). Embora a obra de arte retrate biplanos / triplanos da era da Primeira Guerra Mundial, nenhum foi planejado. A área de jogo tem 2 telas de altura e 27 telas de largura.
Sky Skipper (USA)	Você está pilotando um avião e deve salvar os animais das gaiolas onde foram colocados pelos gorilas. Você faz isso pairando sobre um gorila e jogando uma bomba, derrubando o gorila. Uma vez feito isso, os animais estarão fora de suas gaiolas e você só precisa tocar em cada um para salvá-los. As gaiolas dos animais só serão abertas por um tempo limitado, e então o gorila voltará a se levantar. Você então tem que atirar de novo. Você não deve demorar muito para salvar os animais ou ficará sem combustível. Se ficar sem combustível, encontrar um gorila ou as paredes do curso ou, estranhamente, uma nuvem, você perde um avião. Você começa o jogo com quatro aviões.
Skydiver (Europe)	Antes de iniciar o jogo, o jogador deve escolher se deseja viajar 15.000, 10.000 ou 5.000 quilômetros por nível (mais quilômetros alongam cada nível). Em seguida, começa a ação: o jogador deve guiar um pára-quedista até o continente evitando os helicópteros, pássaros e balões de ar quente que rondam o céu. Cada nível termina atingindo o solo evitando o soldado que está patrulhando a área. Se o pára-quedista pousar no meio da tela, ele receberá 1000 pontos pelo feito e uma vida extra. Pousar longe do centro significará menos ganho de pontos, mas você ainda receberá uma vida inteira de brinde.
Slot Machine ~ Slots (USA)	Slot Machine é uma simulação eletrônica de caça-níqueis para um ou dois jogadores. Os jogadores começam com vinte e cinco moedas e podem apostar até cinco moedas em cada jogada. O jogo termina quando um dos jogadores quebra. Existem duas máquinas caça-níqueis diferentes e diversas variações de jogo estão disponíveis, o que afeta o nível de dificuldade.
Slot Racers (Europe)	O objetivo deste jogo de console para dois jogadores é mover seu veículo em um labirinto para que você possa atirar mísseis em seu oponente sem levar um tiro. Os jogos apresentam quatro labirintos diferentes para escolher, cada um mais rápido que o anterior. Outro recurso permite que você decida fazer os mísseis mais rápidos ou mais lentos do que o carro. O interruptor de dificuldade determina se você pode atirar um míssil enquanto um dos seus ainda está na tela. Caso contrário, seu míssil precisa atingir o inimigo ou ser recuperado por seu veículo antes que você possa lançar outro. Cada vez que você atinge seu inimigo com um míssil, você ganha um ponto. O primeiro jogador que conseguir 25 pontos é o vencedor.
Slot Racers ~ Maze (USA)	O objetivo deste jogo de console para dois jogadores é mover seu veículo em um labirinto para que você possa atirar mísseis em seu oponente sem levar um tiro. Os jogos apresentam quatro labirintos diferentes para escolher, cada um mais rápido que o anterior. Outro recurso permite que você decida fazer os mísseis mais rápidos ou mais lentos do que o carro. O interruptor de dificuldade determina se você pode atirar um míssil enquanto um dos seus ainda está na tela. Caso contrário, seu míssil precisa atingir o inimigo ou ser recuperado por seu veículo antes que você possa lançar outro. Cada vez que você atinge seu inimigo com um míssil, você ganha um ponto. O primeiro jogador que conseguir 25 pontos é o vencedor.
Smurf (Europe)	Gargamel sequestrou a Smurfette. Como Smurf, você tem que caminhar da Vila Smurf por uma floresta e caverna no caminho para o Castelo Gargamel, onde o Smurf está esperando para ser entregue.
Smurf - Rescue in Gargamel's Castle (USA)	Gargamel sequestrou a Smurfette. Como Smurf, você tem que caminhar da Vila Smurf por uma floresta e caverna no caminho para o Castelo Gargamel, onde o Smurf está esperando para ser entregue.
Smurfs Save the Day (USA)	Neste jogo de aprendizagem para crianças, você aprende música, classificando e misturando cores. Com o Harmony Smurf, o computador tocará quatro, cinco ou seis notas e você terá que repeti-las. Assim que as notas são tocadas, elas caem no chão e você deve colocá-las no lugar. O nível mais alto possui notas invisíveis, você precisa combinar apenas o som.
Snail Against Squirrel (Europe)	Você poderia gentilmente ajudar um pequeno esquilo que você costuma encontrar brincando na floresta? Eu sou um esquilo muito, muito amigável; Juro, nunca pretendo machucar aquele pobre caracol. À medida que fica cada vez mais frio, não quero nada mais do que armazenar algumas nozes em minhas cavernas, para comer no inverno. Mas por que diabos aquele caracol ganancioso está sempre se escondendo em algum lugar para roubar minhas nozes, assim como aqueles homens da estrada? Veja em que dilema estou envolvido? Para me manter longe daquele caracol astuto, devo continuar a carregar a noz para minha caverna ou colher uma recém-madura?
Sneak 'n Peek (USA)	Sneak 'N Peek é uma versão computadorizada do jogo de esconde-esconde. O jogo é jogado por dois jogadores (ou um jogador contra o computador); um jogador fecha os olhos enquanto o outro está escondido em algum lugar. Uma vez que o segundo jogador está oculto, o primeiro jogador precisa localizá-lo o mais rápido possível. Assim que o segundo jogador for localizado, os papéis serão invertidos.
Snoopy and the Red Baron (USA)	O covarde Barão Vermelho roubou importantes suprimentos de comida dos aliados durante a guerra. Hambúrgueres, casquinhas de sorvete, pipocas e outras guloseimas saborosas foram levadas por este aviador e atirador perverso. Sua tarefa é ajudar Snoopy a derrubar o Barão Vermelho e recuperar os suprimentos roubados. Você começa sua missão com quatro casinhas de cachorro. São necessários oito ataques diretos para derrubar o Barão Vermelho, e para o barão Vermelho derrubar a casinha de cachorro de Snoopy. Se o Barão Vermelho derrubar uma casinha de cachorro, todas as guloseimas acumuladas serão perdidas. Pressione o botão do controlador para disparar a metralhadora do Snoopy.
Snow White and the Seven Dwarfs (USA) (Proto)	Ah não! A Rainha Má criou uma maçã venenosa e quer dá-la à Branca de Neve! Nós, os sete anões, temos que encontrar o Príncipe Encantado para que ele possa salvá-la! Você joga como um dos sete anões. Primeiro você se move através de sua mina de diamantes, coletando diamantes. Você pode coletar até doze diamantes, mas deve coletar um rubi para sair da mina. Na configuração HARD, evite obstáculos e pedras caindo.
Solar Fox (USA)	Como parte de uma missão ousada para salvar uma Terra atormentada pela fome de energia, você deve transportar células solares preciosas em sua nave espacial através de uma matriz complexa. Quanto mais rápido você limpar a matriz, maior será sua recompensa! Sentinelas ameaçadoras oscilam ao longo do perímetro, crivando o campo de energia com bolas de fogo. O menor toque deles reduzirá sua nave a cinzas. Indefesa, você deve se esgueirar entre eles até que a última célula solar esteja segura! A ação fica cada vez mais difícil conforme você se depara com matrizes de células solares mais perigosas e sorrateiras. Mas o teste final espera por você nos misteriosos Desafios Racks, onde as habilidades de especialistas permitirão que você descubra o segredo final de sua missão! Você pode chegar até o fim ... se houver um?
Solar Storm (USA)	Solar Storm é um jogo de ação no estilo arcade onde você controla uma nave espacial para defender seu planeta natal. Naves Deltoid mortais estarão voando na tentativa de destruir seu planeta; além desse perigo, um sol distante explodiu enviando detritos em sua direção. Seu trabalho é atirar em tudo que está vindo em sua direção antes de chegar ao seu planeta (a parte inferior da tela). Cada vez que uma nave inimiga ou algum entulho passa por você, o escudo do seu planeta absorve a energia e se aquece; se superaquecer, será destruído e o jogo terminará. Se sua nave laser colidir com qualquer perigo que se aproxima, você perde uma vida (o jogo também termina se todas as vidas forem perdidas). A cada 500 pontos, há uma tela de bônus onde você tem a chance de ganhar mais vidas. Quanto mais você durar, mais rápido o jogo se tornará.
Solaris (USA)	O jogo Solaris no Atari VCS 2600 coloca você no comando de uma nave em evolução na galáxia Solaris. O jogo oferece 3 ambientes diferentes nos quais o jogador pode ir. O objetivo é destruir todos os lutadores Zylon restantes na galáxia.
Sonar (Unknown) (Proto)	Sonar é um jogo inédito no estilo Batalha Naval desenvolvido pelo programador Brad Stewart nos primeiros dias da Atari. Ele permaneceu como um protótipo perdido e arquivado por mais de 40 anos até ser descoberto e resgatado para a comunidade. Diferente da Batalha Naval tradicional, onde cada jogador tem uma tela secreta, em Sonar o computador esconde os alvos e os dois jogadores competem em tempo real na mesma tela, correndo para bombardear navios e submarinos.
Sorcerer (USA)	Sorcerer é um jogo de arcade de ação que se passa há muito tempo, quando magos e feiticeiros governavam a terra. Os magos do mal decidiram tentar conquistar a terra e enviaram inúmeras ondas de criaturas para parar todos os feiticeiros bons. Seu objetivo é destruir as várias criaturas! Na tela inicial do jogo, há uma plataforma voadora: você precisa pular e pegar essa plataforma que lhe permitirá voar para qualquer lugar da tela. Em seguida, você precisará lutar contra tela após tela de criaturas perigosas, disparando uma carga de energia contra elas.
Sorcerer's Apprentice (USA)	Baseado no clássico animado da Disney &quot;Fantasia&quot;, o Aprendiz de Feiticeiro coloca os jogadores no comando de Mickey Mouse enquanto ele coleta e atira estrelas e meteoros no topo das montanhas para evitar que as vassouras ambulantes encham a caverna do Feiticeiro abaixo. Para cada estrela capturada, um balde aparece para remover parte da água da caverna. Mickey também tem a oportunidade de pegar as vassouras antes que cheguem ao fundo das escadas e inundar a caverna ainda mais.
Space Attack (USA)	O objetivo do jogo é defender sua nave-mãe dos alienígenas. Você tem 3 esquadrões, com 3 navios em cada esquadrão. Os estrangeiros possuem 6 frotas de diferentes tamanhos. Destrua todas as frotas alienígenas e você vai ganhar!
Space Cavern (USA)	Você é o comandante de uma nave intergaláctica em uma missão: explorar novos planetas estranhos. Depois de pousar em um novo planeta e começar a explorar as muitas cavernas, você descobre que o planeta é habitado por mortais Electrosauri. Essas criaturas podem gerar cargas elétricas mortais e agora estão atrás de você!
Space Invaders (USA)	Space Invaders é um jogo de tiro fixo no qual o jogador controla um canhão de laser movendo-o horizontalmente na parte inferior da tela e atirando em alienígenas que caem. O objetivo é derrotar cinco fileiras de onze alienígenas - embora algumas versões apresentem números diferentes - que se movem horizontalmente para frente e para trás na tela conforme avançam em direção à parte inferior da tela. O canhão de laser do jogador é parcialmente protegido por vários bunkers de defesa estacionários - o número também varia de acordo com a versão - que são gradualmente destruídos de cima e de baixo pelas explosões dos alienígenas ou do jogador. O jogador derrota um alienígena e ganha pontos atirando nele com o canhão de laser. Conforme mais alienígenas são derrotados, o movimento dos alienígenas e a música do jogo se aceleram. Derrotar todos os alienígenas na tela traz outra onda que é mais difícil, um loop que pode continuar indefinidamente. Uma &quot;nave misteriosa&quot; especial ocasionalmente se move pelo topo da tela e concede pontos de bônus se destruída.
Space Jockey (USA)	Space Jockey é um jogo de tiro em que seu objetivo é ganhar o máximo de pontos possível, fazendo com que seu disco voador abata os vários inimigos que voam à sua frente. Tanques, jatos, aviões a hélice, helicópteros, balões meteorológicos e até mesmo árvores e casas rolarão pela tela e tentarão destruir seu disco.
Space Shuttle - A Journey into Space (USA)	Space Shuttle é um jogo de simulação onde você é o piloto do ônibus espacial Discovery. Seu objetivo é lançar o Discovery, estabelecer uma órbita ao redor da Terra, abrir as portas do compartimento de carga e recuperar um satélite para fazer reparos e, finalmente, pousar o Discovery com sucesso, usando o mínimo de combustível possível. Cada vez que a missão completa é realizada, ela será repetida em um nível de dificuldade mais alto (nos níveis de dificuldade mais altos, o satélite tem uma trajetória de vôo mais irregular).
Space Tunnel (USA)	Aqui está um novo jogo que irá satisfazer sua curiosidade e desejo de exploração e enriquecerá sua vida por suas cores e sons. Você, capitão de uma frota espacial, entra acidentalmente em um túnel do universo, onde é atacado por todos os lados por estrelas estrangeiras e OVNIs, que estão disparando um tipo de míssil energético em você. Ao atingir as paredes do túnel, os mísseis recuperar automaticamente. Nos combates, as cores na tela mudam com a aparência dos inimigos, e o volume do som aumenta e diminui alternadamente, o que aumenta a tensão nos combates. Para cada 500 pontos marcados, a cor do plano de fundo mudará automaticamente e a sintonia soará para parabenizá-lo por suas excelentes habilidades. Por cada 1.000 pontos marcados, você receberá outra nave espacial.
Space War (Europe)	Neste clássico jogo de vetores, duas naves são controladas por dois jogadores, voando ao redor de um sol, lutando contra a gravidade e tentando explodir um ao outro em pedaços. As opções incluem gravidade variável, um buraco negro, uma lua em órbita extra, espaço toroidal e reprodução através de uma conexão de modem.
Space War ~ Space Combat (USA)	Neste clássico jogo de vetores, duas naves são controladas por dois jogadores, voando ao redor de um sol, lutando contra a gravidade e tentando explodir um ao outro em pedaços. As opções incluem gravidade variável, um buraco negro, uma lua em órbita extra, espaço toroidal e reprodução através de uma conexão de modem.
Spacechase (USA)	Você está em uma missão de reconhecimento baseada na lua em um Mark 16 Starcruiser. De repente, naves alienígenas inimigas se teletransportam e começam a disparar mísseis de nêutrons, que podem destruí-lo com o impacto. Você deve destruir as naves inimigas até que os reforços cheguem da Terra. O inimigo também tem mísseis de prótons direcionados a laser direcionados ao calor, que são disparados com moderação. Esteja ciente de que conforme a batalha avança, os alienígenas ficarão mais desesperados e usarão os mísseis de prótons direcionados a laser direcionados a calor com mais frequência.
SpaceMaster X-7 (USA)	Você é uma nave de assalto que foi projetada para destruir as bases militares Hyperion. Você deve atirar nas bases o suficiente para que o medidor de energia na parte inferior vá de &quot;+&quot; para &quot;-&quot;. Assim que o medidor atingir &quot;-&quot; a base explodirá. Obviamente, a base não é um pato sentado. Há um campo de força que se expande e se contrai, defensores de base e, em rodadas mais altas, escudos. O campo de força tem uma lacuna que você pode atirar ou manobrar dentro do campo e atirar na base de perto. Tenha cuidado, porém, porque você pode ser pego dentro do campo.
Spider Fighter (USA)	Spider Fighter é um jogo de ação no estilo arcade, um tanto semelhante ao Space Invaders. Você controla um blaster na parte inferior da tela e deve defender as três frutas no canto superior direito da tela. Diferentes tipos de aranhas atacantes se movem rapidamente, tentando destruir seu blaster e roubar a fruta.
Spider Maze (USA)	Este jogo raro da K-Tel Vision provavelmente foi vendido exclusivamente no Canadá. É mais fácil encontrar no formato PAL, já que tem mais distribuição no exterior.
Spider-Man (USA)	Green Goblin colocou uma super bomba no topo de uma torre de alta tensão localizada no topo de um arranha-céu! Como Homem-Aranha, você deve escalar o prédio e desarmar a bomba. Use sua teia para escalar o prédio, mas cuidado com os ajudantes do Duende Verde que aparecem pelas janelas para pará-lo.
Spiders (USA) (Proto)	Spiders transporta o jogador para o coração de uma caverna sombria e esquecida, onde uma infestação de aracnídeos gigantes ameaça escapar para a superfície. No papel de um destemido soldado de elite equipado com um traje de isolamento e um canhão laser experimental, sua missão é conter a ameaça antes que seja tarde demais. O teto da caverna está infestado de aranhas biônicas que tecem teias mortais e descem em alta velocidade para atacar. Para piorar, casulos misteriosos eclodem constantemente, liberando criaturas ainda mais rápidas e agressivas. Com recursos limitados e encurralado no fundo do cenário, você precisará de mira afiada e reflexos milimétricos para destruir os inimigos no ar e estourar os fios de teia que bloqueiam seus disparos. Você conseguirá sobreviver ao ninho e erradicar a colônia, ou será consumido pelas sombras rastejantes?
Spike's Peak (USA)	Spike's Peak é um jogo de arcade lançado para Atari VCS 2600. Em cada nível de dificuldade, o objetivo é chegar ao topo da montanha evitando os inimigos.
Spinning Fireball (USA) (Proto)	Firebug é uma tentativa tímida de um jogo de tiro ao alvo 3D. Provavelmente, isso é algo que nunca deveria ter sido tentado no 2600, mas Vidco decidiu tentar mesmo assim. O resultado é um jogo que parece decente, mas é horrível. O objetivo do jogo é fazer com que o seu mago crie e atire uma bola de fogo na catapulta que se projeta no topo da tela.
Spitfire Attack (USA)	Você é um piloto de caça americano. Sua missão é derrubar aviões inimigos. Se você voar muito baixo, receberá um aviso de baixa altitude. Se você não corrigir, você caira.
Springer (USA)	Você é o coelho Springer. Você deve pular de nuvem em nuvem, coletando tudo que puder, para chegar ao sol. Você deve pular de nuvem em nuvem e tocar em quaisquer itens ou ovos para coletá-los. Se um ovo eclodir em um dragão, você pode chutar o dragão para coletá-lo. Há um cronômetro de bônus que faz a contagem regressiva na tela, então não demore. Assim que você alcançar o sol no topo, a tela mudará para uma tela mais desafiadora.
Springteufel, Die (Germany)	Você é um agente secreto enviado em uma importante missão para recuperar documentos inimigos. Existem assassinos inimigos tentando impedi-lo.
Sprint Master (USA)	Sprint Master é um jogo de corrida de ação semelhante ao Super Sprint. O jogo é jogado com uma vista aérea do circuito, e o primeiro dos dois jogadores a correr ao redor da pista pelo número necessário de voltas vence!
Spy Hunter (USA)	Em Spy Hunter no Atari VCS 2600, você dirigirá um carro armado com metralhadoras para atingir seu objetivo. Para fazer isso, você terá que eliminar os muitos inimigos em seu caminho e ir o mais longe possível no tempo previsto.
Squeeze Box (USA)	Em Squeeze Box, seu objetivo é escapar da prisão! Para isso, você precisará abrir caminho através da parede do lado esquerdo ou direito da tela. Depois de formado um buraco grande o suficiente para passar, você pode usá-lo para escapar para a próxima tela.
Squirrel ~ O Esquilo (USA)	Você poderia gentilmente ajudar um pequeno esquilo que você costuma encontrar brincando na floresta? Eu sou um esquilo muito, muito amigável; Juro, nunca pretendo machucar aquele pobre caracol. À medida que fica cada vez mais frio, não quero nada mais do que armazenar algumas nozes em minhas cavernas, para comer no inverno. Mas por que diabos aquele caracol ganancioso está sempre se escondendo em algum lugar para roubar minhas nozes, assim como aqueles homens da estrada? Veja em que dilema estou envolvido? Para me manter longe daquele caracol astuto, devo continuar a carregar a noz para minha caverna ou colher uma recém-madura?
Squoosh (USA) (Proto)	Muito parecido com outro famoso jogo inacabado de Apollo, Pompéia, Squoosh é uma demo que não pode ser jogada, mostrando como seria a tela do jogo. Você controla um cara francês (completo com berete) que pode se mover para a esquerda e para a direita pela tela e pular com o botão. No meio da tela está uma prensa gigante com uma fossa coberta embaixo dela. Quando você começa o jogo, uma uva vai saltar do lado direito da tela e rolar para a frente e para trás no chão. O conceito deste jogo era fazer seu cara chutar ou mover uvas para o centro da tela, onde a prensa descia e as &quot;esmagava&quot; em vinho (que se acumularia no poço abaixo).
Sssnake (USA)	Você estava caçando na Amazônia quando foi vítima de criaturas pré-históricas. Você encontrou uma fortaleza com um grande canhão. Agora você tem que evitar as cobras entrando e saindo e atirar nas criaturas pelos buracos nos tijolos da fortaleza.
Stampede (USA)	Stampede é um jogo de ação / habilidade em que o jogador está a cavalo e deve capturar os bezerros com o laço, evitando obstáculos. O objetivo é obter a melhor pontuação possível.
Star Fox (USA)	Você controla uma nave espacial em um planeta alienígena com a missão de coletar cristais preciosos. Os cristais estão localizados na superfície dos planetas ou em algum lugar da atmosfera. Ao localizar um cristal, você deve voar pela atmosfera dos planetas para recuperá-lo.
Star Raiders (USA)	Como piloto de uma nave interestelar, sua missão é destruir todos os caças Krylon que estão se aproximando de suas bases estelares! Existem três tipos diferentes de lutadores vagando pela galáxia; cruzadores, lutadores e estrelas básicas. Com a ajuda de seu mapa galáctico, você pode encontrar os setores da galáxia onde esses lutadores estão localizados e, em seguida, warpá-los para destruí-los. Quando todos os lutadores em um setor forem destruídos, você pode teletransportar para um novo local para a próxima batalha.
Star Ship ~ Outer Space (USA)	Star Ship contém três jogos de ação arcade diferentes que podem ser jogados por um ou dois jogadores. Navio estelar Essas variações do jogo são jogadas do ponto de vista da primeira pessoa em sua nave estelar. Seu objetivo é ganhar o máximo de pontos possível, atirando em vários inimigos e detritos espaciais. Você tem um limite de tempo de 2 minutos e 16 segundos nas versões de um jogador. Na versão para dois jogadores, o limite de tempo é de 4 minutos e 32 segundos; durante metade desse tempo, um jogador será o comandante da nave estelar, e o outro controlará um módulo espacial e precisa se esquivar do fogo das naves estelares. Os papéis serão invertidos na segunda metade do limite de tempo.
Star Strike (USA)	Star Strike é claramente inspirado na sequência de batalha da Estrela da Morte no filme Star Wars. Você pilota uma nave espacial na trincheira de lançamento do inimigo. Sua missão: destruir a estação alienígena antes que a Terra passe diretamente sobre a trincheira de lançamento. Você tem que escapar das naves alienígenas que defendem a trincheira de lançamento e, ao mesmo tempo, bombardeia os &quot;alvos quentes&quot; vermelhos.
Star Trek - Strategic Operations Simulator (USA)	Star Trek: Strategic Operations Simulator é um jogo de arcade de ação no qual você assume o controle da nave Enterprise. Sua missão é salvar a Federação NOMAD! Antes de poder destruir NOMAD, você terá que lutar através de dez níveis. Em cada turno, você pode encontrar lutadores Klingon, discos anti-matéria mortais, campos de asteróides e meteoros mortais, todos capazes de esgotar a energia da Enterprise.
Star Voyager (World)	Star Voyager é um jogo de ação semelhante ao Star Raiders. Você controla a espaçonave Star Voyager de uma perspectiva de primeira pessoa; Seu objetivo é abrir caminho através de sete portais de estrelas para salvar o Capital Starport, destruindo naves inimigas ao longo do caminho.
Star Wars - Jedi Arena (USA)	Em Star Wars: Jedi Arena , dois Cavaleiros Jedi , um azul e um vermelho, que são representados de uma perspectiva de cima para baixo, se enfrentam durante o treinamento com o sabre de luz . O jogador um é azul; o Jedi vermelho é um oponente controlado por humanos ou por computador. Os jogadores controlam seus sabres de luz com o controlador de remo para se defender das explosões de laser provenientes da bola de apanhador, disparada pelo oponente. O Seeker regularmente fica selvagem e dispara rajadas de laser aleatoriamente. O objetivo do jogo é disparar rajadas de laser do Seeker no escudo do oponente e, finalmente, diretamente no oponente, apontando na direção que o sabre de luz está apontando. O jogo possui quatro níveis de dificuldade, alterando a velocidade do Seeker; no nível mais alto, o Seeker é invisível. O jogo termina quando um jogador recebe três acertos diretos e o vencedor torna-se um Mestre Jedi.
Star Wars - Return of the Jedi - Death Star Battle (USA)	&quot;Death Star Battle&quot; é vagamente baseado nos eventos de &quot;Star Wars, Parte 6: O Retorno dos Jedi&quot;. Sua tarefa é destruir a Estrela da Morte antes que sua construção seja concluída. Você começa a tarefa fora do perímetro do escudo da Estrela da Morte. Lá você terá que combater diferentes espaçonaves imperiais e evitar o raio da morte enquanto espera por uma oportunidade de deslizar por uma das aberturas aleatórias no escudo de energia. Depois de alcançar a Estrela da Morte, você deve reduzir sua estrutura até o ponto em que possa atingir o centro. Na próxima explosão da estação, você deve evitar a colisão com os destroços da Estrela da Morte. Após a destruição bem-sucedida, o jogo reiniciará com dificuldade aumentada (inimigos mais rápidos, construção de Estrela da Morte mais rápida, etc). A dificuldade geral também pode ser ajustada antes de iniciar o jogo.
Star Wars - Return of the Jedi - Ewok Adventure (USA) (Proto)	Star Wars: Retorno dos Jedi: Ewok Adventure, também conhecido como Revenge of the Jedi: Game I, é um videogame de 1983 baseado no filme de 1983 Star Wars Return of the Jedi. O jogo foi desenvolvido pela Atari Games e deveria ser lançado pela Parker Brothers no Atari 2600. Embora tenha sido concluído, o jogo nunca foi colocado à venda porque o departamento de marketing da Parker Brothers considerou os pedidos muito difíceis de dominar.
Star Wars - The Arcade Game (USA)	Você está no controle do X-WING FIGHTER de LUKE, indo direto para a ESTRELA DA MORTE. Sua missão: destruí-la antes que o IMPÉRIO busque sua vingança na base REBELDE. Concentre-se em atacar os TIE FIGHTERS e destrua-os com seus torpedos de prótons. Corra ao longo da superfície do DEATH STAR, atirando em torres gigantes. Finalmente, mergulhe a todo vapor na trincheira equatorial da ESTRELA DA MORTE. Você precisará de um tempo de fração de segundo para evitar todos os obstáculos enquanto avança pela trincheira em busca do reator principal. Acerte e você apagará a ESTRELA DA MORTE! QUE A FORÇA ESTEJA COM VOCÊ.
Star Wars - The Empire Strikes Back (USA)	Star Wars: The Empire Strikes Back recria uma cena do filme de mesmo nome. Você está no planeta congelado de Hoth, e Imperial Walkers se aproxima do Gerador de Energia Rebelde. Como piloto de um snowspeeder, você precisa remover o máximo possível de caminhantes. Os caminhantes estão fortemente blindados e será necessário muito poder de fogo para destruí-los! O jogo é jogado em uma grande tela de rolagem com uma tela de radar na parte inferior para ajudar a rastrear o paradeiro do inimigo. Se um walker acertar o gerador de energia ou você ficar sem speeders, o jogo termina. Boa sorte e que a força esteja com você!
Stargate (USA)	Salve os humanóides dos alienígenas iminentes na sequência de Defender. A tarefa ainda é resgatar humanóides antes que os Landers possam transformá-los em Mutantes, enquanto evita e atira em outros inimigos, no entanto, agora você deve transportar humanóides para um local seguro através do Stargate do título. Entrar neste Stargate não apenas o transporta para o humanóide em perigo mais próximo, mas também pode transportá-lo à frente (enquanto nos primeiros 15 níveis) se você entrar com 4 ou mais humanóides, e lhe dará vidas extras se você deformar com 10 humanóides, então há uma compensação entre garantir a segurança dos humanóides existentes e tentar avançar sua posição Existem mais inimigos na tela do que nunca. O botão Inviso torna você invisível para os inimigos, mas também para você mesmo, então você terá que seguir suas balas para descobrir onde você está na tela.
Stargunner (USA)	Stargunner é um jogo no Atari 2600 onde o jogador deve destruir as naves invasoras enquanto evita o fogo inimigo. O avatar se move livremente na tela para enfrentar as diferentes ondas que chegam das bordas da tela.
StarMaster (USA)	Prepare-se para deixar o mundo como você o conhece. Você está no controle do videogame espacial mais sofisticado e poderoso de todos os tempos. Conforme você navega na escuridão do espaço profundo, você exibe o mapa galáctico em sua tela. O radar revela caças inimigos se aproximando de uma das bases estelares que você jurou proteger. Seus computadores de bordo calculam instantaneamente a energia necessária para a interceptação. Ligue seus motores e vá para o hiperespaço.
Starmaster - International Edition (Europe)	Prepare-se para deixar o mundo como você o conhece. Você está no controle do videogame espacial mais sofisticado e poderoso de todos os tempos. Conforme você navega na escuridão do espaço profundo, você exibe o mapa galáctico em sua tela. O radar revela caças inimigos se aproximando de uma das bases estelares que você jurou proteger. Seus computadores de bordo calculam instantaneamente a energia necessária para a interceptação. Ligue seus motores e vá para o hiperespaço.
Steeplechase (USA)	Steeplechase for Atari VCS 2600 é um jogo de esportes desenvolvido pela Atari. O jogador representa um jóquei que participa de uma pista de obstáculos. O objetivo do jogo é chegar ao outro lado da pista antes que o tempo acabe. Nesse caso, o jogador na liderança vence. Vários níveis de dificuldade estão disponíveis. Eles influenciam o desempenho da IA ​​e a distância entre os obstáculos.
Stellar Track (USA)	Esta é uma versão Atari 2600 de Star Trek. Não tem gráficos, apenas texto. Você usa o joystick, movendo para a esquerda ou para a direita, para selecionar o comando desejado e a seguir pressiona o botão vermelho. Em seguida, mova o joystick para a esquerda ou direita para Definir parâmetros para esse comando, se houver. Você começa pressionando Reset ou Select para escolher quantos inimigos você tem que matar e em quantas estrelas.
Stone Age (USA)	Você retornou no tempo milhões de anos ao mundo selvagem da idade da pedra, onde não há nada além de pedras enormes e dinossauros famintos. Sua missão é matar todos os dinossauros, tornando o mundo mais seguro para sua prole. Se você não puder, o mundo nunca será o que é hoje. O destino do mundo está em suas mãos. Você terá que ser corajoso e cumprir sua missão. Boa sorte!
Strahlen der Teufelsvogel (Germany)	Em Atlantis você controla o sistema de defesa da cidade de Atlântida contra um ataque Gorgon, sua missão é destruir as naves antes que elas cheguem próximo o suficiente da cidade para bombardeá-la. Você controla 3 canhões, sendo que 2 atiram nas diagonais da tela e um no meio. Cada nave inimiga aparece na tela três vezes até ter altitude suficiente para atacar a cidade. De pouco em pouco as estruturas que forem destruídas pelos inimigos voltam a aparecer. O Jogo possui uma continuação na sua linha de história, o jogo Cosmic Ark mostra sobreviventes da cidade de Atlântida.
Strategy X (USA)	Você é um tanque que deve superar obstáculos e evitar o fogo inimigo para chegar a uma base no final do percurso. No entanto, você não precisa esperar mais porque ficará sem combustível. Existem depósitos de combustível ao longo do caminho que podem abastecê-lo, mas esteja ciente de que às vezes os canhões inimigos os destroem antes que você possa recuperá-los.
Strawberry Shortcake - Musical Match-Ups (USA)	Strawberry Shortcake Musical Match-Ups é um jogo de quebra-cabeça onde você tenta endireitar personagens de Strawberryland confusos dentro de um determinado limite de tempo. Quando o jogo começa, um personagem confuso aparecerá na tela e você precisa mudar a cabeça, o corpo e as pernas até que sejam todos de um único personagem. Se um personagem completo for formado corretamente, o personagem executará uma dança e você ouvirá seu tema musical; se um personagem incompleto for formado, o tema musical ouvido será parcialmente de cada um dos personagens que você criou. Vários níveis de dificuldade estão incluídos, o que determina o limite de tempo e qual personagem deve ser criado. Nos níveis mais fáceis, o personagem que você deve criar será indicado por texto na parte inferior da tela. Nos níveis mais difíceis, você deve criar um personagem baseado na música-tema que toca.
Street Racer - Speedway II (Europe)	Uma versão reformulada de Street Racer, publicada e vendida sob o nome de Tele-Games pela Sears.
Street Racer ~ Speedway II (USA)	Uma versão reformulada de Street Racer, publicada e vendida sob o nome de Tele-Games pela Sears.
Stronghold (USA)	Você é enviado para verificar uma base de asteróides abandonada chamada Fortaleza. Conforme você se aproxima, os drones são lançados da superfície. Pode estar abandonado, mas aparentemente o sistema de defesa automática ainda funciona. Você deve atirar ou evitar os drones. Os drones são clonados e viajam em conjuntos, atirar em qualquer drone no conjunto destrói todos os do conjunto, se eles forem destrutíveis (ver variações do jogo). Você pode se mover em qualquer direção, mas não pode atirar direto para a esquerda ou direita. Depois de passar pelos drones, três escudos se formam perto da parte inferior da tela. Além disso, aparecem navios de interceptação e patrulha. Os interceptores rastreiam você e as naves de patrulha apenas se movem para frente e para trás sobre os escudos
Stunt Cycle (USA) (Proto)	Stunt Cycle é um videogame de fliperama desenvolvido pela Atari e lançado em 1976. Ele incorpora um piloto de motocross. O jogo é recebido por um quiosque especialmente projetado, que apresenta uma imitação de guidão. Este possui alças giratórias, permitindo modificar a velocidade do jogador na tela.
Stunt Man (USA)	Os jogadores assumem o papel de um dublê que tem que escapar de vários perigos e chegar a um helicóptero voador. Stuntman é dividido em três fases cronometradas. A primeira etapa conta com o dublê de cordas de escalada para chegar a um helicóptero e ao mesmo tempo se esquivar de pássaros voadores. O segundo estágio mostra o dublê escalando cordas novamente, mas agora o arma com uma espada e exige que ele derrote os caras do diabo voadores antes de escapar.
Sub-Scan (USA)	Submarinos inimigos foram detectados em suas águas. Você comanda um contratorpedeiro que pode lançar até quatro cargas por vez. Sua missão é afundar o maior número possível de submarinos inimigos.
Submarine Commander (USA)	Você é o comandante de um submarino em águas inimigas. Use suas habilidades, radar e sorte para derrubar os navios inimigos. Com 8 níveis de dificuldade, há muito o jogo para dominar, pois você deve começar a ficar de olho no combustível, torpedos, radar e inimigo, evitando cargas de profundidade conforme a dificuldade aumenta. Você pode disparar até dois torpedos por vez. Enquanto os shows do inimigo passam pelo seu periscópio, afunde o máximo que puder. O periscópio pode girar 360 graus e olhar para o horizonte ou próximo ao seu submarino. Algumas naves se movem mais devagar do que outras, e uma das naves se move tão rápido que a única maneira de atingi-la é rastreando-a por radar em vez de visualmente.
Subterranea (USA)	Subterranea é um side scrolling shooter. Seu objetivo é localizar cristais de tesouro dentro das Cavernas Hexuplex. Controlando o seu patrulheiro da caverna, você precisa explodir os vários tipos de aerobots que estão protegendo a caverna. Quando todos os bots em um nível de caverna forem destruídos, uma passagem se abre permitindo que você viaje mais fundo nas cavernas. Ao chegar ao último nível da caverna, você pode coletar o cristal do tesouro e ser transportado para o próximo conjunto (mais desafiador) de cavernas e tentar obter outro cristal. Além dos aerobots mortais, certifique-se de não bater nas paredes das cavernas; eles drenarão sua energia rapidamente, especialmente se você acertar um dos crânios. Quando todos os seus guardas da caverna de reserva esgotarem, o jogo acaba. Conforme você avança pelas cavernas, elas se tornam mais estreitas e os inimigos se movem mais rápido. Níveis de habilidade padrão e avançado estão disponíveis.
Summer Games (USA)	Experimente o poder, a glória, a excitação e o desafio da maior competição atlética do mundo: OS JOGOS DE VERÃO! A deslumbrante CEREMONIA ABERTURA centra-se em 3.000 anos de nobre tradição enquanto observa com orgulho, pronto a fazer o seu melhor para honrar o seu país. Este é o momento em que trabalhou e treinou tanto tempo para o conseguir, testando a sua capacidade sob pressão contra os melhores atletas do mundo. Tentará destacar-se em todo um espectro de eventos desportivos: atletismo, natação e mergulho, ginástica e tiro aos pombos de barro. Ousadia. Habilidade. Estratégia. Determinação. As marcas de um verdadeiro campeão. Se sair vitorioso, receberá o prémio de campeão, a cobiçada MEDALHA DE OURO, perante a multidão entusiasmada. O seu triunfo pode até ficar na história como o maior desempenho pessoal de todos os tempos! Aproveite o momento! Prepare-se para o derradeiro desafio! Experimente os frutos do trabalho árduo - dê o seu melhor e VAI PARA O OURO!
Super Baseball (USA)	Este jogo é uma versão modificada do RealSports Baseball. Os controles do jogo são idênticos. As mudanças são que os gráficos e cores foram alterados.
Super Breakout (USA)	Super Breakout apresenta jogabilidade semelhante ao original, mas com várias novas variações de jogo. Seu objetivo é ganhar o máximo de pontos possível, destruindo os tijolos no topo do campo de jogo. Para fazer isso, você precisa usar a raquete na parte inferior da tela para manter a bola quicando dentro do campo de jogo. Existem quatro variações de jogo diferentes incluídas. O primeiro é 'Breakout' e joga da mesma forma que o jogo original. Isso deixa três novos conceitos de jogabilidade. Em 'Progressivo', as paredes de tijolos irão lentamente cair em direção à parte inferior da tela e a bola se moverá cada vez mais rápido. Quando houver espaço, uma nova camada de tijolos aparecerá no topo. Os outros dois jogos adicionam uma segunda raquete. Em 'Double Breakout' você tem duas bolas para manter em jogo e marcar. Em 'Cavidade', há uma única bola em jogo quando você começa, mas duas bolas adicionais presas dentro dos tijolos. Eles são liberados quando os tijolos ao redor são destruídos.
Super Challenge Baseball (USA)	O objetivo do jogo é marcar mais pontos em 9 ou mais entradas. A maioria das regras do beisebol profissional se aplica: 3 rebatidas para uma saída, 4 bolas para uma caminhada, as primeiras 2 bolas em questão contam como rebatidas. Cada jogador controla uma equipe de 8 pessoas. Uma equipe está em campo enquanto a outra equipe está no bastão
Super Challenge Football (USA)	O objetivo do jogo é superar a pontuação do seu oponente. Existem passes, corridas, bloqueios e touchdowns! Simulação de turnos de 15 minutos. Você define tanto o ataque quanto a defesa. Controle individual de quarterback e linebacker.
Super Cobra (USA)	Super Cobra é um jogo de tiro de rolagem lateral baseado no jogo de arcade. Você é um piloto de helicóptero em uma missão de vigilância em território inimigo : seu objetivo é cruzar os diferentes caminhos de obstáculos e marcar o máximo de pontos possível. Grandes edifícios, montanhas, túneis estreitos e vários inimigos (como tanques, foguetes, minas, etc.) podem entrar em seu caminho e destruir seu helicóptero se você não tomar cuidado. Para ajudá-lo a se defender, o helicóptero está armado com metralhadoras e bombas que podem ser usadas para destruir tanques e foguetes inimigos. Para tornar a tarefa mais difícil, seu helicóptero tem uma quantidade limitada de combustível. Em todas as paisagens existem tanques de combustível,se algum deles for abatido ou bombardeado, você receberá combustível extra.
Super Football (USA)	é um jogo de futebol americano com visão isométrica. O jogador um sempre começa como ataque e está com as camisas vermelhas. O computador (ou o jogador dois) começa como defesa e usa camisetas azuis. Você tem a opção de passar ou correr. No ataque, você controla o quarterback até que ele passe a bola. Você então controla o receptor. O quarterback não pode passar depois de cruzar a linha de scrimmage. Na defesa, você controla o lateral.
Super-Ferrari (Germany)	Jogo de corrida típico. Você tem que evitar outros carros com sua Fórmula 1 para se tornar o primeiro deste Grande Prêmio.
Superman (USA)	Superman no Atari VCS 2600 um jogo de ação desenvolvido pela Atari. Em sua primeira adaptação de console, Superman tem a tarefa de salvar Metropolis das garras de Lex Luthor. Ele terá que voar entre os arranha-céus da cidade, evitando os obstáculos colocados em seu caminho e mandando os bandidos que encontrar para a prisão. Pegue as peças e leve para o lugar onde a ponte foi destruída para consertá-la. Se for atingido por tiros encontre com Lois Lane para recuperar a força. Após ter prendido todos os bandidos e reconstruir a ponte vá a Fortaleza da Solidão para concluir o jogo.
Surf's Up (USA) (Proto)	Você controla uma pequena prancha de surfe amarela (que por acaso tem o mesmo tamanho e formato do JoyBoard) que pode mover pela tela na tentativa de &quot;pegar a onda&quot;. Você pode se mover em direção ao topo da onda (representado por uma linha vermelha) para marcar pontos, mas se ficar lá por muito tempo, você será eliminado. Além disso, você pode se mover para a esquerda e para a direita ao longo da tela, mas não ganha nenhum ponto por fazer isso. Há uma segunda linha vermelha que se move para cima e para baixo na tela, mas não parece fazer nada (talvez esteja simulando o movimento da onda?). Depois de mover a tela e apagar uma ou duas vezes, você verá tudo o que há para ver no jogo.
Surfer's Paradise - But Danger Below! (Europe)	O paraíso dos surfistas, mas o perigo está abaixo! é um jogo publicado no Atari VCS 2600. O jogador interpreta um surfista que deve ficar no topo de sua onda evitando ser comido pelos tubarões que espreitam.
Surround (Europe)	Surround é um jogo de arcade lançado para o Atari VCS 2600. Cada jogador controla uma cobra e ganha pontos quando o outro jogador corre para eles.
Surround ~ Chase (USA)	Surround é um jogo de arcade lançado para o Atari VCS 2600. Cada jogador controla uma cobra e ganha pontos quando o outro jogador corre para eles.
Survival Run (USA)	Neste jogo, você entrou em algumas cavernas subterrâneas em outro planeta. Ao tentar fazer seu caminho, você deve destruir naves inimigas e campos de força. Você move a retícula do alvo movendo o joystick pressionando o botão vermelho. Você pode ver as naves se aproximando, mas se eles chegarem muito perto, eles vão atirar em você, fazendo com que você perca energia. Se você ver um campo de força, verá um quadrado à direita. Atire no quadrado para desativar o campo. Se sua nave atinge o campo, você perde energia. Você ganha energia quando destrói uma nave ou desabilita um campo de força. Use o mapa na parte superior da tela para determinar qual caminho seguir, à esquerda ou à direita. Se você escolher o caminho errado ou ficar sem energia, o jogo acaba.
Sweat! The Decathlon Game (USA)	Suor! era para ser a versão Starpath do Decathlon para o Supercharger da Activision. Dado o fato de que o Supercharger permitia mais memória e jogos maiores, Sweat! provavelmente teria sido um jogo incrível se tivesse sido concluído. É claro que isso nunca aconteceu, pois o mercado de videogames estava se desintegrando rapidamente e as pessoas não estavam gastando dinheiro em videogames normais, muito menos em jogos que exigiam hardware especial. Foi nessa época que a Starpath com problemas financeiros se fundiu com a Epyx. A maioria dos programadores do Starpath foi transferida para a Epyx e usou o conceito de jogo da Sweat! S para criar os Summer Games.
Swordfight (USA)	Em guarda! Ataque, finja, bloqueie, ataque! Esta é uma luta de espadas mano a mano para apenas dois jogadores. Pressione o botão para pular para dentro e para fora e mova o joystick para balançar a espada e bloquear. Sua espada é obviamente baseada em um sabre de luz pela forma como a lâmina se estende e pelos efeitos sonoros.
SwordQuest - EarthWorld (USA)	SwordQuest: EarthWorld foi um jogo de aventura produzido para o Atari 2600. O jogo se resume a andar de sala em sala, encontrar e soltar itens, superar estágios de ação para encontrar mais objetos e ver o número ímpar de dígitos piscando para você se você obtiver o combinação certa de itens nas salas certas. Os conjuntos de números, por exemplo 16-4, eram na verdade uma combinação de um número de página e um número de painel na história em quadrinhos que acompanha o jogo. Na página indicada pelo jogo, você encontrará uma palavra escondida em algum lugar do número painel. Quando todas as palavras corretas forem encontradas, você pode enviá-las ao Atari na esperança de ganhar o concurso SwordQuest para o qual este jogo foi projetado.
SwordQuest - FireWorld (USA)	SwordQuest: FireWorld, o segundo jogo da série SwordQuest, era incrivelmente idêntico ao primeiro jogo, EarthWorld. Neste episódio, você vai se encontrar andando de sala em sala, encontrando e soltando itens, superando fases de ação para encontrar mais itens, vendo o jogo de números ímpares que você pisca se conseguir a combinação certa de itens nas salas certas.
SwordQuest - WaterWorld (USA)	Assim como os jogos SwordQuest: EarthWorld e SwordQuest: FireWorld antes dele. SwordQuest: WaterWorld envolve andar pelas salas, pegar itens, superar estágios de ação para revelar mais itens e ver o jogo de números ímpares piscar para você quando você os tiver. objetos certos nos quartos certos.
Tac-Scan (USA)	Os dirigíveis inimigos estão se aproximando de sua base de comando! Você tem que pilotar seu esquadrão de cinco aviões para a batalha para defendê-lo. Tac-Scan é uma conversão do jogo de arcade. Você controla um esquadrão de cinco navios na parte inferior da tela, seu objetivo é ganhar o máximo de pontos possível destruindo os vários inimigos que irão atacar você. Se qualquer um dos aviões do seu esquadrão for atingido por fogo inimigo, ele será destruído. O jogo termina quando todas os cinco aviões forem destruídas. Conforme você avança no jogo, ocasionalmente terá a oportunidade de reabastecer os aviões perdidos. Cada vez que você completa uma rodada atirando em dez inimigos, um avião adicional aparecerá na tela. Você pode adicionar esse avião ao seu esquadrão pegando-o em um espaço vazio na formação. Cada vez que você completar quatro rodadas, o jogo avançará para o próximo nível com dificuldade aumentada!
Tanks but No Tanks (USA)	Phantom-Panzer é um jogo de arcade lançado para Atari VCS 2600. Um veículo de assalto deve defender uma cidade atirando em tanques fantasmas.
Tapeworm (USA)	Você é o verme Slinky. Você deve se mover pela tela e comer feijão. Cada vez que você come um feijão, você fica mais comprido. Os feijões aparecem aleatoriamente na tela e devem ser comidos antes que o besouro de baixo vá da esquerda para a direita para que a contagem regressiva chegue a zero. Se o besouro chegar à direita antes de chegar ao feijão, mais dois grãos aparecerão na tela e dois grãos serão adicionados para a contagem. Às vezes, o pássaro Beeky ou a aranha Spanky passam pela tela. Uma vida é perdida. Se eles tocam sua cabeça (quadrado amarelo) ou colidem com paredes, obstáculos ou com você.
Tapper (USA)	Tapper é um jogo de ação onde você é um cervejeiro (barman) e tem que servir cerveja para clientes exigentes. Há quatro clientes, cada um com sua própria faixa mais longa do que o anterior, que você deve manter afastados. Se eles chegarem ao fim da rua sem receber a cerveja, você é um caso perdido; se você perder uma e acidentalmente derramar cerveja sem necessidade, você perde uma vida e se uma delas jogar a caneca para você e você não conseguir pegá-la, você perde uma vida também. Ocasionalmente, um ícone bizarro aparecerá em uma das linhas e, se você pegá-lo, invocará um show no estilo &quot;cabarette&quot; que manterá alguns dos clientes ocupados. A versão Xbox 360 inclui rodadas de bônus, bem como modos cooperativo e versus multiplayer, também online, junto com conquistas.
Tax Avoiders (USA)	Você é John Q e quer ser rico. Neste jogo, você começa na tela de receitas, onde tenta coletar dinheiro enquanto evita a burocracia governamental (que parecem cobras vermelhas). Você só tem um ano para recuperar seu dinheiro e investi-lo. A cada segundo passa um dia.
Taz (USA)	Embora o nome não signifique nada nos Estados Unidos (a verão USA ´usa o Taz - Tazmania), Asterix é um conhecido herói dos quadrinhos. Asterix e seu amigo Obelix são dois guerreiros travessos que constantemente frustram as tentativas dos soldados romanos de conquistar a Gália. Originalmente criado em 1959, Asterix ainda é popular hoje, o que o torna um dos quadrinhos mais antigos do mundo.
Telepathy (USA) (Proto)	Telepathy é um dos dois jogos de protótipo conhecidos que foram desenvolvidos para o controlador Mindlink falho da Atari. O Mindlink era uma faixa que o jogador usava na cabeça e conectada à porta do joystick. A ideia era que os sensores do Mindlink detectariam qualquer movimento facial ou contração muscular que o jogador fizesse. Atari realmente disse que o Mindlink lia os pensamentos do jogador (claro que sim ...). O problema era que o Mindlink não funcionava muito bem nos testes iniciais e, mesmo quando funcionava, os jogadores reclamavam de dores de cabeça e tonturas por contorcerem o rosto o dia todo. Após resultados de teste decepcionantes, o controlador Mindlink foi sabiamente cancelado.
Tempest (USA) (Proto)	Na lista de jogos que provavelmente nunca deveriam ter sido testados no 2600, Tempest deve estar perto do topo. Por que a Atari decidiu que poderia reproduzir um jogo vetorial 3D no 2600 está além da minha compreensão, mas os resultados não foram muito bonitos. Às vezes você tem que respeitar os limites de 2600.
Tennis (USA)	O tênis é um jogo do Atari VCS 2600 que, como o nome sugere, vem do esporte de mesmo nome. É possível jogar sozinho contra o AI ou com dois jogadores no versus. O jogo segue as regras do tênis.
Tennis - International Edition (Europe)	O tênis é um jogo do Atari VCS 2600 que, como o nome sugere, vem do esporte de mesmo nome. É possível jogar sozinho contra o AI ou com dois jogadores no versus. O jogo segue as regras do tênis.
Texas Chainsaw Massacre, The (USA)	Este jogo é muito difícil de encontrar porque muitos varejistas se recusaram a vendê-lo. Outros mantinham o jogo atrás do balcão, longe das crianças. A Wizard Video enfrentou protestos quando lançou este jogo, já que alguns grupos sociais alegaram que ele promovia violência. É muito difícil encontrar com a caixa e o manual.
Threshold (USA)	Threshold é um jogo simples de Shoot'em up. Você está no controle de uma nave espacial na parte inferior da tela e deve atirar em várias formações de inimigos no topo da tela. Para tornar as coisas mais difíceis, você limitou o tempo na forma de um tanque de combustível que será reabastecido depois que você limpar várias ondas. Além disso, sua espaçonave está equipada com um laser que tende a superaquecer. Cada tiro aumenta um pouco a barra de calor do laser. Uma vez que atingiu seu máximo, você não pode mais atirar e é forçado a esperar até que ele esfrie enquanto lentamente fica sem combustível.
Thunderground (USA)	Existem seis bases nucleares na superfície do planeta. Você tem que cavar no subsolo e destruí-los. Mas esteja avisado, elas estão sendo vigiados por tanques Core Ranger que, se eles o tiverem na mira, irão destruí-lo.
Thwocker (USA) (Proto)	Thwocker é um jogo tão estranho quanto seu nome. Escrito por Charlie Heath (famoso no Reactor), Thwocker foi descrito como &quot;Justa com instrumentos musicais&quot;. Embora esta não seja uma descrição ruim, ela realmente não ilustra todos os elementos de jogabilidade que tornam Thwocker um jogo tão interessante. Você controla um pequeno maestro (que parece uma bola de boliche) que deve pular em um labirinto coletando notas musicais para sua canção. Ao longo do caminho, você deve evitar vários instrumentos musicais que estão atrás de você.
Time Pilot (USA)	Time Pilot é um jogo de tiro no estilo arcade. Ao pilotar sua nave espacial confiável, você deve destruir os esquadrões de naves inimigas! Em cada nível, você tem uma cota de inimigos que deve ser destruída. Depois de atingir sua cota, um chefe de nível final aparecerá; uma vez destruído, você avançará para o próximo nível. O jogo começa em 1910 e, cada vez que um nível é concluído, você avança no tempo. Em 1910, você só tinha que enfrentar biplanos relativamente desarmados, mas conforme os níveis avançam, a tecnologia evolui. Cada novo nível traz consigo aviões mais resistentes e fortemente armados, incluindo jatos, helicópteros e até discos voadores! Ocasionalmente, você encontrará um pára-quedas; se você pega-lo, ganhará pontos de bônus.
Time Warp (USA)	Este jogo coloca você em uma nave espacial futurista, semelhante a um avião comercial, voando pelo que parece ser uma caverna, enquanto enfrenta um bando de inimigos.
Title Match Pro Wrestling (Europe)	Title Match é um jogo de luta livre que pode ser jogado com um ou dois jogadores. Existem quatro lutadores diferentes para escolher e dois modos de jogo (um contra um ou Tag Team). Cada lutador pode chutar, socar e realizar vários movimentos, como giro de avião, soco corporal, levantamento de peso e muito mais. Usando os movimentos disponíveis, você precisa drenar a energia de seus oponentes e contá-los até três (mas tenha cuidado, pois alguns dos movimentos mais poderosos também usam um pouco de sua própria energia). Se a energia do oponente estiver baixa o suficiente e você lançá-la com sucesso, isso contará como um knockdown, e com três knockdowns você vencerá a partida!
Title Match Pro Wrestling (USA)	Title Match é um jogo de luta livre que pode ser jogado com um ou dois jogadores. Existem quatro lutadores diferentes para escolher e dois modos de jogo (um contra um ou Tag Team). Cada lutador pode chutar, socar e realizar vários movimentos, como giro de avião, soco corporal, levantamento de peso e muito mais. Usando os movimentos disponíveis, você precisa drenar a energia de seus oponentes e contá-los até três (mas tenha cuidado, pois alguns dos movimentos mais poderosos também usam um pouco de sua própria energia). Se a energia do oponente estiver baixa o suficiente e você lançá-la com sucesso, isso contará como um knockdown, e com três knockdowns você vencerá a partida!
Tomarc the Barbarian (USA)	Tomarc the Barbarian é um jogo lançado no Atari VCS 2600. O jogador se reveza jogando Tomarc, que procura sua espada mágica em cavernas repletas de inimigos, e Senta, a garota presa que ele deve libertar, que deve lutar contra morcegos gigantes e outros oponentes .
Tooth Protectors (USA)	Neste jogo, você é T. P., o Tooth Protector, e está tentando proteger alguns dentes das cáries causadas pelos Snack Attacks. O Snack Attack se move pela parte superior da tela, jogando migalhas de lanche em direção aos dentes. Você se move na parte inferior da tela, logo acima dos dentes. Você deve desviar as migalhas de volta, com sorte acertando o Snack Attack ou uma migalha caindo para ganhar pontos.
Top Gun (Germany)	Objetivo do jogo é atirar em tantos inimigos quanto possível, evitando ser derrubado por canhões de flak (que pode causar uma queda de até 15 pés de altitude) e aterrisar em segurança novamente antes que o combustível se esgote. Se mais de dez inimigos forem destruídos é possível decolar novamente com munição igual ao número de inimigos que foram atingidos.
Towering Inferno (USA)	Um arranha-céu no centro da cidade pegou fogo, muitas pessoas estão presas e você deve vir em seu socorro! Seu objetivo é salvar o maior número possível de sobreviventes dos vários andares do edifício.
Track and Field (USA)	Track & Field é um jogo esportivo lançado no Atari VCS 2600. O jogador pode tentar sua sorte em diferentes eventos olímpicos, como 400m, salto em distância, lançamento de martelo e outros.
Treasure Below (Europe)	Há um fabuloso tesouro dourado lá embaixo, apenas esperando para ser levado. Também há muito perigo com medusas, polvos, tubarões e outras criaturas submarinas que patrulham as profundezas. Você tem sua confiável faca e arpão para proteção. Tenha cuidado, às vezes esses monstros marinhos irão cercá-lo e você terá que lutar até o topo para manter seu tesouro dourado junto com sua busca. A ação fica cada vez mais rápida. Você testa todas as habilidades de vídeo que conhece, além de inventar algumas novas.
Treasure Island (Europe)	Você guia um navio pelo lado esquerdo da tela, ajustando a trajetória do seu canhão enquanto descarrega balas de canhão em navios e criaturas marinhas. A Ilha do Tesouro tem alguns floreios visuais agradáveis, como navios movidos pela água por pequenos remos.
Trick Shot (USA)	Trick Shot é um jogo de bilhar para um ou dois jogadores. Você pode optar por jogar bilhar (o primeiro jogador com 25 ou 50 pontos ganha), truques (tentativa de ganhar pontos fazendo todas as bolas do tabuleiro afundarem em uma única tacada) ou um jogo de treino com variações de truques.
TRON - Deadly Discs (USA)	Baseado no filme de Walt Disney, você interpreta um homem preso em um mundo de computador que deve continuar se movendo para evitar se machucar. Os inimigos virão para cima de você três de cada vez, e jogarão discos em você. Você deve continuar se movendo para evitá-los enquanto também atira os discos de volta para eles. Existem diferentes portas que você pode entrar e que o teletransportarão para outra parte da sala, dando a você a chance de pegar os inimigos desprevenidos. Existem dois níveis de habilidade e quanto mais alta for sua pontuação, mais difícil será o jogo. Seus inimigos se moverão mais rápido, se tornarão mais precisos e os discos serão movidos muito mais rápido.
Tunnel Runner (USA)	Tunnel Runner é um jogo de labirinto 3D avançado, essencialmente como seria uma versão de 1ª pessoa do jogo Pac-Man. Como o &quot;Tunnel Runner&quot; foi projetado com um chip de memória expandida embutido (RAM Plus!), Seus 12 KB de memória permitem apresentar o labirinto em três dimensões. Portanto, o campo de jogo é um labirinto colorido e tridimensional, então você nunca se vê ... apenas as paredes de cada lado de você que formam os corredores pelos quais você viaja. Conforme você se move ao longo das passagens, túneis adicionais aparecem em ambos os lados, nos quais você pode entrar pressionando para a esquerda ou para a direita.
Turbo (USA) (Proto)	Como a maioria dos jogos para Atari 2600 da Coleco, Turbo é uma adaptação para arcade, baseada no jogo de arcade homônimo da Sega. Até sua descoberta em 2006 por um dos programadores originais do jogo, Turbo era considerado um dos cálices sagrados dos protótipos do Atari 2600. Isso se deve, em parte, à publicidade do jogo pela Coleco e à sua inclusão nos catálogos do Atari 2600, além da aparição do jogo na Consumer Electronics Show (CES) de 1983.
Turmoil (USA)	Turmoil é um jogo de tiro em ritmo acelerado. Você pilota uma nave presa em uma câmara de sete túneis. Sua nave só pode subir e descer em um corredor vertical que conecta os túneis. Você não está sozinho. Uma variedade de inimigos vagam por esses túneis, focados em sua destruição. Portanto, o objetivo final de &quot;Turmoil&quot; é tornar o corredor central maior e detonar alienígenas no processo.
Tutankham (USA)	Você é um explorador da tumba do Rei Tut e tem a missão de coletar o máximo de tesouros valiosos que puder encontrar. Além dos tesouros, você também encontrará uma chave em cada um dos quartos. Isso é necessário para destrancar a entrada para a próxima sala, mais difícil. Tenha cuidado, o túmulo é guardado por muitas criaturas perigosas!
Universal Chaos (USA)	Assuma o controle de um tanque em território inimigo. Ao navegar pelas colunas e linhas, você precisará evitar colidir com tanques inimigos enquanto os sopra em pedacinhos. Pegue o bônus durante a sua busca por alguns pontos adicionais e um breve alívio da ação rápida. Quanto mais tanques você derruba, mais furioso o inimigo fica atrás de você. Existem quatro níveis de dificuldade e a opção de ter dois jogadores jogando competitivamente, cada um na sua vez.
Up 'n Down (USA)	Up 'n Down é um jogo de corrida lançado para Atari VCS 2600. O objetivo do jogo é vencer uma corrida contra os concorrentes enquanto coleta bandeiras coloridas e evita armadilhas.
Vanguard (USA)	Em Vanguard, o teu objetivo é pilotar a tua nave espacial até à Cidade Misteriosa, que se encontra no fim de um túnel fortemente vigiado, e, uma vez lá, destruir a criatura Gond. O túnel está dividido em várias zonas diferentes, chamadas Zona da Montanha, Zona do Arco-Íris, Zona do Pau, Zona das Riscas, Zona Escura e Cidade Misteriosa. Cada zona tem diferentes tipos de naves inimigas para enfrentar e pode deslocar-se na horizontal ou na vertical. Na Zona da Montanha ou na Zona das Riscas, também podes encontrar uma cápsula de energia marcada com um &quot;E&quot;. Se voares através dela, a tua nave torna-se temporariamente invencível contra as paredes mortíferas das cavernas e os muitos inimigos que tentam impedir-te.
Venetian Blinds Demo (USA) (Demo)	Como o nome indica, a demo Venetian Blinds não é um jogo, mas uma demo que simula um par de venezianas! O joystick pode ser usado para aumentar e diminuir as cortinas, empurrando para cima ou para baixo. Quando as cortinas são levantadas, um belo pôr do sol é visível pela janela. A história por trás da demo do Venetian Blind é bastante interessante. Como a maioria das pessoas sabe, a Activision foi fundada por vários ex-funcionários da Atari que saíram devido às políticas da Atari sobre reconhecimento de programadores (ou a falta delas). Um desses funcionários foi Bob Whitehead, criador da técnica &quot;Venetian Blinds&quot;, que foi usada pela primeira vez no Video Chess da Atari para exibir oito objetos em uma linha em vez dos seis normais. Mesmo que a Activision nunca tenha usado a técnica Venetian Blinds em nenhum de seus jogos, isso não impediu a Atari de ameaçar processar a Activision por &quot;roubar&quot; a técnica junto com várias outras informações proprietárias.
Venture (USA)	Venture é uma conversão do popular jogo de arcade. Você controla Winky, o aventureiro heróico. Seu objetivo é coletar o máximo de tesouros que puder, que estão espalhados por várias masmorras. Em cada masmorra, existem várias câmaras, cada uma contendo um tesouro. Armado apenas com sua besta, você precisa passar pelas diversas criaturas que guardam a câmara, agarrar o tesouro e fazê-lo sair novamente. Ao coletar o tesouro de cada uma das câmaras da masmorra, você pode passar para a próxima masmorra mais difícil.
Video Checkers ~ Checkers (USA)	Video Checkers for Atari VCS 2600 é uma simulação do jogo Checkers desenvolvido pela Atari. O aplicativo usa as regras clássicas do jogo de damas. Ele contém vários modos de jogo: um modo clássico, um modo para 2 jogadores e um modo variante onde o objetivo do jogo é perder.
Video Chess (USA)	Video Chess for Atari VCS 2600 é um jogo de simulação de xadrez desenvolvido pela Atari. O jogo usa as regras clássicas do xadrez de tabuleiro. Existem 8 níveis de dificuldade que afetam o tempo que o computador levará para pensar sobre seus movimentos.
Video Jogger (USA)	Este é um jogo para ajudá-lo a se exercitar usando o pad Foot Craz e uma representação visual na tela. Uma vez ao redor da pista é de aproximadamente trinta e cinco metros. Para começar, pise no ponto verde do teclado. Existem duas faixas. O superior é mais lento e o inferior é mais rápido. Para tocar, pise, alternadamente, nos pontos azuis e laranja para fazer a carinha feliz contornar a pista. Você não deve permitir que os símbolos de ritmo que circulam as trilhas o toquem quando estiverem vermelhos, apenas quando estiverem verdes. Para mudar para a faixa inferior, pise no ponto vermelho. Para voltar ao trilho superior, pise no ponto amarelo.
Video Life (USA)	Video Life transforma sua TV em um tablet doodle no qual você pode criar imagens detalhadas, padrões e símbolos. O Video Life então começará sua imagem pulsando e crescendo em padrões novos e inesperados, com acompanhamento de tom musical. Sua imaginação combinada com o desenvolvimento incansável de qualquer padrão pelo computador de jogo são uma combinação criativa ideal. As infinitas variações possíveis garantem que sempre haverá padrões novos e surpreendentes para descobrir.
Video Olympics ~ Pong Sports (USA)	Video Olympics é um jogo de arcade lançado no Atari VCS 2600. Ele oferece várias variações do jogo Pong, onde dois jogadores devem devolver a bola sem deixá-la cair.
Video Pinball (Europe)	Video Pinball for Atari VCS 2600 é um jogo de Pinball desenvolvido pela Atari. O jogo é baseado no princípio de uma máquina de pinball. O objetivo é ganhar o máximo de pontos possível. Existem dois níveis de dificuldade e 4 modos de jogo.
Video Pinball ~ Arcade Pinball (USA)	Video Pinball for Atari VCS 2600 é um jogo de Pinball desenvolvido pela Atari. O jogo é baseado no princípio de uma máquina de pinball. O objetivo é ganhar o máximo de pontos possível. Existem dois níveis de dificuldade e 4 modos de jogo.
Video Reflex (USA)	Este é um jogo de exercícios. Você deve pisar no ponto da mesma cor do quadrado onde o bug está. Se você esperar muito ou pisar no ponto errado, perderá uma de suas oito vidas. Em níveis posteriores, você terá um inseto e uma borboleta. Você deve pisar no inseto, mas não na borboleta. Outros níveis têm dois bugs e uma borboleta e podem permitir que você pise em qualquer bug ou exija que você os pise em uma determinada ordem. Variações do jogonnUse o ponto vermelho para selecionar seu nível. Um a três = insetos aleatórios com borboletannQuatro = bugs sequenciais em ordem crescentennCinco = bugs sequenciais em ordem decrescentennSeis = Erros sequenciais em ordem crescentennSete a Nove = Combinação de bugs em ordem crescente. PontuaçãonnVocê ganha 1 ponto para cada bug corrigido eliminadonnApós 20 pontos, o nível aumenta.
Vogel Flieh (Europe)	O jogador controla um golfinho que tenta fugir de uma lula gigante. Ele deve evitar colidir com matilhas de cavalos-marinhos enquanto navega em correntes que se movem para frente e para trás (indicadas por setas apontadas com ou contra a direção do golfinho, respectivamente) que aceleram ou desaceleram sua velocidade. Ocasionalmente, uma gaivota aparece acima da superfície da água que, se tocada, permite ao jogador um curto período de invencibilidade. Durante esse tempo, o golfinho é capaz de tocar a lula e afastá-la. O sonar do golfinho soa para indicar como evitar os cavalos-marinhos: um tom alto indica uma abertura perto da superfície da água e uma ressonância mais baixa indica uma passagem no fundo do mar.
Wabbit (USA)	Em Wabbit, você controla a agricultora Billie Sue, que deve proteger suas safras de cenoura! O campo está infestado de coelhos e você deve expulsá-los. Em cada lado da tela há cinco buracos de coelho; os coelhos sairão dos buracos e tentarão roubar as cenouras. Você tem que jogar ovos podres nos coelhos para assustá-los. Cada vez que os coelhos pegam uma cenoura, um ponto é adicionado à sua pontuação. Cada vez que você acerta um ovo num coelho, você receberá pontos. Para cada 100 pontos que você ganhar, os coelhos perderão 25 pontos. O jogo termina quando os coelhos alcançam 100 pontos. Várias variações de jogo estão incluídas, permitindo que um, dois ou três coelhos se reproduzam ao mesmo tempo.
Walker ~ Schussel, der Polizistenschreck (Europe)	O objetivo disso é tão banal quanto o próprio título em inglês: você anda pela rua e tem que chegar ao outro lado da tela antes que o tempo se esgote. Isso não é exibido na forma de barras, mas pelo número de pontos. A cada segundo que passa, os pontos são deduzidos de forma consistente e, se chegar a zero, o jogo termina. Porém, a motivação chega ao zero antes do final do jogo, pois depois de meio minuto você já viu tudo no jogo. Se a primeira tela ainda estiver vazia, você encontrará na segunda um policial de pé, que deve ser pulado. Na terceira seção, já existem dois e assim por diante. A única mudança é o tempo decorrido mais rápido.
Wall Ball (USA)	Quebre o hábito do &quot;flat&quot; e descubra uma nova dimensão nos videogames. Jogue com a velocidade, o controle e a habilidade do handebol, mas sem sair de casa. Comece devagar ou rapidamente, mas não se surpreenda se Wall Ball lhe der um bom treino!
Wall Break (Europe)	Você é o defensor e só tem uma chance.
Wall-Defender (USA)	Você está na parede externa de uma fortaleza espacial e deve defendê-la de alienígenas. Os alienígenas virão de qualquer um dos quatro lados da tela e você deve atirar neles antes que eles colidam com sua parede. Se dez alienígenas ou um super alienígena atingirem sua parede, a parede externa e as pontes que a conectam à próxima parede entrarão em colapso. Você só pode atirar na direção do lado da parede em que está. O jogo termina quando: 1. Você está em uma seção de parede ou ponte de conexão quando ela desmorona, fazendo com que você flutue para longe. 2. Sua pontuação chega a 999.999 pontos. Os alienígenas retratados na parte inferior da tela indicam em que nível você está. Se você passar de um nível inteiro sem que um alienígena acerte sua parede, você recupera uma camada da parede para um máximo de quatro.
Warlords (USA)	Warlords é um jogo de ação no Atari 2600 no qual você deve defender sua fortaleza de outros jogadores (ou da IA). Você controla um escudo para devolver a bola. Se tocar no seu castelo, será destruído pouco a pouco.
Warplock (USA)	De repente, piratas espaciais tentam desativar sua nave para abordá-lo. Tudo o que resta é o seu lançador de tachyon, que se move para frente e para trás e dispara um feixe de tachyon. Fique longe dos piratas espaciais o máximo que puder.
Wing War (Europe)	Wing War é um jogo de ação onde você controla um dragão. Começando em sua caverna subterrânea, seu objetivo é capturar um diamante cintilante. Para fazer isso, primeiro você precisa desbloquear a passagem secreta trazendo um cristal de fogo, água e ar de volta para sua caverna. Os cristais podem ser encontrados explorando os vários locais disponíveis, normalmente você precisará destruir um dos muitos inimigos para que eles se transformem em um cristal. Cristais de fogo e água não podem estar na caverna sozinhos ao mesmo tempo, um cristal de ar deve ser colocado entre eles; então você precisará trazer de volta os cristais na ordem fogo, ar, água ou água, ar, fogo. Depois de fazer isso, um super cristal é formado para desbloquear a passagem secreta para que você possa tentar obter o diamante! Seu dragão tem uma quantidade limitada de energia; ser atingido por inimigos fará com que a energia se esgote, e o jogo termina quando todos os seus dragões perderem toda a energia.
Wings (USA) (Proto)	Como você deve ter adivinhado com um nome como Wings, este jogo é sobre aviões. Wings um jogo de simulação de combate aéreo semelhante ao título War Birds do Atari Lynx. Wings foi originalmente planejado para ser um jogo 4K, mas foi decidido que tentar enfiar um simulador de vôo completo em um minúsculo cartucho 4K era muito difícil. Portanto, o Wings foi engavetado até que o desenvolvimento do chip RAM Plus (um chip de 10,5K RAM) tornou isso possível. Wings foi pensado para existir como um protótipo por muitos anos, mas não foi descoberto até o final de 2004. Foi originalmente assumido que Wings usaria o controlador Booster Grip para seus controles complexos, mas quando o protótipo foi finalmente encontrado, foi descoberto que ele suportava não apenas o Booster Grip, mas também um estranho esquema de dois joysticks (semelhante ao lançamento tardio do Atari, Radar Lock).
Winter Games (USA)	Os Jogos de Inverno são uma série de sete competições emocionantes. Podem participar desta competição internacional até oito jogadores, cada um escolhendo um país para disputar. O objetivo é que o seu país saia na frente. Você vai competir em eventos de velocidade pura como patinação e em eventos de velocidade e controle como slalom, biatlo, bobsleigh e luge. Você testará sua habilidade contra competidores em eventos de estilo e distância, como saltos de esqui. Você vai ganhar marcando o melhor tempo ou acumulando mais pontos. A nação que vence mais eventos ganha a medalha de ouro!
Wizard (USA) (Proto)	Wizard pode ser descrito como um cruzamento entre Berzerk e Wizard Of Wor. Você controla um mago que deve tentar destruir uma criatura em forma de estrela rodopiante. O layout do tabuleiro é um labirinto gigante, tornando difícil fugir da criatura e obter um tiro certeiro.
Wizard of Wor (USA)	Wizard of Wor é um jogo de tiro arcade jogado de um ponto de vista de cima para baixo. O jogador controla um guerreiro que está preso em uma masmorra. O objetivo é ganhar o máximo de pontos possível, atirando nas inúmeras criaturas inimigas que vagam pelo labirinto como corredores. As criaturas vagam em várias velocidades, podem atirar dardos no jogador e algumas até podem desaparecer temporariamente. Na parte inferior da tela, o jogador possui um radar que pode ser usado para localizar criaturas que são invisíveis.
Word Zapper (USA)	O jogador controla um &quot;Zapper&quot; semelhante a uma nave espacial que pode se mover pela tela e disparar para cima, para a esquerda e para a direita. O objetivo é atirar em ordem as letras que formam a palavra atual, evitando os asteróides na parte inferior da tela. Existem quatro tipos de asteróides e cada um tem um efeito diferente se entrar em contato com o Zapper. O asteróide &quot;Doomsday&quot; termina o jogo. O asteróide &quot;Scroller&quot; embaralha as letras de rolagem por cinco segundos. Os asteróides &quot;Zonker&quot; e &quot;Bonker&quot; atingem o Zapper pelo lado. O jogo termina após ser atingido por um asteróide apocalíptico, após o limite de tempo de 99 segundos ou o objetivo final de completar três palavras ter expirado.
Words-Attack (Europe) (Proto)	Protótipo Sancho extremamente raro. Apenas um cartucho é conhecido. O jogo parece estar inacabado, porque ainda tem mais de 1K de espaço livre restante que poderia ter sido usado para um 'pool de palavras' válido. Este jogo provavelmente foi originalmente feito pela Home Vision, porque um logotipo da Home Vision foi encontrado dentro desta ROM
World Championship Baseball (Europe)	Este jogo de beisebol licencia o ex-jogador do Cincinnati Reds, Pete Rose. Ele permite que o jogador jogue todas as posições no campo. Diferentes estilos de rebatidas e arremessos estão disponíveis. Possui voz e som digitalizados e oferece uma variedade de opções de jogo, incluindo ação de um ou dois jogadores, jogo da temporada ou exibição. Em uma mudança um tanto antecipada, são oferecidas oito perspectivas diferentes. Existem também alguns recursos de gerenciamento de equipe, conforme você seleciona e ordena seu time, e contrata novos jogadores. Isso pode durar mais de dez temporadas, tornando-se um dos primeiros modos de carreira.
World End (USA)	Você é o comandante de uma base de laser e deve combater uma invasão inimiga do espaço sideral. Robôs galácticos atacam com raios mortais galácticos, aranhas e sondas destruidoras.
Worm War I (USA)	FLASH ESPECIAL: Worms GIGANTES ATACAM A CIDADE DE TERIYAKI! Você comanda um tanque na parte inferior da tela. Você pode ir para a esquerda ou direita, mas ainda está avançando. Você pode controlar a velocidade de avanço empurrando o joystick para cima ou para baixo. Quando os vermes estão se movendo, você deve atirar neles para evitar que ataquem em você. Também atire nos blocos durante o percurso. Tente não explodir os barris de combustível. Toque-os para reabastecer. Você pode ir para a extremidade esquerda ou direita da tela e não ser atingido por um verme, mas não pode atirar neles enquanto estiver lá ou competindo. Em cooperação, você compartilha os mesmos pontos e o mesmo tanque de combustível. Quando um tanque fica cheio, o tanque de seu parceiro é preenchido automaticamente. Na competição, cada um de vocês tem seus pontos e um tanque de combustível.
Wustenschlacht (Germany)	Há muitos tesouros valiosos mantidos na área da pirâmide. Os piratas gostariam de escavá-los secretamente com seus helicópteros e jatos. A Associação Cultural Mantendo não pode deixar de comandar tanques e hélices para impedir que os piratas cheguem ao seu destino. Você começa este jogo com três hélices; um é ativo e os outros são reforços. Abater o helicóptero e o jato do inimigo, você recebe pontuações.
X-Man (USA)	Este jogo não tem nada a ver com nenhum personagem da Marvel. Você é o super garanhão, o X-Man. O objetivo é fazer o seu caminho através de um labirinto aleatório, evitando caranguejos, tesouras ou dentes, para chegar até a gostosa atrás da porta no meio do labirinto. Você tem 90 segundos para chegar lá. Depois de alcançar a baby, você entra na Surpresa Sexy, onde deve, então, dar-lhe sexo para fazê-la atingir o orgasmo. Você tem 30 segundos para satisfazê-la e então partir para o próximo labirinto. Seus pontos são a quantidade de tempo restante depois que você atinge o centro do labirinto e atinge o clímax dela vezes dez e 20 pontos para cada incremento do medidor de excitação sexual. Você deve ter o botão esquerdo de dificuldade na posição A para jogar. Defina-o como B para fazer uma pausa. Reiniciar reinicia o jogo. Selecionar o botão de dificuldade não será usado.
Xenophobe (USA)	Xenophobe é um jogo de tiro lançado para o Atari VCS 2600. Um grupo de cientistas deve eliminar os Xenos, monstros que respiram ácido, antes que eles invadam o universo.
Xevious (USA) (Proto) (1984-01-18)	É perigoso, é sorrateiro, é Xevious. Nunca antes um slogan resumiu um videogame com tanta perfeição. Xevious foi um dos primeiros (se não o primeiro) de um novo gênero de jogos de arcade: o atirador de rolagem. Embora consideremos esses jogos comuns hoje, em 1982, esse conceito era desconhecido. A maioria dos jogos da época tinha apenas uma tela sem rolagem, o que limitava seriamente sua criatividade. Um atirador de tela como Galaga e Galaxian era bom, mas os jogadores estavam famintos por algo diferente. Xevious satisfaz essa fome.
Yars' Revenge (USA)	Em Yars 'Revenge, seu objetivo é destruir a base do laser Qotile, localizada no lado direito da tela, atrás de um escudo. Você controla o Yar semelhante a uma mosca, que pode destruir o escudo peça por peça, atirando nele ou colidindo com ele. Assim que o escudo for derrubado, você precisará usar o canhão Zorlon para destruir o Qotile. O canhão Zorlon está localizado no lado esquerdo da tela e, quando disparado, pode destruir o Qotile com um acerto direto. O Qotile não está completamente desarmado contra seus ataques, no entanto. Vagando pela tela está um míssil destruidor, que estará constantemente mirando em seu Yar. Este míssil não pode ser destruído, no entanto, você pode se esconder temporariamente dele em um escudo que corre verticalmente no centro da tela. O Yar não será capaz de disparar enquanto estiver escondido no escudo, então você não pode ficar lá indefinidamente! A segunda arma Qotiles é um redemoinho que disparará aleatoriamente em você e deve ser evitado. Quando você finalmente destruir o Qotile, você pode passar para a próxima rodada de jogo mais rápida. Estão incluídas várias variações de jogo que controlam a dificuldade e a velocidade do jogo.
Z-Tack (USA)	Você é um disco voador tentando destruir cidades abaixo. Você pode se mover em qualquer direção e atirar, basta segurar o botão e pressionar dessa forma. As cidades vão disparar mísseis contra você para detê-lo. Em níveis posteriores, os mísseis se transformam em bombas de balão.
Zaxxon (USA)	O sistema de defesa Zaxxon deve ser destruído neste shoot 'em up em visão isométrica. O jogo tem três fases, primeiro levando você através da Cidade Asteróide, que é fortemente protegida por aeronaves, armas e mísseis. Muitas barreiras estão alarmadas, deixando-o com espaço limitado para progredir, e o fogo deve ser constantemente esquivado. A segunda fase é um tiro espacial contra hordas de aeronaves inimigas - aquelas que você não conseguiu destruir na primeira parte da tarefa. Complete isso e você chegará à batalha final com Zaxxon, o jogo repete com maior dificuldade se você conseguir sobreviver pela primeira vez.
Zoo Fun (USA)	Acalme os animais inquietos em suas gaiolas. Cada gaiola esconde um minijogo onde você deve pegar o animal para acalmá-lo e depois sair da gaiola para poder ir acalmar outro animal.
