#key	synopsis
3-D Genesis (USA) (Proto)	In ferner Zukunft wird der Planet von riesigen Superinsekten heimgesucht, die erbittert ums Überleben kämpfen. Sie haben sich für eine Seite entschieden, für die Sie kämpfen möchten, und der Feind wurde in eine tiefe Spalte getrieben, aber jetzt sind Sie zahlenmäßig unterlegen. Sie stellen ihre Zahlen auf die Probe. Man sagt, die Sanftmütigen werden die Erde erben, aber wie lange kann man sie verteidigen? Dies sollte ursprünglich eines von drei „3-D“-Spielen auf der Power-Play Arcade Nr. 1-Kassette sein. In einem Katalog für das Stromversorgungssystem des Amiga wurde ein Screenshot gezeigt, es war jedoch keine Beschreibung enthalten. Es wurde 1983 von Dan McElroy und Jerry Lawson programmiert, zurückgestellt und 2010 für eine limitierte Veröffentlichung freigegeben.
3-D Ghost Attack (USA) (Proto)	„Sie sagen, dass es in der Villa spukt, aber niemand weiß es so genau. Und Sie müssen es einfach herausfinden. Mit Ihrem Fotostrahl bewaffnet beginnen Sie mit der Suche. Plötzlich gibt es einen Lichtblitz. Dann noch einen. Und noch einen. Sie' Überall um dich herum kommen sie von Wänden, Türen, Fenstern, überall her. Du greifst nach deinem treuen Fotostrahl. Jetzt weiß es jemand genau ...“
3-D Havoc (USA) (Proto)	Ihr Sternenkreuzer beginnt zu zittern, als der Hyperwarp-Antrieb plötzlich abschaltet. Wenn Sie langsamer werden, stellen Sie fest, dass Sie sich in einem Asteroidenfeld befinden. Ein GROßES Asteroidenfeld. Sie machen sich auf den Weg zum Laser-Puls-Wechselrichter mit hoher Dichte. Ihre einzige Chance besteht darin, sich den Weg nach draußen zu bahnen. Und am besten fangen Sie jetzt an...
3-D Tic-Tac-Toe (USA)	Das Spiel ähnelt dem traditionellen Tic-Tac-Toe-Spiel, wird jedoch auf vier vertikal gestapelten 4x4-Rastern gespielt. Es ist im Grunde eine computerisierte Version des Brettspiels Qubic mit traditioneller Tic-Tac-Toe-Notation und Layout. Um zu gewinnen, muss ein Spieler vier seiner Symbole auf vier Feldern platzieren, die vertikal, horizontal oder diagonal auf einem einzigen Gitter oder gleichmäßig über alle vier Gitter verteilt sind. Dies schafft insgesamt 76 mögliche Gewinnwege, im Vergleich zu acht möglichen Gewinnwegen auf einem Standard-3×3-Brett. Das Spiel hat neun Variationen: Es kann von zwei Spielern gegeneinander gespielt werden, oder ein Spieler kann auf einer von acht verschiedenen Schwierigkeitsstufen gegen eine eingebaute KI spielen.
3-D Zapper (USA) (Proto) (1982-12-15)	3D Zapper ist eine fertige Version eines Prototyps, der während der anfänglichen Entwicklung noch nicht fertiggestellt wurde. Laut Programmierer Todd Marshall: „Es gab ein 3D-Weltraumspiel, an dem ich arbeitete (in Firmenmemos 3-D Zapper genannt). Bei JWDA gab es eine Debatte über 3D. Aus irgendeinem Grund dachte Jim Wickstead darüber nach, ein 3D-Spiel zu entwickeln. Ich weiß nicht mehr warum. Als ich aufhörte, dachte ich darüber nach, die 3D-Spielidee einzuführen, und der zweite dieser Karren hat eine 3D-Waffe und 3D-Feinde und eine Treffererkennung.
32 in 1 Game Cartridge (Europe, Australia)	Dies war eine Kasette im PAL-Format,die in Europa, Australien und Neuseeland veröffentlicht wurde. Sehr oft wurde die Spielesammlung der Konsole beigelegt. Nach jedem einschalten des Atari 2600 / 7800 wird ein anderes Spiel gestartet. Die Spiele sind wie folgt: UFO (a renaming of U. S. Game's Space Jockey), Flag Capture, Human Cannonball, Reversi (a renaming of Atari's Othello), Activision's Checkers, Slot Racers, Blackjack, Fishing (a graphic hack of Activision's Fishing Derby in which you are fishing for crabs), Freeway Rabbit (a graphic hack of Activision's Freeway in which you are a rabbit), Space War, Fun with Numbers, Golf, 3-D Tic-Tac-Toe, Surround, Miniature Golf, Activision's Boxing, Football, Air-Sea Battle, Freeway Chicken (a renaming of Activision's Freeway), Activision's Tennis, Activision's Skiing, Activision's Fishing Derby, Sky Diver, Bowling, Combat, Activision's Stampede, Activision's Laser Blast, Outlaw, Slot Machine, Basketball, Home Run, Ant Party (a renaming of CommaVid's Cosmic Swarm).
Acid Drop (Europe)	Ein Blockspiel ähnlich wie Columns. Das Ziel des Spiels ist es, eine horizontale oder vertikale Linie aus drei oder mehr Blöcken der gleichen Farbe zu bilden, die dann verschwindet. Die restlichen Blöcke fallen herunter, verschwinden aber nicht wenn sie eine andere Linie bilden. Alle 10.000 Punkte erscheint ein spezieller Block (der Acid Block), der drei Spalten von Blöcken entfernt und den Beginn der nächsten Stufe markiert.
Actionauts (USA) (Proto) (1984-06-22)	1984 begann Rob Fulop mit der Arbeit an seinem letzten Spiel für den Atari 2600, einem &quot;Roboterprogrammierspiel&quot; mit dem Titel &quot;Actionauts&quot;. Aufgrund der damaligen Marktbedingungen für Atari 2600-Cartridges wurde Actionauts nie fertiggestellt und wurde erst 2008 der Öffentlichkeit vorgestellt oder veröffentlicht. Das ursprüngliche, scheinbar einfache Puzzlespiel fordert einen einzelnen Spieler heraus, mit dem Programmeditor eine Abfolge von Befehlen zu konstruieren, um einen Roboter auf dem Bildschirm so zu steuern, dass er den &quot;Käse&quot; erreicht. Es ist nicht annähernd so einfach, wie es aussieht!
Activision Decathlon, The (USA)	Der Activision Decathlon ist eine Serie von olympischen Spielen, die der Epyx-Spieleserie ähnelt. Bis zu vier Spieler können in den zehn verschiedenen Disziplinen eines realen Zehnkampfs antreten, entweder nacheinander oder einzeln. Enthalten sind der 100-Meter-Lauf, Weitsprung, Kugelstoßen, Hochsprung, 400-Meter-Lauf, 110-Meter-Hürdenlauf, Diskuswurf, Stabhochsprung, Speerwurf und 1500-Meter-Lauf. Die flachen Laufwettbewerbe erfordern einfaches Joystick-Wackeln, das mit genau getimten Tastendrücken ausgeglichen werden muss, um die Hürden zu überwinden - ein Aufprall oder eine Unterbrechung des Schritts führt zu einem Verlust von Schwung und damit von Zeit. Bei den Sprung- und Wurfdisziplinen musst du durch Wackeln des Joysticks Schwung aufbauen und dann den Knopf drücken, um im richtigen Moment zu werfen oder zu springen. Für jede Disziplin gibt es Punkte, je nachdem, wie gut du abschneidest (dies kann auf deiner Laufzeit basieren oder darauf, wie weit du den Speer oder den Diskus wirfst, usw...), und der Spieler mit den meisten Punkten am Ende des Zehnkampfs gewinnt die Goldmedaille.
Adventure (USA)	Ein böser Zauberer hat den Verzauberten Kelch gestohlen und ihn irgendwo im Königreich versteckt. Das Ziel des Spiels ist es, den verzauberten Kelch zu retten und ihn in das Goldene Schloss zu bringen, wo er hingehört. Das ist keine leichte Aufgabe, denn der böse Magier hat drei Drachen erschaffen, die Sie bei Ihrer Suche nach dem Goldenen Kelch behindern sollen. Da ist Yorgie, der gelbe Drache, der einfach nur gemein ist; da ist Grundle, der grüne Drache, der gemein und wild ist; und da ist Rhindle, der rote Drache, der der wildeste von allen ist. Rhindle ist auch der schnellste Drache und am schwierigsten auszumanövrieren.
Adventures of TRON (USA)	„Adventures of Tron“ basiert auf dem von Walt Disney produzierten Tron-Film. Die Spielumgebung besteht aus 4 Etagen, jede mit fliegenden „Teilen“ sowie Feinden. Ziel des Spiels ist es, Tron (Sie) durch ein Labyrinth aus Plattformen und Aufzügen zu steuern und herumfliegende Teile abzufangen. Für Sie stehen insgesamt 4 Leben auf dem Spiel. Sorgen Sie dafür, dass sich jedes einzelne lohnt!
Adventures on GX-12 (Europe)	„Adventures of Tron“ basiert auf dem von Walt Disney produzierten Tron-Film. Die Spielumgebung besteht aus 4 Etagen, jede mit fliegenden „Teilen“ sowie Feinden. Ziel des Spiels ist es, Tron (Sie) durch ein Labyrinth aus Plattformen und Aufzügen zu steuern und herumfliegende Teile abzufangen. Für Sie stehen insgesamt 4 Leben auf dem Spiel. Sorgen Sie dafür, dass sich jedes einzelne lohnt!
Air Raid (USA)	Das Ziel dieses Spiels ist es, die Gebäude am unteren Rand des Bildschirms zu verteidigen. Es gibt vier Arten von angreifenden Schiffen, die sich auf dem Bildschirm nach unten bewegen. Sie bewegen sich direkt über den Gebäuden. Die Feinde werfen Bomben ab, um zu versuchen, Ihre Gebäude zu beschädigen oder Sie zu zerstören. Sie müssen Raketen nach oben feuern, um sie zu zerstören. Die Wellen der Feinde nehmen kein Ende. Das Spiel endet, wenn alle drei Ihrer Schiffe zerstört sind oder wenn beide Gebäude so viel Schaden genommen haben, dass sie einstürzen. Es gibt acht Spielvarianten. Einige, bei denen sich die Schiffe von Seite zu Seite bewegen, während Sie sich nach unten bewegen, einige, bei denen sich Ihre Schüsse zur Seite bewegen, wenn Sie es tun, einige schnellere und einige mit Kombinationen aus einer oder allen dieser Möglichkeiten.
Air Raiders (USA)	Ein einfacher Flugsimulator und ein Luftkampfspiel. Schießen Sie auf die Flugzeuge, vermeiden Sie die Flak. Sie haben eine begrenzte Menge an Munition und Treibstoff. Schießen Sie 10 Flugzeuge ab und Sie können landen, um aufzutanken, aber Sie können Munition verlieren. Sie erhalten nur so viel Munition, wie Sie beim letzten Mal erfolgreich Flugzeuge abgeschossen haben.
Air-Sea Battle ~ Target Fun (Japan, USA) (En) (Atari Anthology)	In Air-Sea Battle, einem Ballerspiel, das auf dem Atari VCS 2600 veröffentlicht wurde, befinden Sie sich an Bord eines U-Bootes, eines Bootes oder eines Kampfflugzeugs und müssen alle Ziele zerstören, die Ihnen in den Weg kommen.
Air-Sea Battle ~ Target Fun (Japan, USA) (En)	In Air-Sea Battle, einem Ballerspiel, das auf dem Atari VCS 2600 veröffentlicht wurde, befinden Sie sich an Bord eines U-Bootes, eines Bootes oder eines Kampfflugzeugs und müssen alle Ziele zerstören, die Ihnen in den Weg kommen.
Airlock (USA)	Der Spieler ist in einem zerstörten Atom-U-Boot gefangen, das begonnen hat, Wasser aufzunehmen. Er muss entkommen, indem er die Ebenen des U-Boots nacheinander hinaufsteigt. Auf jeder Etage gibt es zwei Lukenschlüssel, die eingesammelt werden müssen, um den Aufzug zur nächsten Ebene zu öffnen. Es gibt jedoch eine zeitliche Begrenzung; Wenn Sie zu lange brauchen, wird der Boden überflutet und Sie können nicht entkommen. Aufgrund des Unfalls sind die Torpedos an Bord des U-Boots nun lose und wandern auf dem Boden, während das Boot wackelt. Der Spieler muss über alle Torpedos springen, die seinen Weg kreuzen, sonst wird er kurzzeitig bewusstlos und verschwendet wertvolle Zeit.
Alien (USA)	In diesem Spiel, das lose auf dem gleichnamigen Film basiert, müssen Sie sich wie Pac-Man durch ein Labyrinth (die Räume Ihres Schiffs laut Handbuch) bewegen, um Punkte zu sammeln (die Eier der Außerirdischen zu zerstören). Wenn Sie den Energiepunkt (Pulsar) aufheben, können Sie für kurze Zeit jeden der drei Außerirdischen töten. Es gibt immer nur drei Feinde gleichzeitig im Labyrinth, es gibt jeweils einen Bonusgegenstand und jeweils nur einen Kraftpunkt (Pulsar). Wenn Sie den Pulsar fangen, wird er an einem von zwei anderen Orten erscheinen.
Alien's Return (Europe)	Ein Außerirdischer ist auf der Erde gelandet und um zu seinem Planeten zurückzukehren, muss er die vier Teile seines Raumschiffs finden. Gehen Sie in die verschiedenen Räume und drücken Sie die Taste. Hoffentlich erscheint ein Teil des Schiffes in einer Ecke des Bildschirms. Heben Sie es auf und wiederholen Sie den Vorgang, bis Sie nach Hause kommen können. Hüten Sie sich jedoch vor den Wachen, denn diese werden Ihnen folgen, um Ihnen eine Falle zu stellen.
Alligator People (USA) (Proto)	Sie sind im tiefsten Teil des Dschungels verloren. Sechs Ihrer Freunde sind in den Bann des Alligatorvolkes geraten. Sie verwandeln sich langsam in Alligatoren und Sie sind der Einzige auf der Welt, der sie retten kann! Um diese Transformation zu stoppen, müssen Sie jeden von ihnen mit einem speziellen Gegenmittel impfen, das Sie im Sumpf sammeln. Du hast nicht viel Zeit! Ganz zu schweigen von den Alligatoren, die dich verfolgen, während du versuchst, Gegenmittelfläschchen zu sammeln! Je länger Sie warten, desto mehr Gegenmittel benötigen Sie, um die Auswirkungen des Alligatorvolkes umzukehren! „Alligator People“ ist ein neuer Prototyp, der auf dem gleichnamigen Film basiert.
Alpha Beam with Ernie (Japan, USA) (En)	Ihr Schiff stammt aus keinem Raum und ist eine einzige Möglichkeit, die Verbrennungstanks an ihren örtlichen Standorten zu betreiben und zu versiegeln. Im Alpha Beam mit Ernie, dem Jogador Ênio, einer beliebten Persönlichkeit von Vila Sésamo. Ihr Schiff ist fließend, kein Raum, nicht brennbar. Um die Funktionsfähigkeit zu gewährleisten, müssen Sie unbedingt die Tanks aufsuchen, die nicht in den Raum gelangen, und sie ins Schiff bringen. Achten Sie jedoch darauf, dass für jedes Kind eine bestimmte Position vorliegt. Alpha Beam mit Ernie Faz stammt aus der ersten Atari-Kinderspielreihe und wurde für Kinder vor 3 und 7 Jahren empfohlen.
Amidar (USA)	Amidar ist ein bisschen so, als würde Pac-Man auf Qix treffen: Das Ziel besteht darin, vordefinierte Rechtecke neu zu malen, während der Spieler in Qix die Freiheit hatte, seine gemalten Formen zu zeichnen. Im ersten Level steuerst du einen Gorilla, der unterwegs Pellets sammelt, während er die Kisten neu streicht und mit einem Speer bewaffneten Charakteren aus dem Weg geht. Wenn er alle vier Ecken der Spielfläche bemalt, wird er für eine Weile unverwundbar. Dann folgen ein Bonuslevel und das zweite Level, das schwieriger wird. Tatsächlich kann der Farbroller, den man dann führt, nur Quadrate bemalen, die an die bereits bemalten angrenzen. Das Spiel wiederholt sich über dieses 2. Level hinaus. Sympathisch vor allem wegen seiner Melodien.
AndroMan on the Moon (USA) (Proto)	Androman on the Moon war eines von mehreren geplanten Spielen für den unveröffentlichten Androman-Roboter. Obwohl Gerüchten zufolge einige der Spiele programmiert wurden, ist Androman on the Moon das erste, das tatsächlich auftaucht. Auch wenn das Spiel selbst vielleicht nicht nach viel aussieht, muss man bedenken, dass es nur ein Teil des Pakets war. Die wahre Magie lag bei Androman selbst. Was genau war Androman? Androman war ein kleiner weißer Roboter, der auf einer Bodenmatte umherhuschte, während der Spieler ihn mit dem Atari 2600 kontrollierte. Androman hatte außerdem einen Barcode-Scanner in seinem Hintern, der auf der Karte platzierte Barcodes lesen konnte, damit der 2600 (und der Roboter) Bescheid wussten wo er war. Mithilfe einer Kombination aus Joystick und Barcodes konnte der Spieler Androman über die Bodenmatte führen und verschiedene Spiele spielen. Eines dieser Spiele ist Androman on the Moon.
Angeln I (Germany)	Ihr Ziel ist es, mehr Mondfische zu fangen als Ihr Gegner. Aber es ist nicht nur zwischen Ihnen und dem anderen Fischer, denn ein großer schwarzer Hai lauert direkt unter der Oberfläche und wartet darauf, Ihren Fang zu stehlen! Sie können sich für weniger Punkte (aber mehr Fische) für kleine Fische in der Nähe der Wasseroberfläche entscheiden oder Ihre Angel für den großen Fang bis zum Grund auswerfen, mit dem zusätzlichen Risiko, dass der Hai Ihren Fang stiehlt.
Angriff der Luftflotten (Germany)	M.A.D. (was für Missile Attack and Defense steht) ist ein Arcade-Spiel, das Missile Command sehr ähnlich ist. Sie steuern eine Photonenkanone am unteren Bildschirmrand und Ihr Ziel ist es, sechs Energiestationen links und rechts zu schützen. Wellen von Raketen und anderen Schiffen werden am Bildschirm vorbeiziehen und gelegentlich stürzt eines ab, wenn es darum geht, eine der Stationen zu zerstören (zur Warnung wird in den meisten Levels der Feind weiß angezeigt, bevor er fällt). Sie müssen unbedingt schießen, bevor Ihre Energiestation zerstört wird! Wenn alle sechs Energiestationen vom Feind zerstört wurden, ist das Spiel beendet. Eine Variante für zwei Spieler ist ebenfalls enthalten; Ein Spieler steuert die Photonenkanone und der zweite Spieler steuert einen Cursor und kann auswählen, wann und wo ein Feind fallen wird. In dieser Version wechseln die Spieler zwischen Angriff und Verteidigung.
Aquaventure (USA) (Proto) (1983-08-12)	Du bist ein Taucher, du tauchst vor der Küste Alaskas. Dein Ziel ist es, tödlichen Fischen auszuweichen, unter der Oberfläche versteckte Schätze zu ergattern und an die Oberfläche zurückzukehren, um etwas Luft zu schnappen.
Armor Ambush (USA)	Armor Ambush ist ein Spiel, das es Spielern ermöglicht, Panzer zu steuern, die auf Gelände mit unterschiedlicher Beschaffenheit und Manövrierfähigkeit gegeneinander antreten.
Artillery Duel (USA) (Alt)	In diesem Spiel für zwei Spieler steuert jeder Spieler ein Artilleriegeschütz, das in einer Berglandschaft platziert ist, mit dem Ziel, den anderen Spieler zu zerstören. Die Spieler schießen abwechselnd aufeinander; In jeder Runde haben Sie eine begrenzte Zeit, um den Winkel des Laufs und die Pulvermenge anzupassen, um die Richtung und Entfernung des Schusses zu steuern. Wenn Sie sich für Ihren Schuss entscheiden, müssen Sie die aktuellen Bedingungen berücksichtigen, einschließlich Windgeschwindigkeit und -richtung sowie etwaige Berge, die Ihnen im Weg stehen. Wenn es Ihnen gelingt, die Waffe Ihres Gegners zu zerstören, erhalten Sie einen Punkt und der erste Spieler, der die festgelegte Punktzahl erreicht, gewinnt das Spiel. Es stehen verschiedene Fähigkeitsstufen zur Verfügung, die bestimmen, wie lange Sie für einen Schuss benötigen.
Artillery Duel (USA)	In diesem Spiel für zwei Spieler steuert jeder Spieler ein Artilleriegeschütz, das in einer Berglandschaft platziert ist, mit dem Ziel, den anderen Spieler zu zerstören. Die Spieler schießen abwechselnd aufeinander; In jeder Runde haben Sie eine begrenzte Zeit, um den Winkel des Laufs und die Pulvermenge anzupassen, um die Richtung und Entfernung des Schusses zu steuern. Wenn Sie sich für Ihren Schuss entscheiden, müssen Sie die aktuellen Bedingungen berücksichtigen, einschließlich Windgeschwindigkeit und -richtung sowie etwaige Berge, die Ihnen im Weg stehen. Wenn es Ihnen gelingt, die Waffe Ihres Gegners zu zerstören, erhalten Sie einen Punkt und der erste Spieler, der die festgelegte Punktzahl erreicht, gewinnt das Spiel. Es stehen verschiedene Fähigkeitsstufen zur Verfügung, die bestimmen, wie lange Sie für einen Schuss benötigen.
Assault (USA)	Ein Mutterschiff wirft Außerirdische ab, bis zu drei gleichzeitig auf dem Bildschirm. Es gibt zehn pro Level. Sie müssen auf sie schießen, aber den Gegenständen ausweichen, die sie auf Sie abfeuern. Sie feuern, indem Sie den Joystick nach oben drücken. Durch Drücken nach links oder rechts bewegen Sie sich nach links oder rechts. Wenn Sie die Taste gedrückt halten, können Sie durch Drücken nach links oder rechts nach links oder rechts schießen. Spätere Feinde lassen Feuerbälle fallen, die Sie über den Boden verfolgen oder bei einem Schuss in zwei kleinere Feinde teilen. Wenn Sie ununterbrochen feuern, baut sich Hitze auf, was durch den grünen Balken unten rechts angezeigt wird.
Asteroids (Japan, USA) (En)	Asteroids ist eine Umsetzung des gleichnamigen Arcade-Spiels. Spielen Sie die Rolle eines Raumschiffpiloten, der in einer gigantischen Asteroidenwolke gefangen ist, und pulverisieren Sie ankommende Asteroiden mit der Photonenkanone des Schiffs. Wenn alle Asteroiden zerstört sind, kann das Spiel in die nächste Runde gehen. Zusätzlich zu den Asteroiden trifft der Spieler auch auf einen Alien-Roboter-Untersatz, der zufällig über den Bildschirm schießt.
Asteroids (USA)	Asteroids ist eine Umsetzung des gleichnamigen Arcade-Spiels. Spielen Sie die Rolle eines Raumschiffpiloten, der in einer gigantischen Asteroidenwolke gefangen ist, und pulverisieren Sie ankommende Asteroiden mit der Photonenkanone des Schiffs. Wenn alle Asteroiden zerstört sind, kann das Spiel in die nächste Runde gehen. Zusätzlich zu den Asteroiden trifft der Spieler auch auf einen Alien-Roboter-Untersatz, der zufällig über den Bildschirm schießt.
Astroblast (USA)	Astrosblast ist ein von John Sohl entwickeltes und 1981 von Mattel Electronics veröffentlichtes Videospiel. Bei dem Spiel geht es darum, mit einer Laserkanone Meteore, Bomben und andere Ziele zu zerstören.
Atari Video Cube (USA, Europe) (Atari Anthology)	Ähnlich wie beim beliebten Rubik's Cube-Spielzeug steuern die Spieler einen mehrfarbigen Puzzle-Würfel, um zu versuchen, alle Farben in eine Reihe zu bringen. Im Gegensatz zum Spielzeug verwendet das Atari-Spiel einen Menschen als Avatar, der entlang der Farben läuft, um Abschnitte des Würfels zu drehen.
Atlantis (USA)	Die verlorene Stadt Atlantis wird angegriffen! Es nähert sich eine Welle nach der anderen von Gorgon-Schiffen, die mit Waffen bewaffnet sind, die einen Teil der Stadt zerstören können. Sie sind verantwortlich für die Kommandoposten am Rande der Stadt und verteidigen sie vor den Eindringlingen. Die verschiedenen Gorgonen werden in verschiedenen Mustern fliegen. Zuerst fliegen sie hoch am Himmel, aber dann stufenweise tiefer. Wenn ein Feind es niedrig genug macht, bevor du es zerstörst, wird es seine Waffen benutzen und eines der Gebäude in Atlantis zerstören. Je weiter Sie im Spiel vorankommen, desto schneller wird der Gegner. Das Spiel endet, wenn du in der Stadt bist.
Atlantis II (USA)	Remake des ersten Atlantis, fast identisch: es ist nur schneller, schwieriger und nur die Schriftart der Partitur ändert sich! Nur Sie können Atlantis retten, eine der größten Zivilisationen, die die Menschheit kennt! Sie befehligen die drei Verteidigungsposten, die den Himmel bewachen. Die abscheuliche Gorgonenflotte wird über Atlantis herfallen. Ihre Mission: Zerstören Sie es – oder gehen Sie zugrunde! Verteidigen Sie mit 1 oder 2 Spielern die Stadt, aber beachten Sie Folgendes: Je länger Sie durchhalten, desto schneller werden sie ankommen ... Und wenn die Gorgonen Ihre 7 Stützpunkte zerstören, wird die fabelhafte Stadt von der Karte gelöscht ... Zu Waffen, vernichtet sie!
Atom Smasher (USA) (Proto)	EIN KAMPF BIS ZUM LETZTEN ATOM! In der Atomarena treten alle möglichen fiesen und robusten Lebensformen im tödlichsten Spiel der Galaxis gegeneinander an! Bewaffnet mit einem regulären Atom Smasher Blaster müssen Sie instabile Atompartikel vor Ihrem Gegner aus der Arena schleudern, aber wenn Sie getroffen werden, zerstört dies Ihre Atomstruktur und die Ergebnisse sind nicht schön. Aber denken Sie daran, jemand anderes hat das gleiche Ziel ...
Bachelor Party (USA)	Swedische Erotik: Bachelor Party ist ein Spiel für Erwachsene, das auf dem Atari VCS 2600 veröffentlicht wurde. Das Ziel dieses Spiels ist es, mit Ihrem Charakter so viele Mädchen wie möglich zu erreichen.
Bachelorette Party (USA)	Bachelorette Party ist ein erotisches Videospiel. Das Spiel ist eine vereinfachte Version des Breakout Brick Breakers, bei dem der Ball das Aussehen einer Frau und die Steine ​​das Aussehen nackter Männer annehmen. Die Frau hüpft seitwärts statt vertikal.
Backgammon (USA)	Backgammon für Atari VCS 2600 ist ein von Atari entwickeltes Kartenspiel. Es ermöglicht den Spielern, an einer Backgammon-Partie teilzunehmen. Sie können die Grundregeln befolgen oder die Acey-Deucey-Variante spielen.
Bank Heist (USA)	Bank Heist ist ein Arcade-Spiel, das auf dem Atari VCS 2600 veröffentlicht wurde. Der Spieler verkörpert einen Bankräuber, der seine Missetaten fortsetzen und gleichzeitig der Polizei in den Straßen eines Stadtlabyrinths ausweichen muss.
Barnstorming (USA)	In Barnstorming sind Sie der Pilot eines zweimotorigen Flugzeugs. Ihr Ziel ist es, in möglichst kurzer Zeit eine bestimmte Anzahl von Scheunen zu durchfliegen. Auf Ihrem Weg werden mehrere Hindernisse auftauchen, darunter Gänseschwärme, Windmühlen und Wetterfahnen. Wenn Sie mit einem von ihnen zusammenstoßen, verlieren Sie an Geschwindigkeit und erhöhen Ihre Gesamtzeit. Es gibt mehrere Schwierigkeitsstufen, bei denen Sie durch 10 bis 25 Scheunen fliegen müssen.
Base Attack (Europe)	Sie steuern ein Schiff, das in alle vier Richtungen schießen und sich bewegen kann. Ihre Mission besteht darin, eine Reihe von Stützpunkten zu zerstören, die in der Landschaft unter Ihnen eingebettet sind. Stützpunkte feuern auf Sie und schießen gelegentlich Raketen ab, die horizontal auf Ihr Schiff zufliegen. Sie können diese Raketen mit einem Kanonenschuss zerstören.
Basic Math (USA)	Basic für Atari VCS 2600 ist ein von Atari entwickeltes Edutainment-Spiel. Ziel des Spiels ist es, eine Reihe von 10 einfachen Mathe-Operationen zu lösen. Der Spieler kann die Art der Operationen wählen, die er möchte (Additionen, Subtraktionen, Multiplikationen und Divisionen). Er kann auch einen Timer einstellen, um den Schwierigkeitsgrad zu erhöhen. Dieses Spiel ist für Kinder gedacht.
BASIC Programming (USA)	Wollten Sie sich schon immer einmal in der Computerprogrammierung versuchen, wussten aber nicht, wo Sie anfangen sollen? BASIC-Programmierung für den Atari 2600 macht das Programmieren...einfach. BASIC ist ein Akronym für Beginner's All-Purpose Symbolic Instruction Code. Zusammen mit dem Handbuch hilft Ihnen dieses Modul dabei, die ersten Schritte dieser leicht zu erlernenden Computersprache zu erlernen. Sie können einfache Programme und Spiele erstellen und sogar Ihre eigene Musik komponieren. Es sind bis zu neun Codezeilen zulässig. Um die Dateneingabe zu vereinfachen, war für die BASIC-Programmierung eine Tastatur erforderlich, die an den Seiten des Joysticks angeschlossen werden konnte und in der Spielverpackung enthalten war.
Basketball (USA)	Basketball ermöglicht es Ihnen, ein Einzelspiel gegen den Computer oder einen anderen Spieler zu spielen. Der Platz wird von der Seite mit einem Korb an jedem Ende des Bildschirms betrachtet. Mit dem Joystick können Sie Ihren Spieler über den Platz bewegen, den Ball dribbeln/schießen und versuchen, Ihren Gegner zu blocken. Das Spiel wird in zwei 4-Minuten-Hälften gespielt, und der Spieler, der die meisten Punkte erzielt, gewinnt. Es stehen zwei verschiedene Spielstärken zur Verfügung, die für jeden Spieler individuell eingestellt werden können.
Battlezone (Japan, USA) (En)	Das 3D-Panzerspiel von Atari Games war bahnbrechend, als es für die Spielhallen veröffentlicht wurde, und wurde als solches offiziell auf viele Systeme übertragen. Die Erde wurde angegriffen, und Sie und Ihr Panzer führen die Verteidigungsbemühungen an. Du fährst aus der Ego-Perspektive über das Schlachtfeld, zielst auf Panzer, Flugzeuge und UFOs und schießt auf sie. Sie haben ein Radar, mit dem Sie sehen können, wo sich die Feinde in Richtung und Entfernung befinden. Objekte können als strategische Deckung verwendet werden. Die Steuerung simuliert die Spuren eines Panzers realistisch, sodass die Richtungs- und Geschwindigkeitseinstellungen variiert werden können – durch die Kombination von Vorwärts-Rechts- und Rückwärts-Links-Bewegungen (wie Sie es bei Tastaturversionen können) können Sie die Richtung schneller ändern.
Beamrider (USA)	Beamrider ist ein 3D-Spiel auf dem Atari VCS 2600, das Sie in die Rolle eines Raumschiffpiloten versetzt. Ihre Mission ist es, die 99 Sektoren von Ihren Feinden zu befreien.
Beany Bopper (USA)	In diesem Spiel bist du Bopper. Das Ziel besteht darin, Beannies zu betäuben und dann zu fangen. Sie können auch hüpfende orangefarbene Augäpfel und verschiedene fallende Objekte einfangen. Wenn dich ein unbetäubter Beanny trifft, verlierst du ein Leben. Sie müssen andere Gegenstände nicht betäuben, um sie einzufangen, aber es verlangsamt sie. Sie erhalten einen Bopper-Bonus, indem Sie vier Beannies hintereinander abschießen, ohne einen Bopper zu verlieren. Es gibt zwei Spieloptionen: Eine, bei der die Beannies von Wänden auf dem Bildschirm abprallen, und die andere, bei der sie durchbrechen.
Beat'Em & Eat'Em (USA)	Beat 'Em and Eat 'Em ist ein pornografisches Videospiel, das von Mystique für den Atari 2600 entwickelt wurde. Es wurde am 13. Oktober 1982 veröffentlicht. Obwohl sich das Spiel bei seiner Veröffentlichung schlecht verkaufte, war es aufgrund seines ungewöhnlichen Konzepts „Kult“ und in der Gaming-Community berüchtigt. Es wird oft als eines der schlechtesten Videospiele aller Zeiten angesehen, ein Ruf, den es mit anderen Mystique-Kreationen, darunter Custer's Revenge, teilt. Der Spieler steuert zwei nackte Frauen, die sich am Fuße eines Gebäudes bewegen, auf dem häufig ein nackter Mann mit einem riesigen Penis ejakuliert. Ziel ist es, die Frauen in Bewegung zu setzen, damit sie den Samen des Mannes (der hier gelb ist) mit ihrem Mund auffangen und schlucken, bevor er zu Boden fällt. Wenn das ganze Sperma aufgefangen ist, wenden sich beide Frauen wieder dem Bildschirm zu und lecken sich gegenseitig die Lippen. Für alle 69 Punkte (138, 207, 276 usw.) wird ein zusätzliches Leben in Bezug auf Position 69 angeboten.
Berenstain Bears (USA)	In diesem lehrreichen Ludo-Spiel für Kinder schlüpfen Sie in die Rolle eines Bären namens Bruder. Auf Ihrem Einrad müssen Sie zunächst vermeiden, die Steine ​​auf der Straße zu berühren. Sobald Sie dann im Wald sind, müssen Sie die richtigen Zahlen, Buchstaben oder die Buchstaben fangen, die ein bestimmtes Wort bilden.
Bermuda Triangle (USA)	Bermuda Triangle ist ein Side-Scrolling-Actionspiel für einen oder zwei Spieler. Sie sind der Pilot eines Mini-U-Bootes, das die Gewässer des Bermuda-Dreiecks erkundet. Ihr Ziel ist es, so viele Punkte wie möglich zu sammeln, indem Sie Schätze sammeln und die verschiedenen Feinde zerstören, denen Sie begegnen. Ihr Mini-U-Boot ist mit einem Traktorstrahl ausgestattet, mit dem Sie auf dem Meeresboden gefundene Schätze einsammeln können. Wenn es Ihnen gelungen ist, einen Schatz zu bergen, müssen Sie ihn sicher zum Forschungsschiff an der Oberfläche transportieren. Ihr Mini-U-Boot ist außerdem mit Lasern ausgestattet, mit denen Sie die vielen Gefahren zerstören können, denen Sie begegnen, darunter Riesenkalmare, menschenfressende Haie, Minen, Bomben, feindliche Schiffe und mehr. Das Spiel endet, wenn alle Ihre U-Boote zerstört wurden. Es stehen verschiedene Schwierigkeitsgrade zur Verfügung.
Berzerk (Japan, USA) (En)	Der Spieler steuert einen Humanoiden in Labyrinthumgebungen mit mehreren Arrays in der Draufsicht. Er muss Fortschritte machen, indem er eine Armee kriegerischer Roboter eliminiert. Es ist ein Vorläufer von Run and Gun, das das Design von Robotron: 2084 maßgeblich beeinflusst hat. Das Spiel bietet innovative Gameplay-Funktionen (einschließlich multidirektionalem Schießen) und eine Produktion mit synthetischen Stimmen.
Big Bird's Egg Catch (Japan, USA) (En)	Big Bird's Egg Catch ist ein Spiel, das auf dem Atari VCS 2600 veröffentlicht wurde. Big Bird muss Eier fangen, die immer schneller vom Himmel fallen.
Bionic Breakthrough (USA) (Proto)	Der Atari Mindlink war ein unveröffentlichter Controller für den Atari 2600. Er sollte 1984 auf den Markt kommen. Der Mindlink war insofern einzigartig, als man seine Kopfmuskeln bewegen musste, um das Spiel zu steuern. Diese Bewegungen wurden von Infrarotsensoren gelesen und wie folgt übertragen -Spielbewegung. Spiele würden ähnlich wie die Verwendung des Paddle-Controllers sein, jedoch stattdessen mit dem Mindlink. Tests zeigten, dass Spieler oft Kopfschmerzen hatten, wenn sie ihre Augenbrauen bewegten, um das Spiel zu spielen. Obwohl Atari im Laufe der Zeit möglicherweise versucht hatte, das Gerät zu verfeinern, beschloss Atari einfach, Mindlink auf Eis zu legen. Bis zur Einstellung von Mindlink befanden sich zwei Spiele in der Entwicklung: Bionic Breakthrough und Mind Maze.
Birthday Mania (USA) (Robert A. Tokar)	Birthday Mania ist ein einfaches Spiel, bei dem Sie über den unteren Bildschirmrand scrollen und herunterfallende Kerzen ausblasen.
Black Jack (USA)	Blackjack ist ein Casinospiel, das auf dem Atari VCS 2600 veröffentlicht wurde. Es basiert auf dem gleichnamigen Kartenspiel: Ein oder zwei Spieler können gegen den Computer spielen.
Bloody Human Freeway (USA) (Proto)	Prototyp für Freeway. Laut David Crane kam ihm die Idee zu Freeway, als er einen Mann beobachtete, der während der Hauptverkehrszeit versuchte, den Lake Shore Drive zu überqueren, während er die Consumer Electronics Show in Chicago besuchte. Ursprünglich handelte es sich bei „Freeway“ um Menschen, die die Straße überquerten, und nicht um Hühner, da dies das Drehbuch war, das David Crane inspirierte. Einige Leute bei Activision beschwerten sich jedoch darüber, dass ihnen die Idee, dass Menschen von Autos angefahren werden, nicht gefiel, weshalb die Hühner vor der Veröffentlichung des Spiels durch Menschen ersetzt wurden.
Blueprint (USA)	Blueprint ist ein ziemlich komplexes Spiel, das sowohl Ihr Gedächtnis als auch Ihre Reflexe auf die Probe stellt. Ein Monster jagt deine Freundin. Du musst eine Waffe bauen, die das Monster töten kann. Die Kanonenteile sind einzeln in verschiedenen Gebäuden verstreut. Sie müssen sich merken, welche Gebäude und in welcher Reihenfolge Sie haben, damit Sie die Teile in der richtigen Reihenfolge einsammeln und die Waffe bauen können, bevor das Mädchen das Abendessen serviert. Wenn Sie das falsche Haus wählen, müssen Sie eine Bombe entschärfen oder ein Leben verlieren. Sie müssen auch einem Dämon aus dem Weg gehen, der durch die Straßen streift. Wenn es dir gelingt, die Waffe zu bauen und das Monster zu töten, erhältst du einen von acht Buchstaben eines Passworts. Versuchen Sie, das gesamte Passwort herauszufinden.
BMX Air Master (USA)	BMX Air Master ist, wie der Name schon sagt, eine BMX-Simulation, bei der Sie akrobatische Tricks ausführen müssen, von denen einer verrückter als der andere ist.
Bobby Is Going Home (USA)	Der kleine Bobby will nach Hause. Dabei muss der Spieler die Spielfigur gekonnt über Flüsse und Teiche springen lassen, Fledermäusen, Vögeln und Hühnern ausweichen und sicher daheim ankommen lassen. Das Spiel ist in mehrere Level aufgeteilt, wobei der Spieler in jedem Level vom linken zum rechten Bildrand kommen muss. Nachdem das Ziel des Spiels erreicht wurde und man zu Hause angekommen ist, startete das Spiel neu.
Bogey Blaster (Europe)	Ein einfacher Flugsimulator und ein Luftkampfspiel. Schießen Sie auf die Flugzeuge, vermeiden Sie die Flak. Sie haben eine begrenzte Menge an Munition und Treibstoff. Schießen Sie 10 Flugzeuge ab und Sie können landen, um aufzutanken, aber Sie können Munition verlieren. Sie erhalten nur so viel Munition, wie Sie beim letzten Mal erfolgreich Flugzeuge abgeschossen haben.
Boggle (USA) (Proto) (1978-08-07)	Boggle ist ein neues Spiel für den Atari 2600, das David Crane programmiert hat, als er noch bei Atari arbeitete. In Boggle, das auf dem beliebten gleichnamigen Wortspiel basiert, müssen Sie aus einem zufälligen 4x4-Buchstabenraster so viele Wörter wie möglich bilden. Die 2600-Version des Spiels ist nur für zwei Spieler gedacht und jeder Spieler kann maximal acht Wörter bilden (wahrscheinlich aufgrund der Speicherbeschränkungen des 2600). Das Spiel scheint fast fertig zu sein, obwohl es ein paar Probleme gibt, wie zum Beispiel, dass nicht alle Buchstaben sofort im Raster erscheinen, wenn man das Spiel startet. Dennoch handelt es sich um einen interessanten Prototyp und es ist unklar, warum Boggle nicht fertiggestellt und veröffentlicht wurde.
Boing! (USA)	Boing! ist ein Puzzlespiel auf dem Atari 2600, das auf dem Prinzip des berühmten Q*bert basiert. Sie müssen auf verschiedene Plattformen springen, um sie zu aktivieren, und dabei Monstern und herabfallenden Objekten ausweichen. Wenn Sie alle Plattformen eines Levels aktiviert haben, gelangen Sie zum nächsten.
Boom Bang (Europe)	Käfer kriechen aus der Kanalisation und haben es auf Sie abgesehen. Ihre Verteidigung: ein Strauß Topfpflanzen, der über Ihrem Balkon hängt. Wenn die Käfer die Wand hochklettern, schieben Sie die Töpfe über den Rand und stoßen Sie die Käfer ab. Wenn sechs Insekten durch das Fenster in Ihr Gebäude gelangen, zerfressen sie das Fundament, bis das Gebäude ein wenig einstürzt. Dann haben die Käfer eine kürzere Wand zum Klettern und es wird schwieriger. Dieses Spiel ist originell, herausfordernd und macht ziemlich süchtig. Holen Sie sich 75.000 Punkte und verdienen Sie sich den Crackpots-Patch.
Bouncin' Baby Bunnies (USA) (Proto)	Une copie du jeu presque complet a fait surface dans la collection d'un ancien employé de Telesys en 2007. Selon le programmeur Alex Leavens, Bouncin 'Baby Bunnies est basé sur l'ancien dessin animé Bugs Bunny, où la cigogne livre par erreur des bogues à une famille de gorilles et ils pense que c'est leur bébé. Le seul prototype connu de Bouncin 'Baby Bunnies semble être assez complet, mais nécessite encore quelques ajustements et corrections de bugs. Le jeu n'est pas sorti en raison de l'effondrement du marché du jeu de 83/84. Selon l'ancien employé de Telesys: «Bouncin» Baby Bunnies est arrivé trop tard dans le cycle 2600 et, à l'époque, ne valait pas la peine d'être libéré. Le marché était saturé.
Bowling (USA)	Bowling für den Atari VCS 2600 ist ein von Atari entwickeltes Sportspiel. Es kann mit 1 oder 2 Personen gespielt werden und greift die klassischen Regeln des Bowlings auf. Es gibt nur einen Spielmodus, aber mehrere Schwierigkeitsgrade, die die Möglichkeit lassen, den Ball zu kontrollieren oder nicht. Auch der Schwierigkeitsgrad hat Einfluss auf die Trefferwahrscheinlichkeit.
Boxing (USA)	Boxen zeigt eine Draufsicht auf zwei Boxer, einen weißen und einen schwarzen. Wenn er nah genug ist, kann ein Boxer seinen Gegner mit einem Schlag treffen (ausgeführt durch Drücken des Feuerknopfes auf dem Atari-Joystick). Dadurch taumelt sein Gegner leicht zurück. Lange Schläge bringen einen Punkt, während engere Schläge (Kraftschläge, wie aus dem Lehrbuch) zwei zählen. Es gibt keine Knockdowns oder Runden. Ein Spiel ist entweder beendet, wenn ein Spieler 100 Schläge landet (ein „Knockout“) oder zwei Minuten verstrichen sind (eine „Entscheidung“). Bei einer Entscheidung ist der Spieler mit den meisten gelandeten Schlägen Sieger. Unentschieden sind möglich. Während das Gameplay einfach ist, gibt es Feinheiten, wie z. B. einen Gegner in die „Seile“ zu bekommen und ihn zwischen abwechselnden Schlägen hin und her zu „jonglieren“.
Brain Games (USA)	Brain Games für Atari VCS 2600 ist ein von Atari entwickeltes Puzzlespiel. Ziel des Spiels ist es, die meisten Punkte zu gewinnen, indem man die verschiedenen Rätsel löst, die der Computer den Spielern anbietet. Es gibt 6 Arten von Rätseln: 2 akustische, 2 visuelle und 2 numerische.
Breakout ~ Breakaway IV (Japan, USA) (En)	In Breakout gibt es eine Mauer aus Ziegeln am oberen Rand des Bildschirms und dein Ziel ist es, die ganze Mauer einen Stein nach dem anderen zu zerstören! Dazu steuern Sie ein Paddel am unteren Bildschirmrand, mit dem ein springender Ball in die Steine reflektiert wird. Wenn der Ball einen Stein trifft, zerstört er ihn. Sie beginnen mit fünf Bällen und das Spiel endet, wenn alle fünf vom unteren Bildschirmrand fallen. Ebenfalls enthalten sind einige Spielvariationen, einschließlich Breakthru (der Ball wird geradewegs durch Steine gehen, anstatt zurück zu springen), zeitgesteuerter Ausbruch (Sie haben eine Zeitbeschränkung, um so viele Punkte wie möglich zu gewinnen) und unsichtbaren Ausbruch (die Steine sind nur sichtbar für eine kurze Zeit, nachdem einer von ihnen getroffen wurde). Andere Varianten erlauben es Ihnen, den Ball zu fangen oder die Richtung des Balles zu kontrollieren.
Bridge (USA)	Bridge für Atari VCS 2600 ist ein von Activision entwickeltes Kartenspiel. Das Spiel ist für Leute gedacht, die die Regeln von Bridge bereits kennen, und bietet zwei Schwierigkeitsgrade: Anfänger oder Experte. In Novice kann der Spieler die Karten seines Partners sehen (vom Computer gesteuert). Im Expertenmodus wird das Spiel wie ein echtes Bridge-Spiel gespielt. Das Spiel ist dafür gemacht, alleine gespielt zu werden.
Buck Rogers - Planet of Zoom (USA)	Es ist das 25. Jahrhundert. Sie sind Buck Rogers, der in der Schlacht von Planet Zoom kämpft. Dies ist ein Rennen gegen den Tod. Dein ultimativer und mächtigster Feind ist das tödliche Mutterschiff! Es gibt 16 Level mit steigendem Schwierigkeitsgrad – jeder mit vier Runden herausfordernden Weltraumkämpfen. Bevor Sie das Mutterschiff treffen, werden Ihre Pilotenfähigkeiten und Nerven gegen tödliche Elektropfosten, Raumschiffen und zerschmetternde Weltraum-Hopper getestet. Dies ist ein Kampf um Geschwindigkeit, Geschick und Ausdauer. Ihr Zeitverbrauch ist entscheidend für Ihr Überleben. Wenn Sie Ihre Zeit aufbrauchen, verlieren Sie eines Ihrer fünf Kampfschiffe. Je schneller Sie fliegen, desto eher erreichen Sie das Mutterschiff und haben mehr Zeit, es zu zerstören. Sie beginnen mit einer Vollzeitlinie, wenn Sie das Mutterschiff zerstören. Seien Sie aggressiv, aber nicht rücksichtslos. Dies ist ein kosmischer mach-oder-stirb-Kampf! Und es ist das Mutterschiff oder SIE!
Bugs (USA)	Nachdem Sie auf einen unbewohnten Planeten geschickt wurden, um nach möglichen Lebenszeichen zu suchen, werden Sie mit riesigen Insekten konfrontiert und müssen sich ihnen stellen, um eine Überlebenschance zu haben.
Bugs Bunny (USA) (Proto 2)	Bugs Bunny hat Elmer Karotten gestohlen. Elmers Hund fand ihn leicht mürrisch und brachte ihn zur Besinnung. Jetzt muss Bugs Bunny zurück in seinen Bau tauchen, um einer Schrotflintenexplosion zu entgehen.
Bump 'n' Jump (USA)	Bump'N' Jump ist ein Action-Rennspiel, das aus der Top-Down-Perspektive gespielt wird. Während Sie auf den gefährlichen und sich ständig verändernden Straßen Rennen fahren, werden die zahlreichen feindlichen Autos versuchen, Sie von der Straße zu stoßen. Sie müssen sicherstellen, dass Sie die Autos zerschmettern, bevor Sie in die Seiten geschleudert werden! Ihr Auto hat auch die Fähigkeit, ziemlich hoch zu springen, wenn Sie genug Geschwindigkeit haben. Dies ist nützlich, um über feindliche Autos zu springen, wenn zu viele im Weg sind, und sollte auch zum Überspringen von Löchern im Bürgersteig und anderen Straßenhindernissen verwendet werden. Je weiter die Level voranschreiten, desto enger wird die Straße mit mehr Hindernissen im Weg und die Anzahl und Aggressivität der anderen Autos nimmt zu.
Bumper Bash (USA)	Dies ist ein Flipper-Spiel für den Atari 2600. Man verwendet die Tasten auf einem Paddel-Controller, um den Kolben nach unten zu ziehen drücken Sie den rechte Taste, um die Kolbenstärke zu reduzieren drücken Sie die linke Taste. Zum Abfeuern drücken Sie beide Tasten. Sie verwenden dann die linken und rechten Tasten, um die Flipper zu kontrollieren. Das Spiel verfügt über eine Roll-Over-Ziele, Bumper, Spinner und Pop-up-Ziele. Punktevergabe: Top Rollover = 100 Punkte Rollover Button = 50 Punkte Top Bumper = 50 oder 500 beim Blinken Bumper = 10 oder 100 beim Blinken Spinner = 10 Drop Target = 100 x Drop Target Wert Schienenbumper = 5 Spielauswahl und die Schwierigkeitsschalter werden nicht verwendet.
BurgerTime (USA)	BurgerTime ist ein Videospiel, das von der japanischen Firma Data East für ihr 1982 veröffentlichtes DECO Cassette System-Terminal entwickelt wurde. Es handelt sich um ein labyrinthartiges Plattformspiel, bei dem der Spieler einen Koch verkörpert und Hamburger zubereiten muss, während er den anderen Charakteren aus dem Weg geht. dargestellt durch Essen? Ihn jagen, nämlich Eier, Würstchen und Paprika, die er durch Pfefferwerfen vorübergehend bewegungsunfähig machen kann (maximal drei mögliche Schüsse).
Burning Desire (USA)	Retten Sie ein Mädchen in Not davor, bei lebendigem Leibe zu verbrennen, indem Sie mit Ihrem Hubschrauber herumfliegen und die Flammen mit Ihrem Feuerwehrschlauch löschen. Vermeiden Sie in der Zwischenzeit, dass Bösewichte Sie mit Steinen bewerfen. Wenn Sie die Flammen fast gelöscht haben, beginnt die Frau auf und ab zu hüpfen. Wenn Sie nach unten fliegen, greift sie mit ihrem Mund nach Ihrem „Joystick“ und Sie können sie sicher mitnehmen. Wenn Sie sie retten, werden Sie mit einer frechen kleinen Animation belohnt. Die männlichen und weiblichen Rollen dieses Spiels sind in Jungle Fever vertauscht.
Cabbage Patch Kids - Adventures in the Park (USA) (Proto) (1984-09-13)	Dieses CBS Colecovision-Spiel wurde nie auf dem Atari 2600 veröffentlicht und blieb als Prototyp erhalten, bis Alex Handy eine Kopie des Prototyps auf einem kalifornischen Flohmarkt fand. Für den Atari 2600 beeindruckt es. Wir verkörpern eine Patouf-Puppe, die im Park spazieren geht. Offensichtlich wird der Spaziergang nicht einfach sein. Beachten Sie, dass dieses Spiel mit Athletic Land von Konami auf MSX identisch ist.
Cakewalk (USA)	Cakewalk ist ein Spiel, das auf dem Atari VCS 2600 veröffentlicht wurde. Ziel des Spiels ist es, auf mehreren Schwierigkeitsgraden Gebäck aufzufangen, bevor es auf den Boden fällt, und dabei zu vermeiden, von Gabeln und fliegenden Messern getroffen zu werden.
California Games (USA)	Gelangweilt von ewig gleichen Sportspielen, bei denen die üblichen olympischen Disziplinen durchgekaut werden? Dann herzlich willkommen in Kalifornien, der Heimat der spektakulärsten Sportarten in der Welt! Gestartet wird in Hollywood. Mit dem Skateboard muss sich der Spieler mit waghalsigen Manövern in der Halfpipe beweisen. Anschließend geht die Reise nach San Francisco. Bei der Trendsportart Footbag geht es darum, einen kleinen Ball mit allen Körperteilen, außer den Händen, in der Luft zu halten. Es folgt die Königsdisziplin aller Strandwettkämpfe – das Wellenreiten. Auf der Suche nach der perfekten Welle gleitet der Spieler mit dem Surfbrett auf der Welle entlang. In der nächsten Disziplin zeigt man auf dem BMX-Rad Kunststücke im Geländekurs.
Canyon Bomber (USA)	Canyon Bomber für Atari VCS 2600 ist ein von Atari entwickeltes Actionspiel. Zwei Hubschrauber fliegen über eine mit Felsbrocken gefüllte Schlucht. Ziel des Spiels ist es, mehr Blöcke als der Gegner zu zerstören.
Care Bears (USA) (Proto)	Das Spielkonzept in Care Bears dreht sich darum, das „Bauch-Symbol“ von jedem der Care Bears zu ergreifen, während sie langsam über den Bildschirm fallen. Sobald alle Symbole eingesammelt waren, musste der Spieler sie vor Ablauf der Zeit in einer bestimmten Reihenfolge anordnen. Obwohl dies recht einfach klingt, muss man bedenken, dass das Spiel auf kleine Kinder ausgerichtet war und die Dinge daher einfach gehalten werden mussten.
Carnival (USA)	Sie sind beim Karneval und werden Ihr Glück auf dem Schießstand versuchen! Ihr Ziel ist es, so viele Punkte wie möglich zu sammeln, indem Sie auf die verschiedenen Ziele schießen, bevor Ihnen die Kugeln ausgehen. Zusätzlich zu den schwebenden Zielen gibt es Felder, auf die Sie schießen können, um zusätzliche Kugeln zu erhalten. Auch vor den Enten muss man aufpassen! Gelegentlich fliegt eine Ente herunter und frisst einige Ihrer Kugeln, wenn Sie sie nicht vorher töten. Sie gelangen zum nächsten Level, wenn der Bildschirm von allen Zielen befreit ist, und Sie verlieren, wenn Sie alle Ihre Kugeln aufgebraucht haben.
Casino ~ Poker Plus (USA)	Casino für Atari VCS 2600 ist ein von Atari entwickeltes Simulationsspiel. Es umfasst drei Kartenspiele: Blackjack, Five-Card Stud und Solitaire Poker. Es ist möglich, alleine oder mit anderen zu spielen (maximal 4 Spieler).
Cat Trax (USA)	Es handelt sich um einen PacMan-Clone, in dem Sie eine Katze spielen, die in einem Labyrinth Trockenfutter einsammeln muss und von drei Hunden gejagt wird, die es darauf abgesehen haben, Sie zu fangen. Von Zeit zu Zeit erscheint ein grüner Trank in der Mitte des Bildschirms, in den Sie sich verwandeln können einen Transporter, damit Sie die Hunde einfangen und für eine Weile einsperren können.
Cathouse Blues (USA)	Cathouse Blues ist ein Spiel für Erwachsene, das auf dem Atari 2600 veröffentlicht wurde. Sie spielen einen Mann, der sieben Frauen „besuchen“ muss, ohne in das falsche Haus zu gehen und ohne von der Polizei erwischt zu werden.
Centipede (Japan, USA) (En)	Spielen Sie einen Kammerjäger, der die Aufgabe hat, die Eindringlinge zu vernichten. Mit Ihrer Waffe müssen Sie die Wellen von Hundertfüßlern (Tausendfüßlern) zerstören, die vom oberen Bildschirmrand auf Sie herunterkommen. Auf dem Bildschirm sind Pilze verstreut, und der Hundertfüßer geht jedes Mal eine Zeile nach unten, wenn er auf einen Pilz trifft. Sie müssen auch Spinnen, Flöhe und Skorpione vermeiden und zerstören. Achten Sie auf giftige Pilze, die den Hundertfüßler auf Ihrer Ebene spiralförmig nach unten ziehen könnten. Zerstören Sie den Centipede, um in die nächste Welle vorzurücken ...
Challenge (Canada)	Sie spielen als Ente, die ein Labyrinth durchqueren muss, das die untere rechte Ecke des Bildschirms mit der oberen linken Ecke verbindet, und dabei vermeiden muss, sich mit einem Raubtier zu kreuzen.
Challenge of.... NEXAR, The (USA)	Du versuchst, ein Spectra-Warrior zu werden. Dazu müssen Sie durch die Ebenen der Zonen fliegen und die radioaktiven Leuchtfeuer zerstören. Diese Leuchtfeuer werden von explosiven Untertassen bewacht. Sie können diese Untertassen zerstören oder ihnen aus dem Weg gehen. Wenn Sie eine Untertasse oder ein Leuchtfeuer zerstören, bleiben Sie nicht an einer Stelle, da die Trümmer sonst mit Ihnen kollidieren.
Championship Soccer ~ Soccer (USA)	Championship Soccer für den Atari VCS 2600 ist ein von Atari entwickeltes Sportspiel. Das Ziel dieses Fußballsimulationsspiels ist es, in einer bestimmten Zeit so viele Tore wie möglich zu erzielen. Sie können gegen den Computer oder gegen einen anderen Spieler spielen. Das Spiel bietet mehrere Optionen: Strafen genehmigen oder nicht, Größe der Tore, Geschwindigkeit der Spieler und Spielzeit, aufgeteilt in zwei Hälften.
Chase the Chuck Wagon (USA)	Chase the Chuck Wagon wurde als Teil einer Werbekampagne für Purina Dog Chow veröffentlicht und versetzt die Spieler in die Rolle von Chuckie the Dog. Chuckie muss durch ein Labyrinth geführt werden, indem er Gegenständen und dem Hundefänger ausweicht, bis zum oberen Bildschirmrand, wo er direkt unter den Karren gehen kann, um ihn zu ergreifen. Das Entkommen aus dem Labyrinth ermöglicht Chuckie den Zugang zu einem Belohnungsbildschirm. Hier kann Chuckie im Futterlabyrinth eine Schüssel mit Hundefutter finden, um zusätzliche Bonuspunkte zu erhalten. Wenn Chuckie verfehlt, werden keine Punkte vergeben und er wird einfach zum nächsten Bildschirm weitergeleitet. Chase the Chuck Wagon war nur exklusiv bei Ralston-Purina erhältlich.
Checkers (USA)	Checkers für Atari VCS 2600 ist eine von Activision entwickelte Checkers-Simulation. Das Spiel folgt den klassischen Regeln des Brettspiels. Das Ziel besteht darin, alle Bauern seines Gegners zu erobern. Der Spieler kann sich dem Computer (mit drei Schwierigkeitsgraden) oder einem anderen Spieler stellen.
China Syndrome (USA)	Der Spectra Island-Reaktor versorgt Millionen von Einwohnern mit Strom. Normalerweise gibt es kein Problem, aber es gab ein Erdbeben. Dadurch wurde der Reaktor beschädigt und radioaktive Partikel freigesetzt. Sie müssen den Roboterarm verwenden, um diese Partikel einzusammeln, bevor die Strahlung zu stark ansteigt und es zu einer Kernschmelze kommt. Es gibt drei Abschnitte pro Bildschirm. Sie sind von oben nach unten rot, blau und gelb gefärbt. Sie beginnen mit einem Partikel in jedem Bereich und müssen den Roboterarm bewegen, um diese Partikel abzufangen. Drücken Sie den Feuerknopf, um sie zu ergreifen, wenn sie den Roboterarm erreichen.
Chopper Command (USA)	Chopper Command ist ein Side-Scrolling-Shooter. Als Pilot eines Kampfhubschraubers, ist Ihre Aufgabe, den Konvoi von Lastwagen zu schützen, der am unteren Rand des Bildschirms unterwegs ist. Jede Welle besteht aus zahlreichen feindlichen Hubschraubern und Jets, die versuchen, Sie und den Konvoi zu zerstören. Wenn alle Feinde in der aktuellen Welle zerstört sind, können Sie zur nächsten, schwierigeren Welle übergehen. Zu Ihrer Unterstützung befindet sich am unteren Bildschirmrand ein Langstreckenscanner, der sowohl LKWs im Konvoi als auch feindliche Flugzeuge orten kann. Viel Glück, die Bodentruppen zählen auf Sie!
Chuck Norris Superkicks (USA)	In diesem Actionspiel spielen Sie als Chuck Norris auf der Suche nach einem Kloster, in dem ein wichtiger Anführer als Geisel gehalten wird. Das Spiel besteht aus mehreren verschiedenen Bildschirmen: Zu Beginn und zwischen den Kämpfen sehen Sie einen Blick auf den Weg, der zum Kloster führt. Während Sie den Weg gehen, werden Sie vielen Feinden begegnen. Im Kampf ändert sich die Ansicht zu einer Nahaufnahme Ihrer aktuellen Position. Durch Drücken der Joystick-Taste und Bewegen des Joysticks in eine von vier Richtungen können Sie verschiedene Tritte, Schläge und Blöcke ausführen. Die Feinde, denen Sie begegnen, sind vielfältig und einige können nur durch bestimmte Treffer besiegt werden. Der Weg, den Sie gehen, teilt sich manchmal in zwei oder mehr Möglichkeiten. Wenn dies geschieht, ist nur eine Wahl richtig und die anderen sind Sackgassen. Wenn Sie eine falsche Wahl treffen, müssen Sie etwas zurückgehen und es erneut versuchen. Du beginnst mit dem weißen Gürtel und erhöhst deinen Rang langsam, wenn du Kämpfe gewinnst. Wenn Sie im Kloster ankommen, müssen Sie den Status eines schwarzen Gürtels erreichen, um die tödlichen Ninjas dort zu besiegen! Ihre Quest muss innerhalb einer bestimmten Zeit abgeschlossen werden. Wenn du vom Weg abkommst oder Kämpfe verlierst, verlierst du noch mehr Zeit.
Circus Atari (Japan, USA) (En)	Circus für Atari VCS 2600 ist ein von Atari entwickeltes Actionspiel. Ziel des Spiels ist es, die Ballons oben auf dem Bildschirm zu zerstören. Dazu muss der Spieler seine Wippe bewegen, um einen Clown in die Luft zu schicken. Je mehr Ballons der Spieler explodiert, desto mehr Punkte erhält er. Das Spiel endet, wenn der Spieler die 5 ihm zur Verfügung stehenden Clowns verloren hat.
Coco Nuts (USA)	In CocoNuts Stanley wird der unerschrockene Dschungel von Coco, dem Affen, angegriffen! Coco ist in den Bäumen, und wirft Kokosnüsse. Sie steuern Stanley und müssen den ankommenden Kokosnüssen ausweichen. Sie starten das Spiel mit einem Helm und einem Regenschirm, um sich zu schützen. Jedes Mal, wenn Sie von einer Kokosnuss getroffen werden, verlieren Sie einen dieser Gegenstände. Sie können einen Gegenstand auch abholen, indem Sie genügend Punkte erzielen. Das Spiel endet, wenn Sie nichts mehr haben, um sich zu schützen, und eine Kokosnuss Sie trifft. Natürlich, je länger Sie durchhalten desto schneller wird das Spiel!
Codebreaker (USA)	Codebreaker für Atari VCS 2600 ist ein von Atari entwickeltes Puzzlespiel. Ziel des Spiels ist es, die vom Computer oder einem zweiten Spieler generierte 3- oder 4-stellige Kombination zu erraten. Es gibt auch einen anderen Spielmodus, bei dem beide Spieler in jeder Runde einen oder mehrere Gegenstände von einem Stapel entfernen. Wer den letzten Gegenstand entfernt, gewinnt.
Color Bar Generator (USA)	Ein Programm, das eine farbige Uhr anzeigt, die mit beweglichen und mehrfarbigen Zeichen verknüpft ist.
Colors (Europe) (Proto)	Ein Programm, das eine farbige Uhr anzeigt, die mit beweglichen und mehrfarbigen Zeichen verknüpft ist.
Colours (USA, Europe) (Demo) (Atari Anthology)	Ein Programm, das eine farbige Uhr anzeigt, die mit beweglichen und mehrfarbigen Zeichen verknüpft ist.
Combat (USA, Europe) (Atari Anthology)	„Combat“ ist ein actiongeladenes Spiel für zwei Spieler, bei dem jeder versucht, die Panzer oder Flugzeuge des Gegners zu treffen. Ein Treffer schiebt das gegnerische Fahrzeug zurück und bringt dem Schützen einen Punkt. Das Spiel bietet 27 Level mit unterschiedlichen Regeln und Spielfeldkonfigurationen. In den Panzer-Leveln können Spieler zwischen zwei Labyrinthen oder offenen Spielfeldern wählen, während in höheren Schwierigkeitsstufen Wolken Teile des Bildschirms verdecken können. Mit den Schwierigkeitsoptionen der Atari 2600-Konsole können die Raketenreichweite und die Geschwindigkeit der Flugzeuge in den Leveln 15-27 angepasst werden. Alle Spiele haben ein festes Zeitlimit von 136 Sekunden.
Combat Two (USA) (Proto)	Wir schreiben das Jahr 2037. Nationen führen keine Monsterkriege mehr, die Millionen von Menschen töten. Stattdessen betreten zwei Kämpfer eine Arena und kämpfen um die Ehre ihres Landes. Dies ist eine Fortsetzung des Kampfspiels von 1977, aber es gibt keine Flugzeuge, nur Panzer und Raketen. Jeder Spieler beginnt in einer Basis in einer Ecke, einer oben links, der andere unten rechts. Sie müssen nach Ihrem Gegner suchen und ihn dreimal erschießen, um seinen Panzer zu zerstören. Befinden sie sich unter den Bäumen oder, in einer anderen Spielvariante, hinter den Mauern, müssen Sie zuerst auf die Bäume/Wände schießen, um sie zu erreichen. Jeder Spieler hat drei Panzer. Der Gewinner ist der Letzte, der noch übrig ist.
Combat ~ Tank-Plus (Japan, USA) (En)	„Combat“ ist ein actiongeladenes Spiel für zwei Spieler, bei dem jeder versucht, die Panzer oder Flugzeuge des Gegners zu treffen. Ein Treffer schiebt das gegnerische Fahrzeug zurück und bringt dem Schützen einen Punkt. Das Spiel bietet 27 Level mit unterschiedlichen Regeln und Spielfeldkonfigurationen. In den Panzer-Leveln können Spieler zwischen zwei Labyrinthen oder offenen Spielfeldern wählen, während in höheren Schwierigkeitsstufen Wolken Teile des Bildschirms verdecken können. Mit den Schwierigkeitsoptionen der Atari 2600-Konsole können die Raketenreichweite und die Geschwindigkeit der Flugzeuge in den Leveln 15-27 angepasst werden. Alle Spiele haben ein festes Zeitlimit von 136 Sekunden.
Commando (USA)	In dieser Arcade-Konvertierung warten mehrere Level auf Ihr superhartes Kommando. Nur mit einem Standardgewehr und ein paar Granaten bewaffnet, müssen Sie es mit Horden von Nazis aufnehmen. Einige laufen im Freien herum, andere haben sich Verstecke ausgesucht, die Sie aus bestimmten Winkeln ansteuern müssen. Bäume, Flüsse und Brücken sorgen für ein abwechslungsreiches, kampfähnliches Terrain und müssen in Ihre Überlegungen mit einbezogen werden. Extra Granaten können gesammelt werden und werden auf jeden Fall benötigt, da sie es Ihnen ermöglichen, aus der Entfernung zu töten und so einigen gegnerischen Schüssen auszuweichen.
Commando Raid (USA)	Ihre Stadt wird von Kommandoräubern angegriffen und es liegt an Ihnen, sie zu verteidigen! Du steuerst eine große Waffe am unteren Bildschirmrand. Hubschrauber werden Fallschirmjäger abwerfen, die alle zerstört werden müssen. Wenn ein Fallschirmjäger Ihr Land erreicht, wird er eines der Gebäude in der Stadt beschädigen und möglicherweise zerstören. Nachdem ein Gebäude zerstört wurde, beginnen Fallschirmjäger mit dem Graben eines Tunnels in Richtung Ihrer Kanone, um es zu zerstören. Manchmal fliegt ein Flugzeug vorbei und wirft eine große Bombe ab. Die Bombe muss abgeschossen werden, bevor sie landet, sonst kann sie die ganze Stadt zerstören! Das Spiel endet, wenn Ihre Waffe durch eine Bombe oder einen Fallschirmjäger zerstört wird.
Communist Mutants from Space (USA)	Communist Mutants From Space ist ein Actionspiel mit einem ähnlichen Gameplay wie Space Invaders. Ihr Ziel ist es, Ihren Planeten gegen die verschiedenen angreifenden mutierten Krieger zu verteidigen. Sie steuern eine Anti-Mutanten-Kanone am unteren Bildschirmrand und müssen oben so viele Mutanten wie möglich töten. Ganz oben auf dem Bildschirm bringt eine Mutterkreatur mutierte Eier hervor, die in die Formation fallen. Aus den Eiern schlüpfen langsam verschiedene Kreaturen, die herabfliegen und versuchen, Ihre Kanone zu bombardieren oder gegen sie zu prallen. Wenn Sie die Mutterkreatur sowie alle Mutanten auf dem Bildschirm zerstören, gelangen Sie zum nächsten, schwierigeren Level. Es sind mehrere Spieloptionen enthalten, mit denen Sie einen Schild, einen geführten Schuss, einen Zeitsprung zur vorübergehenden Verlangsamung des Spiels und einen durchdringenden Schuss aktivieren oder deaktivieren können, mit dem Sie mehrere Mutanten mit einem einzigen Schuss ausschalten können.
Computer Chess (USA) (Proto)	Video Chess für Atari VCS 2600 ist ein von Atari entwickeltes Schachsimulationsspiel. Das Spiel basiert auf den klassischen Regeln des Brettschachs. Es gibt 8 Schwierigkeitsstufen, die die Zeit beeinflussen, die der Computer benötigt, um über seine Züge nachzudenken.
Condor Attack (USA)	Eine Kopie von Demon Attack. Manchmal explodieren die Kondore, bevor man sie abschießt, und das Spiel wird schnell zu schnell. Dies geschieht jedoch nicht immer und ist daher ziemlich unerwartet.
Confrontation (USA) (Proto)	Confrontation ist ein seltsames Strategiespiel, das nie kommerziell veröffentlicht wurde, aber für kurze Zeit direkt bei Answer erhältlich war. Nur Leute, die es auf der CES-Messe 1983 gesehen haben, wussten davon und haben es bestellt. Auch wenn es sich technisch gesehen nicht um einen Prototyp handelt, kommt es ihm doch nahe. Ich habe mir den Kopf zerbrochen, wie ich das Gameplay dieses Spiels am besten beschreiben kann, und nach langem Suchen habe ich herausgefunden, dass die beste Beschreibung in Leonard Hermans „ABC's to the VCS“ zu finden ist (holen Sie sich noch heute ein Exemplar!). Da Confrontation einen Programmiertrick verwendet, um so viele Objekte gleichzeitig auf dem Bildschirm anzuzeigen, werden auf Screenshots jeweils nur die Teile eines Spielers angezeigt. Glauben Sie mir, es sind wirklich alle da.
Congo Bongo (USA)	Eine äußerst originalgetreue Portierung des berühmten Jump-n-Run-Arcade-Spiels. Laufen, springen und klettern Sie durch einen gefährlichen Dschungel und weichen Sie dabei Tieren und Projektilen aus.
Cookie Monster Munch (USA)	Cookie Monster Munch ist eine Art Partyspiel mit Elementen von Pac-Man, aber im Mehrspielermodus, gedacht für Kinder im Alter von 3 bis 7 Jahren.
Cosmic Ark (USA)	Das Alpha-Ro-Sonnensystem steckt in der Krise! Ihre Sonne steht kurz vor einer Supernova, was den Tod aller Planeten und der sie bewohnenden außerirdischen Lebensformen bedeutet. Glücklicherweise erfuhren die edlen Atlanter vom Schicksal von Alpha Ro und schickten eine riesige kosmische Arche Tausende von Lichtjahren quer durch die Galaxie, um so viele Arten wie möglich zu retten. Als Kapitän der Arche muss sich der Spieler tödlichen Meteoritenstürmen und Planetenverteidigungssystemen stellen, um die Mission erfolgreich abzuschließen.
Cosmic Commuter (USA)	Cosmic Commuter ist ein Spiel, das auf dem Atari VCS 2600 veröffentlicht wurde. Sie steuern ein Raumschiff und Ihr Ziel ist es, Ihre Passagiere an ihr Ziel zu bringen und dabei allen Gefahren des Weltraums auszuweichen.
Cosmic Creeps (USA)	Die Zivilisation ist dem Untergang geweiht! Du bist unsere letzte Hoffnung! Sie müssen die Cosmic Kids vor den Cosmic Creeps beschützen, während sie dem verfallenden Planeten entkommen!
Cosmic Swarm (USA)	Sie befinden sich am Waypoint Interstellar Trade Depot, einem ruhigen Außenposten im Weltraum, als plötzlich eine Gruppe außerirdischer, Mineralien fressender Termiten aufwacht. Dann beginnen sie, willkürlich zu nisten. Mit Ihrem Sondenschiff müssen Sie die Termiten und ihre Nistblöcke zerstören. Sie schießen einfach auf die Termiten, um sie zu zerstören, aber ihre Nestblöcke müssen aktiviert werden, bevor Sie sie zerstören können. Um einen Nistblock zu aktivieren, müssen Sie einen Block treffen, während eine Termite ihn noch trägt. Dadurch werden alle Blöcke auf dem Bildschirm aktiviert. Wenn Sie auf eine Termite schießen, die keinen Block trägt, oder wenn eine Termite einen Block trägt, Sie aber nur die Termite treffen, werden alle Blöcke nicht aktiviert und können nicht beschädigt werden. Wenn Sie auf einen Block stoßen, ob aktiviert oder nicht, oder wenn Sie von einer Termite getroffen werden, verlieren Sie ein Leben. Gelegentlich kommt ein Versorgungsschiff auf der linken oder rechten Seite des Bildschirms herunter und wieder zurück. Sie müssen es andocken (berühren), bevor es wieder nach oben gelangt, sonst ist das Spiel vorbei, egal wie viele Leben Sie noch haben.
Crack'ed (USA) (Proto)	Als professioneller Vogelbeobachter sind Sie begeistert, wenn Sie feststellen, dass in Ihrem „alten Eigelb“ seltene südamerikanische Tintenfische nisteten. Doch während die Tintenfische fressen, beginnt eine Gruppe schelmischer blauer Vögel, Eulen und Schlangen, ihre Nester zu plündern und Eier zu stehlen. Du zückst deine Schleuder und fängst an, auf die plündernden Kreaturen einzuschlagen. Aber man muss vorsichtig sein. Wenn Sie einen eiertragenden Vogel treffen, lässt er das Ei fallen, und Sie müssen schnell handeln, um es zu fangen, bevor es den Boden berührt, und es zurück in ein Nest zu bringen. Gleichzeitig müssen Sie auf Schlangen achten, die sich in Nester schleichen und Eier verschlucken können. Wenn Sie die Eier lange genug schützen können, können Sie sie woanders hinbringen.
Crackpots (USA)	Eine Flut von Insekten greift Ihr Zuhause an und Sie müssen es mit Topfpflanzen verteidigen! Sie steuern Ihren Charakter oben auf dem Bildschirm, wo sich sechs Topfpflanzen befinden. Diese können auf die Insekten geworfen werden, um sie zu vernichten, wenn sie aus dem Abwasserkanal am Fuße des Abhangs aufsteigen. Direkt unter den Topfpflanzen befinden sich sechs Fenster; Sie müssen darauf achten, Insekten zu vernichten, bevor sie diese Fenster erreichen. Wenn sechs dieser Insekten durch die Fenster eindringen, wird eine Etage Ihres Hauses gefressen.
Crash Dive (USA)	Crash Dive ist ein Side-Scrolling-Shooter, bei dem Sie die Kontrolle über ein fliegendes U-Boot übernehmen. Sie müssen verschiedene Unterwasserlebewesen sowie feindliche Flugzeuge zerstören und gleichzeitig versuchen, Schätze auf dem Grund des Wassers zu sammeln. Das Spiel endet, wenn Ihr U-Boot zum Absturz kommt oder Ihnen der Treibstoff ausgeht.
Crazy Climber (USA)	Das Ziel von Crazy Climber ist es, die Spitze sehr hoher Gebäude zu erreichen, indem man deren Fassade erklimmt. Achten Sie darauf, dass Sie sich nicht an ein Fenster lehnen, das gerade geschlossen wird, da es sonst herunterfallen kann.
Cross Force (USA)	Es scheint, als hätten die bösen Morpluses des Planeten Tzoris die Galaxie für immer terrorisiert und Tod und Zerstörung hinterlassen. Aber jetzt haben unsere Wissenschaftler unsere neue Waffe entwickelt, das Spectron! Sie werden mit dieser Waffe eingesetzt und müssen so viele Morplus wie möglich zerstören.
Crossbow (USA)	In Crossbow versuchen Sie und mehrere Kameraden, viele gefährliche Gebiete zu durchqueren, um gestohlene Schätze aus der Burg des bösen Meisters zu bergen. Ihre Gruppenmitglieder sind unbewaffnet, aber Sie tragen eine Armbrust. Sie müssen also alle Hindernisse oder feindlichen Feinde abschießen, die Ihre Kameraden behindern könnten, wenn sie den Bildschirm überqueren. Die Szene wird in der Ich-Perspektive dargestellt und jedes Mitglied der Gruppe läuft nacheinander von links nach rechts auf dem Bildschirm. Es gibt viele verschiedene Landschaften zu durchqueren, jede mit ihren eigenen Gefahren: Wüsten mit Skorpionen, Eishöhlen, Dschungel mit feindseligen Affen, ein Lava speiender Vulkan und sogar die streng bewachte Burg. Das Spiel beginnt mit zwei Kameraden in Ihrer Gruppe, weitere kommen später hinzu und endet, wenn alle Ihre Gruppenmitglieder getötet wurden.
Crypts of Chaos (USA)	Es ist gewissermaßen ein Rollenspiel. Das Ziel besteht darin, die Monster in den Krypten zu töten und alle Schätze, die Sie finden können, zu ergattern und aus diesen Krypten herauszuholen. Wie tief Sie in der Gruft beginnen, hängt von der Spielauswahl ab. In den Spielen eins, zwei, drei oder vier erreichen Sie die Level fünf, neun, dreizehn oder eins. Ihre Waffen sind ein Schwert (unbegrenzte Angriffe, aber nutzlos gegen Zauberer), ein Zauberstab (begrenzte Angriffe, je nach Spielauswahl, nutzlos gegen Drachen), ein Ring der Macht (begrenzte Angriffe, je nach Spielauswahl) und ein Symbol des Friedens (unbegrenzte Verwendungsmöglichkeiten, aber Sie erhalten keine Punkte und sind nur für Trolle, Augen, Zauberer und Drachen nützlich). Deine Feinde sind Trolle, Frösche, Schlangen, Schädel, Flecken, Augen, Zauberer und Drachen. Level eins hat nur Trolle, Level zwei hat Trolle und Frösche, Level drei hat Trolle, Frösche und Schlangen usw. bis Level acht, in dem es alle Arten von Feinden gibt.
Crystal Castles (USA)	Bentley Bear ist in den Kristallschlössern gefangen! Um herauszukommen, muss er alle Edelsteine sammeln, die sich in jeder Burg befinden. Das Spiel wird in einer isometrischen Fake-3D-Ansicht durch plattformübergreifende Schlösser gespielt. Wenn Bentley alle Edelsteine in einem Level gesammelt hat, geht er zur nächsten, schwierigeren Burg. Bentley muss einer Vielzahl von gefährlichen Kreaturen ausweichen, die in den Levels umherstreifen . Von Zeit zu Zeit taucht ein magischer Hut auf. Wenn Bentley den Hut einsammelt, ist er vorübergehend unbesiegbar.
Cubicolor (USA) (Proto)	Das Ziel von Cubicolor ist es, das nebenstehende Muster anzupassen. In der Mitte des Bildschirms wird ein Fünf-mal-Fünf-Raster angezeigt. Links und rechts befindet sich ein Drei-mal-Drei-Raster mit einem Muster. Sie müssen mit dem zentralen Drei-mal-Drei-Bereich des Fünf-mal-Fünf-Rasters übereinstimmen. Zum Bewegen bewegen Sie den Joystick in eine Richtung, um ein Quadrat auszuwählen, und halten dann Ihre Taste gedrückt, während Sie den Joystick bewegen, um dieses Quadrat zu verschieben. Versuchen Sie in Spielen mit zwei Spielern, das Muster zu übernehmen, bevor es Ihr Gegner tut.
Custer's Revenge (USA)	Custer's Revenge (wörtlich „Die Rache von Custer“) ist ein pornografisches Action-Videospiel, das von der Firma Mystique entwickelt und 1982 nur in den USA auf dem Atari 2600 veröffentlicht wurde. Der Spieler spielt den nackten General George Armstrong Custer (abgesehen von Mütze, Schal und Stiefeln), der einen Bildschirm überqueren und einem Pfeilhagel ausweichen muss, um ein junges, nacktes indisches Mädchen, das an einen Kaktus gefesselt ist, vergewaltigen zu können. Dieses Szenario gilt als eines der schlimmsten, die jemals für ein Spiel erstellt wurden, und belegte den ersten Platz auf der GameSpy-Liste „Die zehn beschämendsten Spiele aller Zeiten“ und den dritten Platz auf der Liste der „Zehn schlechtesten Spiele aller Zeiten“ von PC World.
Dan Kitchen's Tomcat - The F-14 Fighter Simulator (USA)	Mit Flügeln geboren... Werden Sie ein F-14-Marineflieger und fliegen Sie Such- und Zerstörungsmissionen, während Sie in tödlichen Luftkämpfen mit Ihrer 20-mm-Kanone und Ihren Luft-Luft-Raketen feindlichen Schreckgespenstern ausweichen und sie abschießen. Ihr Cockpit ist mit modernster Technologie der US Air Force ausgestattet: Bildschirm und Hauptcomputer, Bogey-Alarmanzeige, G-Force-Anzeige, elektronische Gegenmaßnahmen und Laufüberhitzungsanzeige (ja, es kann überhitzen!). Und wenn Sie Lust dazu haben, steigern Sie den Olbird auf Mach 1.0!
Dancing Plate (Europe) (Puzzy)	Dancing Plate ist ein Arcade-Spiel, das auf dem Atari VCS 2600 veröffentlicht wurde. Ziel des Spiels ist es, zu verhindern, dass auf Holzspitzen rotierende Platten herunterfallen.
Dark Cavern (USA)	Es ist ein Kampf ums Überleben in einer unterirdischen Höhle! Sie haben fünf Männer. Sie betreten die Höhle einzeln durch die zentrale Luke. Sobald man drinnen ist, dringen Drops, Spinnen und Bots durch die linke und rechte Tür ein. Weder Lebewesen noch Menschen können durch diese Türen hinausgehen.
Dark Chambers (USA)	Dark Chambers ist ein Arcade-Actionspiel, das Gauntlet ähnelt. Sie sind ein Entdecker in einem unterirdischen Labyrinth. Ihr Ziel ist es, die 26 verschiedenen Level zu überleben und so viele verborgene Schätze wie möglich zu sammeln. Irgendwo in jedem Level ist ein Ausgang versteckt, der Sie zum nächsten Level führt.
David Crane's Pitfall II - Lost Caverns (USA)	Sie spielen Pitfall Harry und suchen irgendwo in den Anden nach dem Raj-Diamanten, seiner Nichte Rhonda und verschiedenen Schätzen. Giftige Frösche, Aale, Skorpione, Fledermäuse und andere Gefahren stehen im Weg. Pitfall II ist die Fortsetzung von Pitfall, dem ursprünglichen Plattformspiel. Das Gameplay ist weitgehend gleich geblieben, wobei auf jedem Bildschirm eine Seitenansicht der zu überwindenden Hindernisse und potenziell zu sammelnder Schätze angezeigt wird. Die Landschaft ähnelt eher einem Labyrinth mit einer Vielzahl von Pfaden und Sackgassen, die es zu durchsuchen gilt. Unterwegs gibt es Kontrollpunkte, auf die der Spieler stößt. Wenn der Spieler stirbt, wird Pitfall Harry zum zuletzt passierten Kontrollpunkt zurückgeschickt.
Deadly Duck (USA)	Es ist eine Art Space Invaders, außer dass Sie hier eine Ente spielen, die einer Armee von Krabben gegenübersteht und diese vernichten muss ...
Death Trap (USA)	Sie wurden geschickt, um eine Nachricht zu überbringen. Plötzlich stößt man auf das Riesenschiff IT. Er möchte nicht, dass diese Nachricht den Galaktischen Imperator erreicht. Um zu entkommen, müssen Sie alle drei Generatoren zerstören. Ein Generator bleibt verborgen, bis die anderen beiden zerstört werden.
Defender (USA)	In Defender übernimmt der Spieler die Kontrolle über ein Schiff, das die Menschheit vor einer Welle von angreifenden außerirdischen Kräften schützen soll. Bewaffnet mit &quot;intelligenten Bomben&quot; und der Fähigkeit, den Hyperraum zu nutzen, um sich schnell um den Planeten zu bewegen, muss das Spielerschiff gegen Bomber, Pods, Swarmers, Baiters und Landers kämpfen - die die Humanoiden einfangen und in tödliche und unerbittliche Mutanten verwandeln können. Gelingt es nicht, die Humanoiden vor dem freien Fall oder der Mutation zu retten, wird der Planet zerstört. Eugene Jarvis' Defender gilt als einer der beliebtesten und fesselndsten Weltraum-Shooter der frühen 1980er Jahre
Demolition Herby (USA)	Wow! Boom! Boom! Vorsicht, Madame! Du bist Demolition Herby und eroberst die Straßen. Sie müssen einen quadratischen Abschnitt umrunden, um ihn zu neutralisieren. Das Ziel besteht darin, alle Abschnitte zu neutralisieren und feindlichen Autos auszuweichen, bevor der Treibstoff ausgeht. Wenn Sie drei Leben verlieren, ist das Spiel vorbei.
Demon Attack (Europe)	Demon Attack ist ein Arcade-Actionspiel mit ähnlichem Gameplay wie Space Invaders. Du steuerst eine Laserkanone am unteren Rand des Bildschirms und musst Welle um Welle von bunten Dämonen vernichten. Die Dämonen hüpfen in bizarren Mustern über den Bildschirm und versuchen, Ihre Kanone mit Bomben oder Lasern zu zerstören. Wenn Sie auf einen Dämon schießen, wird er durch einen anderen ersetzt oder in zwei kleinere Dämonen aufgeteilt, je nachdem, welche Welle Sie spielen. Wenn die erforderliche Anzahl an Dämonen für die aktuelle Runde endgültig vernichtet ist, können Sie mit der nächsten, schwierigeren Runde fortfahren.
Demons to Diamonds (USA)	In Demons to Diamonds steuerst du einen Laserzapper, der sich horizontal entweder am oberen oder unteren Rand des Bildschirms bewegt. Ihr Ziel ist es, so viele Punkte wie möglich zu verdienen, indem Sie Objekte in die Mitte des Bildschirms schießen. In der Mitte wandern Dämonen hin und her, die eine von zwei Farben haben können. Wenn Sie auf einen Dämon schießen, der die gleiche Farbe wie Ihr Zapper hat, verwandelt er sich in einen Diamanten. Wenn Sie auf den Diamanten schießen, bevor er verschwindet, erhalten Sie Bonuspunkte. Wenn Sie auf einen Dämon der anderen Farbe schießen, verwandelt er sich stattdessen in einen Schädel, der schnell auf Ihren Zapper feuert. Sie beginnen das Spiel mit fünf Zappern und das Spiel endet, wenn alle fünf von Schädeln zerstört wurden. Das Spiel kann von einem oder zwei Spielern gespielt werden, und es sind mehrere Spielvarianten enthalten, um den Schwierigkeitsgrad festzulegen.
Depth Charge (USA) (Proto)	Geplant als Pack-in-Kassettentitel für Amigas nie veröffentlichtes Power Module-Peripheriegerät und beschrieben als „das erste maschineninteraktive Videospiel“, das ein Kopf-an-Kopf-Spiel bietet, bei dem ein Spieler der U-Boot-Kommandant und der andere der Zerstörerkapitän ist. Jeder Spieler hätte seine eigene Bildschirmanzeige und seinen eigenen Befehlssatz gehabt. Das Power-Modul wurde zugunsten der Power Play Arcade-Wagen fallen gelassen und die Entwicklung des Spiels ging nur bis zu dieser Version. Katalogbeschreibung: „Sie wissen, dass er da unten ist.“ Aber wo? Ihr Sonar erfasst wahllos Signale. Dann entsteht ein Muster. Du hast ihn gefunden. Sie schießen eine Ladung Wasserbomben über die Bordwand und die Explosionen erschüttern das Schiff. Sie lächeln selbstbewusst und prüfen den Scanner: völlig leer. Plötzlich gibt es einen Ausrutscher. Und ein anderer. Oder... Du weißt, dass er da oben ist. Aber wo...'
Desert Falcon (USA)	Desert Falcon ist ein Shooter im Arcade-Stil. Viele der großen Schätze des Pharaos gehen in der Wüste verloren, und Ihr Ziel ist es, so viele wie möglich zu stehlen, um Punkte zu sammeln. Das Spiel bietet eine scrollende, isometrische Perspektive, während Sie Ihren Falken durch die verschiedenen Wüstenlandschaften steuern. Die gesuchten Schätze werden natürlich bewacht. Viele Wüstenkreaturen, darunter Geier, Krieger, fliegende Fische, Sphinxe und mehr, werden alle versuchen, dich daran zu hindern, deine Aufgabe zu erfüllen. Außerdem müssen Sie sich am Ende jedes Levels einer großen, heulenden Sphinx stellen, bevor Sie weitermachen können. Ihr Falke ist nicht völlig unbewaffnet und hat die Fähigkeit, Pfeile abzufeuern, die verwendet werden können, um die verschiedenen Feinde und die Sphinx zu zerstören. Im Sand werden Sie gelegentlich auf einige Hieroglyphen stoßen. Durch das Landen und Springen über drei dieser Hieroglyphen können mehrere verschiedene Superkräfte erlangt werden. Je nachdem, welche Hieroglyphen gesammelt werden, können Sie unbesiegbar werden, sich bis zum Ende des Levels verziehen, kostenlose Punkte verdienen, Feinde dazu bringen, anstelle von Ihnen einen Köder anzugreifen, oder sogar eine Luftbombe erhalten, die alle in der Luft befindlichen Feinde zerstört.
Dice Puzzle (USA)	Wenn Sie Spiele wie Rubik's Cube mögen, dann wird Ihnen dieses gefallen. Das Ziel des Würfelpuzzles besteht darin, alle 16 Würfel auf die gleiche Zahl zu bringen. Dazu klicken Sie auf eine Spalte oder Zeile, wodurch alle Ziffern in dieser Spalte oder Zeile um eine Ziffer weitergeschaltet werden (natürlich gehen wir von sechs auf eins). Sehen Sie, wie schnell (oder in wie vielen Zügen) Sie es schaffen.
Dig Dug (USA)	Dig Dug wurde als Arcade Spiel 1982 von Namco veröffentlicht. Das beliebte Spiel mit einfachen Konzept wurde auf viele Konsolen und Heimcomputer (z. B. C64) portiert. Dig Dugs Spielziel ist es, höhlenbewohnende Monster zu vernichten. Es gibt zwei Gegner: Pooka und Fygar Der Spieler steuert einen tunnelgrabenden Bergmann, der sein Leben lässt, wenn er von einem Monster erwischt, von Fygars Feuer verbrannt oder von einem herabfallenden Stein erschlagen wird. Man muss viermal mit dem Feuerknopf pumpen, um ein Monster platzen zu lassen. Halb aufgeblasene Monster erholen sich nach einigen Sekunden wieder, sind bis dahin aber gelähmt. Das Spiel läuft in einer Schleife. Der jeweils letzte Feind versucht an der Erdoberfläche links aus dem Bild zu laufen. Der Level wird durch Blumen in der rechten oberen Ecke repräsentiert. In jedem Folgelevel steigen Anzahl und Geschwindigkeit der Gegner
Dishaster (USA)	Dancing Plate ist ein Arcade-Spiel, das auf dem Atari VCS 2600 veröffentlicht wurde. Ziel des Spiels ist es, zu verhindern, dass auf Holzspitzen rotierende Platten herunterfallen.
Dodge 'Em (Europe) (Rev 1)	Du steuerst einen Rennwagen auf einer vierspurigen Strecke und dein Ziel ist es, alle Punkte zu sammeln, um zum nächsten Level aufzusteigen! Die Rennstrecke ist in vier Quadranten aufgeteilt. Ihr Rennwagen muss in der Spur bleiben, bis es gibt eine Unterbrechung in den Spuren zwischen den Quadranten gibt. Ein zweites Auto fährt in die entgegengesetzte Richtung und versucht Sie aufzuhalten. Dieses Auto wird immer versuchen, auf die gleiche Spur wie Sie zu gelangen, um einen Unfall zu provozieren. Wechseln Sie die Spur, um eine Kollision zu verhindern. Im Zwei-Spieler-Modus fährt der zweite Spieler das Unfallfahrzeug.
Dodge 'Em ~ Dodger Cars (USA)	Du steuerst einen Rennwagen auf einer vierspurigen Strecke und dein Ziel ist es, alle Punkte zu sammeln, um zum nächsten Level aufzusteigen! Die Rennstrecke ist in vier Quadranten aufgeteilt. Ihr Rennwagen muss in der Spur bleiben, bis es gibt eine Unterbrechung in den Spuren zwischen den Quadranten gibt. Ein zweites Auto fährt in die entgegengesetzte Richtung und versucht Sie aufzuhalten. Dieses Auto wird immer versuchen, auf die gleiche Spur wie Sie zu gelangen, um einen Unfall zu provozieren. Wechseln Sie die Spur, um eine Kollision zu verhindern. Im Zwei-Spieler-Modus fährt der zweite Spieler das Unfallfahrzeug.
Dolphin (USA)	Dolphin ist ein Spiel, das auf dem Atari VCS 2600 veröffentlicht wurde. Der Spieler verkörpert einen Delphin, der einem riesigen Oktopus entkommen muss, indem er immer schneller schwimmt und Hindernissen ausweicht.
Donald Duck's Speedboat (USA) (Proto)	Donald nahm am Duckburg Boat Race teil und fuhr mit seinem Schnellboot aufs Meer. Das Ziel besteht darin, das Boot auf dem Weg zur Ziellinie von Hindernissen zu befreien und dies so schnell wie möglich zu tun, ohne den Druck auf das Gaspedal zu verlieren. Das Spiel findet auf mehreren Bildschirmen statt, von denen jeder seine eigenen Hindernismuster und Herausforderungen bietet.
Donkey Kong (USA)	Donkey Kong wurde 1981 in den Spielhallen veröffentlicht und war nicht nur Nintendos erster echter Hit für das Unternehmen, sondern markierte auch die Einführung von zwei ihrer beliebtesten Maskottchen: Mario (ursprünglich „Jumpman“) und Donkey Kong. Donkey Kong ist ein Jump'n'Run-Action-Spiel, bei dem Mario vier verschiedene industrielle Levels (Bauzone, Zementfabrik, ein Level mit Aufzugsmotiven und das Entfernen von Nieten von Trägern) erklimmt, um das Mädchen in Not, Pauline, vor dem zu retten großer Affe, bevor der Timer abläuft. Sobald die Nieten aus dem letzten Level entfernt sind, fällt Donkey Kong und die beiden Liebenden sind wieder vereint. Von dort aus beginnen die Levels mit einem höheren Schwierigkeitsgrad.
Donkey Kong Junior (USA)	Mario hat Juniors Papa entführt! Donkey Kong Jr. wurde ursprünglich 1982 als Fortsetzung von Donkey Kong in den Spielhallen veröffentlicht. In diesem Spiel spielt Mario den Antagonisten, der endlich Donkey Kong gefangen hat und den Affen in einen verschlossenen Käfig gesteckt hat. Als Donkey Kong Jr. müssen sich die Spieler durch vier verschiedene Level (Ranken, Sprungbrett, Ketten und Marios Versteck) kämpfen, um Schlüssel zu finden, um den Vater des kleinen Affen zu befreien. Wie das ursprüngliche Donkey Kong haben die Konsolenversionen der früheren 1980er Jahre nicht alle Levels und Animationen aus der Spielhalle.
Double Dragon (USA)	Double Dragon spielt im postapokalyptischen New York und erzählt die Geschichte von Billy und Jimmy Lee, Zwillingsbrüdern, die im Kampfstil von Sou-Setsu-Ken ausgebildet wurden. Gemeinsam betreiben sie eine kleine Kampfsportschule und bringen ihren Schülern Selbstverteidigung bei. Eines Tages wird Billys Freundin Marian von den „Black Warriors“, einer wilden Straßenbande unter der Führung eines Mannes namens Willy, auf der Straße entführt. Die Dark Warriors verlangen, dass die Lee-Brüder im Austausch für Mariannes Freiheit ihre Kampfkunstgeheimnisse preisgeben. Die Lee-Brüder begeben sich auf eine Rettungsmission, um die Dunklen Krieger zu vernichten und Marianne zu retten.
Double Dunk (USA)	Spielen Sie ein rasantes Zwei-gegen-Zwei-Spiel auf dem Half-Court-Basketball. Wenn Sie nur die Hälfte des Feldes nutzen, müssen Sie vorsichtiger sein, um den Ball nicht zu verlieren oder einfache Schläge zu verpassen, wenn ein Gegner in der Nähe ist. 3-Punkt-Schüsse und Fouls können ein- oder ausgeschaltet werden. Darüber hinaus haben Sie die Möglichkeit, die Farben der Uniformen jedes Teams zu ändern.
Dragon Defender (Europe)	Ziel des Spiels ist es, die Kontrolle über einen Drachen zu übernehmen, der sich durch Angriffswellen kämpfen muss, die von der rechten Seite des Bildschirms auf Sie niederprasseln.
Dragonfire (USA)	Die Schätze des Königs wurden gestohlen! Als kühner junger Prinz ist es dein Ziel, sie alle wiederzubekommen. Die Schätze werden in verschiedenen Schlössern aufbewahrt, die jeweils von einem Feuerdrachen bewacht werden. Jeder Level des Spiels besteht aus zwei Teilen. Zuerst müssen Sie die Zugbrücke des Schlosses überqueren. Du musst springen und den Feuerbällen der Drachen ausweichen und den fliegenden Pfeilen ausweichen, um auf die andere Seite zu gelangen! Im zweiten Teil musst du alle Schätze auf dem Bildschirm einsammeln und sie in Sicherheit bringen, während du dem Drachen ausweichst, der am unteren Bildschirmrand läuft. Die Drachen in jedem Level haben unterschiedliche Bewegungs- und Schussmuster, und im Laufe der Level werden sie immer schneller und komplizierter.
Dragonstomper (USA)	Vor langer Zeit erschuf ein Druidenzauberer ein Amulett mit großer Macht, das einen Drachen bezwingen konnte. Auf dem Weg zur Drachenhöhle ließ der Druide versehentlich das Amulett fallen, das auf den Boden seiner Höhle fiel. Im Laufe der Zeit verlieh das Amulett dem Drachen List und Macht, sodass er begann, Verrat und Böses im friedlichen Königreich zu verbreiten. Die Suche des Spielers beginnt damit, dass der König ihn auffordert, den Drachen ein für alle Mal zu besiegen. Der Spieler nimmt den Ruf zu den Waffen an und sammelt zunächst seine Streitkräfte und kämpft in der verzauberten Landschaft gegen Kreaturen, um genug Macht zu erlangen, um ein Drachenstampfer zu werden. Sobald der Spieler bereit ist, reist er in ein unterdrücktes Dorf in der Nähe der Drachenhöhle, um Soldaten zu rekrutieren, magische Schriftrollen zu kaufen und die Medikamente und Elixiere zu besorgen, die er benötigt, um dem Drachen in seiner Höhle entgegenzutreten. Mit all seinen Fähigkeiten, seiner Ausbildung, seiner Ausrüstung und seinen Soldaten steigt der Drachenstampfer in die Höhle des Drachen hinab, um in einer letzten Schlacht Frieden in das Königreich zu bringen.
Dragster (USA)	Dragster ist eine Drag Racing-Simulation für einen oder zwei Spieler. Ziel des Spiels ist es, als erstes Auto über den Bildschirm zu fahren (im Spiel für zwei Spieler) oder in der kürzest möglichen Zeit über den Bildschirm zu fahren (im Spiel für einen Spieler). Der Joystick fungiert sowohl als Gaspedal als auch als Kupplung; Sie haben die Möglichkeit, vom ersten bis zum vierten Gang zu schalten, aber passen Sie auf, dass Sie nicht zu früh schalten, da Sie nicht herunterschalten können! Sie müssen auch aufpassen, dass Sie Ihren Motor nicht zu sehr auf Touren bringen, sonst geht der Motor kaputt und Sie sind aus dem Rennen. Es sind zwei Spielvarianten enthalten; im einfacheren Spiel müssen Sie nur geradeaus fahren, um das Ziel zu erreichen. In der fortgeschrittenen Variante haben Sie auch die Möglichkeit zu lenken und müssen Ihr Auto zwischen der Tribüne und dem Fahrbahnteiler geradeaus fahren lassen.
Dschungel Boy (Europe)	Pitfall! ist ein Plattform-Actionspiel. Sie spielen Pitfall Harry, der auf der Suche nach einem Schatz tief im Dschungel ist. Mit ein wenig Glück finden Sie Geldsäcke, Silberbarren, Goldbarren und Diamantringe. Dabei stellen sich Ihnen viele Hindernisse in den Weg, von denen einige lediglich Punkte von Ihrer Punktzahl abziehen, während andere tödlich sind. Rollende Baumstämme und ein Sturz in ein Loch ziehen Punkte ab, und Skorpione, Alligatoren, Schlangen, bodenlose Gruben, Sümpfe und Brände führen dazu, dass Pitfall Harry ein Leben verliert. Sie haben 20 Minuten Zeit, um zu versuchen, alle Schätze auf den zahlreichen Bildschirmen einzusammeln - wenn Sie so lange überleben!
Dukes of Hazzard (USA) (Proto)	Dukes of Hazzard ist ein Fahrspiel mit Luftperspektive, das auf der beliebten gleichnamigen TV-Serie basiert. Die Spieler schlüpfen in die Rolle der Duke-Jungs, die den legendären „General Lee“ anführen, während sie versuchen, der Polizei auszuweichen und ihre Schwester Daisy vor Boss Hogg zu retten.
Dumbo's Flying Circus (USA) (Proto)	Dumbos Flying Circus sollte Teil von Ataris Kinderserie sein (die Charaktere aus den Peanuts, der Sesamstraße, Disney, Muppets und Garfield umfasst), aber aus dem einen oder anderen Grund erblickte es nie das Licht der Welt. Atari bewarb Dumbo in den europäischen Katalogen von Atari und ließ sogar einen Prototyp eines Gehäuses anfertigen. Die Entscheidung, es wegzulegen, muss also erst recht spät getroffen worden sein. Obwohl Dumbo als Kinderspiel entwickelt wurde, ist das Gameplay recht schwierig, was möglicherweise erklärt, warum es nie auf den Markt kam.
Dune (USA) (Proto)	Dune ist ein unveröffentlichter Prototyp, der auf dem gleichnamigen Film von 1984 basiert. Es scheint, dass es sich um ein Spiel im Action-/Adventure-Stil ähnlich dem Atari-Klassiker „Adventure“ handeln sollte, aber da das Spiel nie fertiggestellt wurde, werden wir es nie genau wissen. Dune wurde von den Atari-Programmierern Bruce Poehlman und Gary Stark entworfen, aber es scheint, dass die Programmierung von einer anderen Partei begonnen wurde. Dieser Prototyp scheint nur zu etwa 30 % fertig zu sein – die Spiel-Engine scheint fertig zu sein, aber viele Gameplay-Elemente und Grafiken fehlen. Vermutlich wurde dieser Titel abgesagt, als die Tramiels die Entwicklung von 2600-Spielen einstellten und die meisten Mitarbeiter entließen.
E.T. - The Extra-Terrestrial (USA)	Das Spiel basiert auf Elementen aus dem Film „E.T. – Der Außerirdische“, dessen Adaption es ist, und folgt nicht unbedingt dem allgemeinen Grundriss des Szenarios. Der Spieler manövriert E.T. durch verschiedene Bildschirme auf der Suche nach den drei Senderteilen. Die Teile sind zufällig in der Landezone von E.T. verteilt. in Gräben, die „Brunnen“ genannt werden. Der Spielbereich besteht aus sechs Hauptbildschirmen. Der Spieler muss den Kontakt mit bestimmten Feinden vermeiden.
Earth Dies Screaming, The (USA)	Du bist ein Weltraumzerstörer, der die Erde vor den Trillianern verteidigt. Die Trillianer nutzen Angriffsbasen, um Kamikaze-Satelliten und Trillian-Kampfflugzeuge zur Erde zu schicken. Wenn ein Jäger näher kommt, folgt Ihre Waffe automatisch seiner vertikalen Bewegung. Sie müssen ihnen horizontal folgen und zum richtigen Zeitpunkt schießen.
Eddy Langfinger, der Museumsdieb (Germany)	Eddy Langfinger schleicht sich durchs berühmte Mongrath Stadtmuseum. Sein Plan ist, die wertvollsten Schätze der Erde zu stehlen. Acht sind im Museum aufbewahrt, aber immer nur einer wird für Eddy sichtbar, die anderen entdeckt er erst nach und nach. Langfinger muß der Wache aus dem Weg gehen und ihrem bösartigen Hund entkommen. Erst wenn Eddy alle 8 Schätze an sich gebracht hat, erscheint ein Hubschrauber, um ihn aufzunehmen. Sobald Eddy Langfinger in Sicherheit ist, beginnt eine neue Runde. Ins nächste Stockwerk gelangt Eddy stets mit einem kühnen Sprung durch die Öffnung am Ende des Ganges.
Eggomania (USA)	Eggomania ähnelt dem Kaboom-Spiel. Oben auf dem Bildschirm ist ein Vogel zu sehen, der Eier nach dir wirft! Sie müssen sie mit Ihrem Hut einfangen, bevor sie den unteren Bildschirmrand erreichen. Wenn Sie Eier übersehen, zerbrechen diese und das Eigelb beginnt sich am unteren Bildschirmrand zu sammeln. Wenn Sie zu viele verpassen, ist das Spiel vorbei. Am Ende jeder Runde haben Sie die Möglichkeit, Bonuspunkte zu sammeln; Jetzt kannst du alle gefangenen Eier auf den Vogel werfen! Mit fortschreitenden Levels nimmt die Geschwindigkeit der Spiele zu. Es stehen zwei Schwierigkeitsgrade zur Verfügung, in der einfacheren Variante bekommt man einen größeren Hut.
Elevator Action (USA) (Proto)	Der Spieler übernimmt die Rolle eines Spions, der ein 30-stöckiges Gebäude mit Aufzügen infiltriert. Der Spieler wird von feindlichen Agenten verfolgt, die hinter verschlossenen Türen auftauchen. Diese Agenten müssen mit Gewalt oder Ausweichen behandelt werden. Zum erfolgreichen Abschluss eines Levels müssen alle geheimen Dokumente gesammelt und das Gebäude von oben nach unten durchquert werden. In den unteren Etagen des Gebäudes können die Aufzugssysteme so komplex sein, dass Fähigkeiten zum Lösen von Rätseln erforderlich sind. Die Bedienelemente bestehen aus einem 4-Wege-Joystick und zwei Tasten, eine zum Schießen und eine zum Springen und Treten.
Elf Adventure (USA) (Proto)	Eine Fortsetzung von Adventure? Ja, es scheint, dass Warren in seiner Freizeit an einer Fortsetzung seines Erfolgshits „Adventure“ bastelte, während er bei The Learning Company arbeitete, die er 1980 gründete, nachdem er Atari verlassen hatte. Es ist nicht bekannt, ob Atari tatsächlich eine Fortsetzung bestellt hat oder ob Warren dies allein gemacht hat und hoffte, es an Atari verkaufen zu können. Da Atari jedoch darüber nachdachte, SwordQuest: Earthworld Adventure II (und Fireworld Adventure III) zu nennen, klingt das spätere Szenario plausibler. Wie auch immer, dieser Prototyp hat etwas Geheimnisvolles.
Eli's Ladder (USA)	Dieses Spiel wurde entwickelt, um Kindern das Addieren, Subtrahieren und Zählen beizubringen. Eli muss zu seinem Raumschiff zurückkehren. Sie bringen ihn auf der Leiter nach oben, indem Sie Additions- oder Subtraktionsaufgaben lösen. Bei den folgenden vier Antwortmöglichkeiten liegt ein Problem vor. Bewegen Sie den Navigator nach links oder rechts, um Ihre Antwort auszuwählen, und drücken Sie dann die Taste. Nach 20 Fragen erreichte Eli sein Schiff. Wenn Sie 18 oder mehr richtige Antworten haben, springt Eli vor Freude auf und es blinkt das Wort WOW. Das Kind nutzt immer den richtigen Joystick. Im Zwei-Spieler-Modus wird der linke Stick vom Elternteil verwendet, um zum nächsten Problem zu gelangen, das Spiel zu starten und Äpfel zu zählen. Im Einzelspielermodus kommt man automatisch voran.
Elk Attack (USA) (Proto)	Elk Attack ist ein Pac-Man-ähnliches Spiel, jedoch ohne Labyrinth. Sie steuern eine Yo-Yo-Maschine, die mit ihrer Kette alle farbigen Blöcke auf dem Bildschirm verriegeln und zerstören muss. Unterwegs triffst du auf seltsame wurmartige Kreaturen, die versuchen, dein Yo-Yo zu stören.
Encounter at L-5 (USA)	Mit einem Antimaterie-Werfer musst du die Sternenbasis L5 gegen eine endlose Horde blauer Megalyte-Kriegerschiffe und ihre tödlichen Raketen verteidigen. Wenn die Krieger unten ankommen, feuern sie auf Ihre Basis. Es schadet der Basis nicht, aber Sie würden eines Ihrer vier Leben verlieren. Manchmal taucht das Todesschiff auf Ihre Basis zu und feuert dabei. Wenn es Ihre Basis erreicht, zerstört es Ihren Generator und Sie verlieren ein Leben.
Enduro (USA)	Enduro ist ein Action-Rennspiel ähnlich der Pole Position. Ihr Ziel ist es, in einem Enduro-Rennen so lange wie möglich zu bestehen. An jedem Tag des Rennens müssen Sie eine bestimmte Anzahl von Autos passieren. Wenn Sie erfolgreich sind, können Sie weitermachen, scheitern und sind aus dem Rennen. Die Fahrbedingungen variieren im Laufe der Tage. Sie müssen nicht nur zu unterschiedlichen Tageszeiten mit unterschiedlichen Lichtmengen fahren, sondern auch die Jahreszeiten können sich ändern. Schnee, Eis und Nebel scheinen gelegentlich das Fahren tückischer zu machen. Mit jedem Tag, der vergeht, werden die anderen Autos schneller und aggressiver. Am unteren Rand des Bildschirms befindet sich ein Kilometerzähler. Wenn das Rennen endlich vorbei ist, können Sie sehen, wie weit Sie es geschafft haben.
Ente und der Wolf, Die (Germany)	Pooyan ist ein von Konami veröffentlichtes Arcade-Spiel. Im Mittelpunkt des Spiels steht Mama, eine Sau, die ihre Jungen verteidigen und retten muss. Mama befindet sich in einem Schiebeaufzug, den der Spieler steuert. Wölfe fliegen mit Ballons davon und es liegt an dem Spieler, Pfeile auf die Wölfe zu schießen, damit ihre Ballons explodieren, bevor sie die Spitze erreichen.
Entity, The (USA) (Proto)	Die Entität muss schnell auf höhere Ebenen der Existenz gebracht werden, um ihrer grausamen Zerstörung zu entgehen. Es wird Widerstand leisten, aber das darf Sie nicht aufhalten. Level für Level der bestehenden Herausforderung. Können Sie lange genug durchhalten, um Ihren Heliumvorrat wieder aufzufüllen? Joystick-Aktion für einen Spieler. Suchen Sie ein Portal in der Barriere, die die Ebenen der Existenz trennt, und leiten Sie die Entität dann mit Ihrem Joystick zum Portal und weiter zur nächsten Ebene. Wenn die Entität Widerstand leistet, bezwingen Sie sie mit einem Sprühstoß aus flüssigem Helium.
Entombed (USA)	Was als nette kleine archäologische Expedition begann, wurde plötzlich zu einem albtraumhaften Kampf ums Überleben! Ein Team von Archäologen ist in einem unterirdischen Labyrinth aus dunklen, gewundenen Tunneln gefangen. Um sie herum tauchen furchterregende Zombies aus den Krypten auf. Die einzige Überlebenschance der Archäologen (abgesehen von einem sehr schnellen Lauf) ist ein uraltes Gerät namens „Make-Break“, mit dem sich Mauerstücke erschaffen oder zerstören lassen.
Espial (USA)	Sie sind ein Weltraumpilot, der in Todesreichweite über ein riesiges Raumschiff fliegt. Sie müssen sich durch die nicht enden wollenden Wellen feindlicher Schiffe kämpfen und gleichzeitig Raketen auf das Schiff selbst abfeuern. Viel Glück!nnSie steuern Ihr Schiff mit dem Joystick. Zum Abfeuern drücken Sie einfach den Knopf. Sie werden gleichzeitig Laser und Raketen abfeuern. Die Raketen treffen dort ein, wo sich das Fadenkreuz vor Ihrem Schiff zum Zeitpunkt des Abschusses befindet. Hüten Sie sich vor Schüssen, die auf Sie abgefeuert werden, und stoßen Sie nicht auf fliegende Gegenstände.
Exocet (Europe)	Exocet ist ein Actionspiel von Panda Entertainment, das 1983 veröffentlicht wurde. Sie steuern ein UFO und müssen Türme zerstören, die versuchen, Sie zu erschießen.
Extra Terrestrials (USA)	Als das Personal Computer Museum zum ersten Mal Extra Terrestrials entdeckte, reichte die Entdeckung selbst aus, um Schockwellen durch die Atari-Community auszulösen. Es tauchte nicht nur ein bisher unbekannter (aber im Handel erhältlicher) Titel auf, sondern es wurde auch als das einzige in Kanada entwickelte Atari 2600-Spiel anerkannt. Die Gruppe wollte vom damals boomenden Videospielmarkt profitieren. Sie hatten gehofft, das Spiel zur Weihnachtszeit 1983 veröffentlichen zu können, aber Terminverzögerungen verhinderten dies und das Spiel verpasste die Weihnachtszeit. Nachdem das Spiel Anfang 1984 fertiggestellt war, ging Peter, wie er sich erinnert, von Tür zu Tür zu Einzelhändlern gegangen, um Kopien des Spiels zu verkaufen. Sie hatten keinen Vertriebshändler und der Videospielmarkt schrumpfte. Er war bereits zusammengebrochen.
Fantastic Voyage (USA)	Fantasy Journey ist ein vertikal scrollender Einzelspieler-Shooter. Die Prämisse des Spiels folgt der des gleichnamigen Films von 1966; Sie und Ihr U-Boot wurden miniaturisiert und in das Blut eines kranken Patienten injiziert. Ihr Ziel ist es, den Tod des Patienten zu verhindern, indem Sie tödliche Blutgerinnsel lokalisieren und zerstören.
Farmyard Fun (USA)	Du steuerst Tom, den Eierdieb, der herumstreift und Eier auf dem Scheunenhof sammelt. Die Eier werden von Hühnern bewacht, die Tom mit einer einfachen Berührung schlagen. Sammle erfolgreich alle Eier und gehe zum nächsten Level, wo Eier an verschiedenen Orten angezeigt werden. Hühner werden auch schneller und schwerer zu meiden.
Fast Eddie (USA)	Sie müssen über feindliche „Turnschuhe“ springen, Leitern erklimmen und springen, um Ihr Herz zu gewinnen. Die Steuerung ist sehr präzise und das Spiel läuft flüssig. Sie werden feststellen, dass Fast Eddie schnell ist und 99 Meter weit springen kann.
Fast Food (USA)	Essen! Essen Sie so viele Kalorien wie möglich, aber achten Sie auf die violetten Gurken. Sie bleiben bei Ihnen und geben Ihnen verschwenderisches Benzin. Das Essen beginnt links und bewegt sich nach rechts. Sie bewegen Ihren Mund, um das Essen zu essen; je größer du wirst, desto besser.
Fatal Run (USA)	In diesem postapokalyptischen Fahr-/Rennspiel musst du in verschiedene Städte reisen, um Medikamente zu liefern, während du auf dem Weg zu einer Raketenbasis bist, die eine Rakete beherbergt, die die Welt retten kann. Während du durch die 32 Level fährst, triffst du auf unzählige Feinde, die dich daran hindern wollen, dein Ziel zu erreichen. Ihr Auto verfügt über viele Waffen, die Ihnen helfen, darunter Dynamit, Raketen, Ölteppiche, Nebelwände und Maschinengewehre. Sie können Ihr Fahrzeug auch in den Stadtgeschäften aufrüsten. Die Aufrüstung Ihres Benzintanks sorgt für eine bessere Kilometerleistung, während die Aufrüstung Ihrer Stoßstange Sie bei Kollisionen schützt. Mit einer Passwortfunktion können Sie dort weitermachen, wo Sie aufgehört haben.
Fathom (USA)	Neptina, die Tochter von Neptun, wurde von Titanen auf dem Meeresgrund eingesperrt. Ihr Ziel ist es, sie zu retten, indem Sie die verstreuten Teile eines magischen Dreizacks finden! Sie müssen die Gestalt eines Delfins und eines Vogels annehmen, um die im Ozean und in den Wolken versteckten Fragmente zu finden.
Feuerwehr im Einsatz (Germany)	Ein örtliches Lagerhaus hat Feuer gefangen und Sie sind der Feuerwehrmann, der zur Rettung eilen muss! Ihr Ziel ist es, den im Lager festsitzenden Arbeiter zu retten. Auf der rechten Seite des Bildschirms befindet sich ein Feuerwehrauto mit einer verstellbaren Leiter. Sie können die Leiter in die entsprechende Etage des Gebäudes bewegen, um hinaufzuklettern und den eingeschlossenen Arbeiter zu retten.
Final Approach (USA)	Sie sind Fluglotse an einem internationalen Flughafen. Sie müssen die Flugzeuge so steuern, dass sie sicher landen. Ihr erster Bildschirm ist der Approach Control Radar oder ARC-Bildschirm. Sie müssen das Flugzeug mit dem Cursor steuern, bis es sich von links nach rechts entlang der gelben Linie in Richtung des schwarzen Streifens bewegt. Stellen Sie sicher, dass die anderen Flugzeuge so fliegen, dass sie nicht sofort aufeinander zufliegen oder den Bildschirm verlassen.
Fire Fighter (USA)	Ein örtliches Lagerhaus hat Feuer gefangen und Sie sind der Feuerwehrmann, der zur Rettung eilen muss! Ihr Ziel ist es, den im Lager festsitzenden Arbeiter zu retten. Auf der rechten Seite des Bildschirms befindet sich ein Feuerwehrauto mit einer verstellbaren Leiter. Sie können die Leiter in die entsprechende Etage des Gebäudes bewegen, um hinaufzuklettern und den eingeschlossenen Arbeiter zu retten.
Fire Fly (USA)	Nachdem Ihr interplanetares Raumschiff versehentlich in ein Schwarzes Loch gelangt, finden Sie sich in einem anderen Universum wieder. Diese Welt wird von seltsamen, mechanischen, käferähnlichen Kreaturen bewohnt. Sie stellen fest, dass diese Welt sowohl schlechte als auch gute Käfer enthält; Die guten Käfer haben um Ihre Hilfe gebeten und Sie erklären sich damit einverstanden, sie zu verteidigen. Ihre erste Herausforderung besteht darin, den Pixy zu retten. Dies ist das letzte Lebewesen auf dem Planeten und wird von einer Killerbiene bewacht. Wenn Sie Erfolg haben, müssen Sie als nächstes eine Vielzahl feindlicher Kreaturen bekämpfen, darunter einen brennenden Kürbis, Dämonen und gewundene Schlangen. Jedes Mal, wenn Sie die Kreaturen auf dem Bildschirm besiegen, können Sie sich nach rechts bewegen, wo eine neue Herausforderung (und ein Bonus) auf Sie wartet! Nachdem Sie alle Fehlerbildschirme abgeschlossen haben, wird das Spiel auf einem höheren Schwierigkeitsgrad wiederholt.
Fire Spinner (USA)	Firebug ist ein halbherziger Versuch eines 3D-Zielschießspiels. Das ist wahrscheinlich etwas, was man beim 2600 nie hätte versuchen sollen, aber Vidco hat beschlossen, es trotzdem zu versuchen. Das Ergebnis ist ein Spiel, das anständig aussieht, sich aber schrecklich spielt. Das Ziel des Spiels besteht darin, dass Ihr Zauberer einen Feuerball erschafft und auf das Katapult schießt, das über den oberen Bildschirmrand läuft.
Fishing Derby (USA)	Fishing Derby für Atari VCS 2600 ist ein von Activision entwickeltes Sportspiel. Das Ziel des Spiels ist es, 99 Pfund (45 Kilo) Fisch vor Ihrem Gegner zu fangen. Der Spieler kontrolliert die Angelschnur. Je tiefer die Leine geht, desto größer ist der Fisch. Ein Hai wandert im Gewässer umher und kann den Fisch fressen, den der Spieler fängt.
Flag Capture ~ Capture (USA)	Flag Capture auf Atari VCS 2600 ist ein von Atari entwickeltes Action-/Strategiespiel. Wie bei einem Minensuchboot muss der Spieler so schnell wie möglich alle Flaggen finden, die sich hinter den Quadraten eines Gitters verstecken. Es ist möglich, mit 2 Spielern zu spielen. In diesem Fall können die Spieler gleichzeitig oder nacheinander spielen.
Flash Gordon (USA)	Du bist Flash Gordon. Viele Astronauten haben Spider City betreten, sind aber nie zurückgekehrt. Ihr Job, Flash, ist zweifach. Retten Sie alle Astronauten, die Sie in den Tunneln von Spider City finden, und zerstören Sie alle Brutkapseln.
FM Sound Tool (Unknown) (Proto) [b]	Ein Programm, das eine farbige Uhr anzeigt, die mit beweglichen und mehrfarbigen Zeichen verknüpft ist.
Football (USA)	Fußball für Atari VCS 2600 ist ein von Atari entwickeltes Sportspiel. Es ist für zwei Spieler konzipiert und basiert auf den klassischen Regeln eines American-Football-Spiels. Es ist möglich, Ihre Spieler selbst zu steuern oder dies dem Computer zu überlassen. In jedem Fall muss der Spieler entscheiden, ob er Verteidigung oder Angriff spielt.
Forest (Europe)	Du bist ein Holzfäller, der etwas Holz fällen möchte, um es zu verkaufen, damit deine Familie essen kann, aber eine böse Hexe hat die Tiere verzaubert, um dich anzugreifen. Sie müssen zwei Bildschirme rechts verwenden, um zu Ihrem Baum zu gelangen. Tiere kommen von jeder Seite des Bildschirms auf Sie zu. Sie müssen entweder auf das Tier springen oder den Knopf in die gewünschte Richtung drücken, um es mit Ihrer Axt zu treffen. Schlangen kann man nicht schneiden, man springt einfach darauf.
Fox & Goat (Europe)	Du bist ein fleißiges Eichhörnchen. Das ganze Jahr über haben Sie in Ihrem Haus in den Baumwipfeln Lebensmittel gelagert. Plötzlich, wenn du draußen bist, stiehlt Wily Weasel alles. Lass ihn nicht damit durchkommen! Werfen Sie ein paar Nüsse hinein! Wirf es vom Ast!
Frankenstein's Monster (USA)	In der dunklen und kalten Nacht passieren Sie das makabre Schloss von Dr. Frankenstein. Dort müssen Sie verhindern, dass die Erstellung abgeschlossen wird. Ihre einzige Chance besteht darin, Steine ​​aus dem Verlies zu sammeln und sie zum Turm zu bringen, wo Sie eine Barrikade um das Monster errichten müssen, bevor es genug Energie angesammelt hat, um lebendig zu werden.
Freeway (USA)	In Freeway ist es deine Aufgabe, dem Huhn beim Überqueren der Straße zu helfen! Jedes Mal, wenn Sie das Huhn erfolgreich über zehn Spuren des Autobahnverkehrs führen, erhalten Sie einen Punkt. Versuchen Sie, bis zum Ende des Zeitlimits von 2 Minuten und 16 Sekunden so viele Punkte wie möglich zu erzielen! Im Spiel zu zweit gewinnt, wer am Ende die meisten Punkte erzielt. Mehrere Spielvarianten sind enthalten, die die Geschwindigkeit und das Verkehrsaufkommen auf der Autobahn anpassen können.
Frisco (USA)	Peter Pinguin geht im ewigen Eis der Arktis auf Schatzsuche. Aber achten Sie auf! Seine Verfolger, die Schneemonster, verfolgen seine Fußstapfen. Frisco ist ein von Homevision veröffentlichtes Actionspiel, das vor seiner Veröffentlichung eingestellt wurde. Dieses Spiel basiert auf dem Code von Pac-Man. Es ist immer noch nicht bekannt, was die Initialen R.J.P.G. sind. stehen für.
Frog Demo (Europe) (Demo)	Ein Programm, das eine farbige Uhr anzeigt, die mit beweglichen und mehrfarbigen Zeichen verknüpft ist.
Frog Pond (USA) (Proto)	Die Geschichte hinter Frog Pond ist etwas unklar. Entweder ist sie einem schlechten Timing oder einem Konflikt zwischen Management und Programmierer zum Opfer gefallen. Das Prinzip hinter Frog Pond ist einfach: Sie steuern einen Frosch, der in einem Rennen versuchen muss, verschiedene Insekten mit seiner Zunge zu fangen, um zu sehen, wie viele Punkte Sie erzielen können. Das Thema des Spiels und das völlige Fehlen von Schwierigkeitsgraden garantieren fast, dass es sich an kleine Kinder richtet, ähnlich wie Nick Tuners vorheriges Spiel Demons to Diamonds. Das Problem bei Kinderspielen ist, dass sie Erwachsenen keinen großen Spaß machen, und Frog Pond ist da keine Ausnahme.
Frogger (USA)	Deine Aufgabe in dieser Arcade-Umsetzung ist es, einen Frosch über eine tückische Straße und einen Fluss zu führen und ihn am oberen Rand des Bildschirms in Sicherheit zu bringen. Beide Abschnitte sind mit einer Vielzahl von Gefahren behaftet, von denen jede den Frosch tötet und dich ein Leben kostet, wenn es zu einem Kontakt kommt. Die Straße ist voll von Autos und Lastwagen, mit unterschiedlichen Geschwindigkeiten. Das Flusswasser selbst ist tödlich, ebenso wie die Schlangen, die in späteren Levels darin schweben. Frogger muss die Anordnung von Baumstämmen, Schildkröten (die nur kurz da sind) und Alligatoren (aber halte dich von deren Gesichtern fern) nutzen und dann in eine der offenen Heimzellen springen, idealerweise eine, die eine Fliege für Extrapunkte enthält. Wenn du alle Löcher gefüllt hast, kommst du in den nächsten, schwierigeren Level.
Frogger II - Threeedeep! (USA)	In Frogger II müssen Sie Ihren Frosch an drei verschiedenen Orten in Sicherheit bringen. Beginnen Sie unter Wasser und erreichen Sie die Spitze des Teichs, während Sie gefährlichen Alligatoren und Fischen ausweichen (Sie können zur Sicherheit auf einer Schildkröte reiten!). Wenn Sie oben auf dem Teich angekommen sind, hüpfen Sie über Baumstämme, Vögel und sogar einen Wal zu dem Rettungsring, der hinter einem Schlepper herzieht. Am dritten Ort müssen Sie über einen Vogelschwarm hüpfen, um eine Wolke am oberen Bildschirmrand zu erreichen. Jeder Frosch hat ein Zeitlimit, um eines der Häuser auf jedem der drei Bildschirme sicher zu erreichen. Sie gelangen zum nächsten Level, wenn ein Frosch jedes der Häuser auf allen Bildschirmen sicher erreicht hat.
Frogs and Flies (USA)	Ziel des Spiels ist es mit dem springenden Frosch Fliegen zu fangen. Punkte werden gemacht indem man mit dem Frosch vom Seerosenblatt springt und mit der Zunge nach der Fliege schnappt. Spring zu spät und du verpasst die Fliege. Spring zu weit und du landest im Teich. Dann musst du warten bis der Frosch zurück auf das Blatt geschwommen ist. Fange mehr Fliegen als dein Gegner oder schlage deine eigene Punktzahl.
Front Line (USA)	Front Line ist ein Shooter-Spiel auf Atari VCS 2600. Ihre Mission besteht darin, feindliches Territorium zu infiltrieren und die Festung zu zerstören. Die Konfrontation mit den verschiedenen Terrains und Feinden wird hart sein, aber Ihr Charakter ist bewaffnet und hat die Möglichkeit, Fahrzeuge zu benutzen.
Frostbite (USA)	Du bist ein Eskimo, der ein Iglu bauen möchte, um in der kalten Jahreszeit darin zu leben. Dazu müssen Sie von Eisblock zu Eisblock springen und dabei Wildtieren wie Vögeln und Krabben ausweichen. Wenn Sie mit einem davon in Kontakt kommen, werden Sie vom Block in das tödliche Wasser gestoßen. Sobald Sie Ihr Iglu gebaut haben, müssen Sie es betreten, um zum nächsten Level zu gelangen. Denken Sie daran, dass Sie es bauen müssen, bevor die Temperatur auf 0° fällt. Du hast vier Leben.
Funky Fish (USA) (Proto)	Du bist der Funky Fish. Das Ziel des Spiels besteht hier darin, die Meeresbewohner anzugreifen, die das Monster bewachen. Du schießt mit deinen Blasen auf sie und sie verwandeln sich in Früchte. Anschließend müssen Sie die Früchte essen, um die Energie aufrechtzuerhalten. Wenn Sie zu lange brauchen, um die Frucht zu bekommen, wird sie sich wieder in das Meerestier verwandeln, das sie vorher war, und Sie weiterhin verfolgen. Wenn Sie von einem Meerestier berührt werden oder das Monster berühren, verlieren Sie ein Leben und werden zu Knochen, die auf den Meeresgrund sinken. Wenn Sie alle Ihre Leben verlieren, ist das Spiel vorbei.
Fussball (Germany)	Fußball für Atari VCS 2600 ist ein von Atari entwickeltes Sportspiel. Es ist für zwei Spieler konzipiert und basiert auf den klassischen Regeln eines American-Football-Spiels. Es ist möglich, Ihre Spieler selbst zu steuern oder dies dem Computer zu überlassen. In jedem Fall muss der Spieler entscheiden, ob er Verteidigung oder Angriff spielt.
G.I. Joe - Cobra Strike (USA)	Action Force ist ein Actionspiel im Arcade-Stil für ein bis drei Spieler. Wie G.I. Joe, du musst die Rekruten in einem Trainingslager vor der bösen Cobra verteidigen, die das Lager in Form einer riesigen Schlange angreift. Du kontrollierst einen Schild und eine Schusswaffe; Während die Rekruten am unteren Rand des Bildschirms in Sicherheit rennen, müssen Sie Ihren Schild verwenden, um die tödlichen Laser- und Giftstrahlen der Schlange zu blockieren. Wenn Sie die Gelegenheit haben, können Sie die Waffe verwenden, um die Schlange zu erschießen. Triff die Schlange mit acht direkten Treffern und sie wird zerstört und du kannst zum nächsten Level übergehen. Wenn es der Schlange gelingt, vier deiner Rekruten zu töten, ist das Spiel vorbei. In der Zwei-Spieler-Version des Spiels können beide Spieler kooperativ spielen und versuchen, die Schlange gemeinsam zu zerstören, oder ein Spieler kann die Schlange kontrollieren. In der Drei-Spieler-Version bewachen zwei Spieler die Rekruten, während der dritte Spieler die Schlange kontrolliert.
Galaxian (USA)	Galaxian ist ein Shoot 'em Up, bei dem sich der Spieler am unteren Bildschirmrand befindet und ein Raumschiff namens &quot;Galaxip&quot; kontrolliert, mit dem Ziel, Aliens zu beseitigen. Die Feinde erscheinen in Formation oben auf dem Bildschirm mit zwei Begleitschiffen. Der Spieler bewegt sich nach links und rechts, um auf einen Außerirdischen zu zielen, schießt dann eine Kugel und der Außerirdische, den er trifft, wird getötet. Die Aliens werden als Drohnen, Abgesandte, Hornissen und Kommandanten klassifiziert, wobei diejenigen, die sich weiter oben auf dem Bildschirm befinden, bei Zerstörung mehr Punkte erzielen. In festgelegten Intervallen bewegt sich ein Feind auf dem Bildschirm auf Sie zu und eskortiert einen Bomber Der Galaxip kann nur einen einzigen Schuss auf dem Bildschirm abfeuern und muss warten, bis er die Spitze erreicht, bevor er einen weiteren abfeuern kann. Die Bewegung der Feinde nimmt mit fortschreitendem Spiel neben der Anzahl der Schüsse, die die Feinde abfeuern, zu.
Gamma-Attack (USA)	Sie sind der Kommandant des einzigen Gamma-Schiffes in diesem Sternenfeld. Die Kriegsflotte der Veganer hat die Kontrolle über Ihren Gamma-Außenpostenplaneten übernommen und verteidigt ihn mit Laserimpulspanzern. Dieser Planet ist der einzige bewohnbare Planet in diesem Sternensystem, und Sie müssen dort bleiben und so lange wie möglich gegen die Veganer kämpfen. Bewegen Sie Ihr Schiff über die Oberfläche des Planeten und zerstören Sie die Laserimpulspanzer der Veganer. Durch die Zerstörung aller Panzer gelangt der Spieler zum nächsten Level. Jeder Laserimpuls, der Ihr Gamma-Schiff trifft, verringert Ihre Flughöhe. Wenn Ihr Schiff abstürzt, erscheint das „Gammy“ und Ihr Spiel ist vorbei.
Gangster Alley (USA)	Wir haben Chicago Joe festgenommen, aber als Vergeltung zog seine Bande in ein Gebäude ein und nahm eine Dame und ihr Kind als Geiseln. Ihr Befehl lautet, jedes Mitglied der Bande zu töten. Erschieße keinen Unschuldigen! Achten Sie auf Nitro Ed. Er spielt gerne mit Granaten. Viel Glück.
Garfield (USA) (Proto)	Garfield war nie fertig. Wie Sie wahrscheinlich erraten haben, spielt Garfield den liebenswerten orangefarbenen Fellknäuel aus den Sonntagscomics (nein, nicht Alf!). Garfield ist auf der Mission, Nermal zu finden (hat er nicht immer versucht, von Nermal wegzukommen?), und um diese Mission zu erfüllen, muss er fünf verschiedene actiongeladene Bildschirme durchqueren und dabei nach dem schändlichen Odie Ausschau halten! Die Bewegung in Garfield ist etwas seltsam, man bewegt sich nicht mit dem Joystick nach links oder rechts, sondern durch Drücken der Feuertaste, um zu springen. Man braucht ein paar Anläufe, um den Dreh rauszukriegen, aber es passt gut zur gesamten Zaunpfosten-Idee.
Gas Hog (USA)	Gas Hog ist ein Arcade-Spiel, das auf dem Atari VCS 2600 veröffentlicht wurde. An Bord eines ultraschnellen Fahrzeugs besteht das Ziel des Spiels darin, durch Beschleunigen und Abbremsen gegen Bomben, Feinde und Löcher in der Straße zu überleben.
Gauntlet (USA)	Sie sind der große Entdecker, Sir Robert Wittenbottom. Sie haben eine alte Zivilisation tief im Wald einer mysteriösen Insel entdeckt. Da du ein netter alter Mann bist, haben sie beschlossen, dich ihrem Kriegerrat vorzustellen. Aber zuerst müssen Sie Ihren Wert unter Beweis stellen, indem Sie die Herausforderung meistern. Sie bekommen drei Gläser Wasser. Sie müssen über den Gang zu den Zeremonienfeuern laufen und diese mit Ihrem Wasser löschen.
Ghost Manor (USA)	Dein Freund ist in Ghost Manor gefangen! Es gibt fünf verschiedene Bildschirme, an denen Sie vorbeikommen müssen, bevor Sie Ihren Freund aus dem obersten Stockwerk des Herrenhauses retten können. Das Spiel beginnt auf dem Friedhof außerhalb des Herrenhauses; Hier spielen Sie Fangen mit einem freundlichen Regenbogengeist oder Skelett, das Sie mit Speeren versorgt, die Sie auf Feinde schießen können. Im zweiten Bildschirm nähern Sie sich dem bewachten Eingang des Herrenhauses. Mit den gesammelten Speeren müssen Sie alle Feinde erschießen, die den Eingang blockieren. Der dritte und vierte Bildschirm finden im Herrenhaus statt; Jede Etage hat eine Treppe sowie mehrere Schätze und Kreuze, die gesammelt werden können.
Ghostbusters (USA)	Basierend auf dem gleichnamigen Film sind die Ghostbusters diejenigen, die alle Geister spuken lassen. Dies geschieht durch die Verwendung von nuklear beschleunigten &quot;Protonenpaketen&quot; und Fallen, wodurch die Geister eingefangen und in eine sichere Lagereinrichtung überführt werden können. Allerdings ist New York City plötzlich zu einem sehr heimgesuchten Ort geworden, und die Zahl der Geister hat plötzlich zugenommen. Die Ghostbusters müssen das paranormale (PK) Level in der Stadt reduzieren, das Geisterkräfte repräsentiert, bevor der Tempel von Zuul erwacht und eine böse Göttin, Gozer, wiederbelebt.
Ghostbusters II (Europe)	Ghostbusters II von Activision (den Machern des ursprünglichen Atari VCS Ghostbusters-Spiels) ist in den USA noch nie in den Handel gekommen. Da sich der Videospielmarkt (ca. 1989) hin zu fortschrittlicheren Systemen wie dem NES und dem Sega Master System verlagerte, hatte Activision das Gefühl, dass es seine Zeit verschwenden würde, ein neues VCS-Spiel zu veröffentlichen. Dennoch wurde es von Salu im Ausland veröffentlicht. In Szenen, die vom gleichnamigen Film inspiriert sind, versetzt Ghostbusters II die Spieler in die Lage der Helden, die Erscheinungen wahrnehmen, während sie in einen mit Schleim gefüllten unterirdischen Tunnel hinabsteigen und versuchen, Geister zu vernichten und Proben von „Stimmungsschleim“ zu sammeln. Geister greifen sowohl den Ghostbuster des Spielers als auch das Seil an, an dem er hängt, und die „Mut“-Anzeige des Ghostbusters muss ebenfalls überwacht werden (diese kann jedoch durch das Aufsammeln von „Elixier“-Power-Ups im Tunnel wieder aufgefüllt werden). Im zweiten Level des Spiels steuern die Spieler eine mobile Freiheitsstatue durch die Straßen von New York City (was den albernen Höhepunkt des Films widerspiegelt), indem sie mit ihrer Feuerball-schießenden Fackel weitere Geister abwehren und versuchen, einen stetigen Vorrat an „Stimmungsschleim“ aufrechtzuerhalten. um die Statue in Bewegung zu halten.
Gigolo (USA)	In Gigolo, you are a horny woman who has to memorize which 7 houses the gigolos will wander into. Grab some cash from the teller, and visit each man. A visit will cost $20, at which time you'll find yourself in his bed. Score with him as many times as you can before you're forced to leave for the next. The cops are in pursuit as well as a mugger who wants your money. Visiting a wrong house will cause you to be temporarily immobilized (a sitting duck for the cops) as you figure out what to do next. The roles of the men and women are switched in Cahouse Blues.
Glacier Patrol (USA)	Verteidige die Erde vor einem außerirdischen Mutterschiff mit einer finsteren Verschwörung, um die Oberfläche des Planeten mit Eis zu bedecken. Ihre Waffe, ein überhitzter Laser, der das Eis schmelzen kann, wenn es vom Himmel fällt. Weiche Schneebällen aus, indem du über sie springst, während du die Eisblöcke sprengst. Wenn Sie von einem wachsenden Schneeball getroffen werden, müssen Sie ihn ein wenig aussetzen, um Ihren Verstand zu sammeln, während Eisblöcke weiterhin die Landschaft bedecken. In Zwei-Spieler-Spielen kontrolliert jeder Spieler, der nicht der Mensch ist, das außerirdische Schiff und lässt das Eis fallen.
Glib - Video Word Game (USA)	Glib ist eine Version von Scrabble. Die Buchstaben in der oberen Reihe werden gemischt und Sie verwenden sie dann, um Wörter in der unteren Reihe zu bilden. Wenn in der unteren Reihe alle Leerzeichen rosa oder rot angezeigt werden, werden die Punkte im Wort verdoppelt bzw. verdreifacht. Wenn sich unter einem Leerzeichen eine hellblaue oder blaue Linie befindet, werden die Punkte für diesen Buchstaben verdoppelt bzw. verdreifacht.
Going-Up (USA) (Proto)	Eine sehr frühe Version eines bisher unbekannten Starpath-Spiels. Going-Up?? wurde nie in einem Starpath-Katalog erwähnt, daher könnte es ein internes Liebhaberprojekt eines der Programmierer gewesen sein. Es ist lediglich eine Bewegungs-Demo ohne programmierte Spielmechanik und es ist unbekannt, ob weitere Arbeiten an dem Spiel vorgenommen wurden.
Golf (USA)	Golf für Atari VCS 2600 ist ein von Atari entwickeltes Sportspiel. Das Spiel bietet einen 9-Loch-Platz mit klassischen Golfhindernissen (Sand, Wasser, Baum und Rough). Der Spieler kontrolliert die Schlagkraft und bestimmt die Richtung, in die der Ball fliegt. Die 2 Schwierigkeitsstufen beeinflussen die Größe des Lochs und die durch den Sand verursachte Verlangsamung.
Good Luck, Charlie Brown (USA) (Proto)	Boa sorte, Charlie Brown deveria ter sido o último dos lançamentos da Oficina Infantil, mas nunca viu a luz do dia. A única versão conhecida é muito incompleta, com pouca jogabilidade implementada, mas existem rumores de uma versão muito mais completa. De acordo com os catálogos Good Luck, Charlie Brown deveria ser lançado no verão de 1983 e, como esse protótipo é datado de abril de 1984, podemos assumir que o desenvolvimento estava demorando mais do que o esperado. Em 1984, a Atari havia cancelado a série infantil, então a boa sorte Charlie Brown teria sido cancelada com ela.
Gopher (USA)	Ein lästiger Gopher ist hinter Ihrem Karottenbeet her! Ihr Ziel ist es, ihn aufzuhalten, bevor alle Ihre Karotten aufgebraucht sind. Der Gopher gräbt am unteren Bildschirmrand einen Tunnel in den Boden; Sie sind oben und müssen mit Ihrer Schaufel die Tunnel mit Erdhörnchen füllen. Der Gopher ist jedoch schnell, und wenn Sie die Tunnel nicht schnell genug füllen, erreicht er die Oberfläche und rennt mit einer Ihrer Karotten davon!
Gorf (USA)	Gorf ist ein ähnliches Spiel wie Space Invaders, außerirdische Schiffe nähern sich in ihrer bedrohlichen Reihenformation immer näher. Das Spiel selbst besteht aus vier Leveln: Level 1: Du verteidigst dich hinter einem Verteidigungsschild gegen einen Alien-Angriff. Das Level ist eine Draufsicht, mit deinem Schiff und Schild auf der einen Seite und den Aliens auf der anderen Seite. Level 2: Es ähnelt der ersten, nur dass der Verteidigungsschild weg ist und die Feinde im Gegensatz zu diesen Reihenformationen dazu neigen, über die Ebene zu stürzen. In diesem Level tauchen auch Bonusschiffe auf. Level 3: Diese lässt Sie den Hyperraum betreten. Ihr einziges Ziel ist es, bis zum Ende Ihrer Reise zu überleben. Der Aussichtspunkt wechselt von einer Ansicht von oben nach unten zu einer Ansicht hinter dem Schiff, und tatsächlich steuern Sie Ihrem Ziel zu. Außerirdische Schiffe, die in kreisförmiger Formation fliegen, versuchen, Sie aufzuhalten. Level 4: Es ähnelt wieder dem ersten, mit einigen wesentlichen Unterschieden. Du kämpfst nicht gegen eine Welle von Feinden, sondern gegen eine einzelnes Mutterschiff mit einer glühenden Schwachstelle. Wenn Sie die Schwachstelle treffen, wird sie sofort zerstört. Das Mutterschiff hat auch denselben Schild, der dir im ersten Level gehörte. Das Beenden des Spiels erhöht Ihren Rang und beginnt das Spiel auf Level 1 mit einer höheren Spielgeschwindigkeit für mehr Herausforderung.
Grand Prix (USA)	Grand Prix ist ein Action-Rennspiel für einen Spieler. Das Spiel wird mit einer Draufsicht auf die Rennstrecke gespielt, die horizontal scrollt. Ihr Ziel ist es, auf einer der vier enthaltenen Strecken in kürzester Zeit die Ziellinie zu erreichen. Natürlich wird es auf den Strecken Hindernisse geben, die Sie verlangsamen, wenn Sie nicht aufpassen. Zahlreiche andere Autos werden Ihnen oft in die Quere kommen, Ölteppiche werden dazu führen, dass Sie vorübergehend die Kontrolle verlieren, und auf den schwierigeren Strecken führen enge Brücken dazu, dass Sie vollständig anhalten, wenn Sie den Weg verfehlen.
Gravitar (USA)	Das böse Wesen namens Gravitar versucht, das Universum zu zerstören! Mit jeder Galaxie, die er erobert, hinterlässt er extreme Gravitationskräfte, einen mächtigen und explosiven Reaktor und tödliche Bunker. Ihre Aufgabe ist es, Gravitar zu stoppen, indem Sie die zwölf Sonnensysteme in vier Galaxien unter seiner Kontrolle zurückerobern!
Great Escape (USA)	Im Weltraum-Shooter bewegen Sie Ihr Schiff, indem Sie den Joystick in die gewünschte Richtung bewegen. Sie schießen, indem Sie den Knopf gedrückt halten und den Joystick in die Richtung bewegen, in die Sie schießen möchten. Sie können von der Vorderseite Ihres Schiffs, von hinten oder von beiden Seiten schießen. Während Sie sich vorwärts bewegen, können Sie die Geschwindigkeit auf vier Geschwindigkeiten erhöhen. Sie müssen den Meteoriten ausweichen oder sie abschießen, die Außerirdischen abschießen (aber seien Sie gewarnt: Sie schießen zurück) und immer vor dem Super-Alien davonlaufen.
Gremlins (USA)	Gremlins ist ein Spiel, das auf dem Atari VCS 2600 veröffentlicht wurde. Billy muss von einem Mogwai geworfene Hamburger fangen. Gelingt ihm das nicht, muss er Wellen von Gremlins töten, die auf ihn zustürmen.
Grover's Music Maker (USA) (Proto)	A) Old McDonald Had a Farm; B) Twinkle, Twinkle, Little Star; C) Here We Go Round the Mulberry Bush; D) Over the River and Through the Woods; E) Hush Little Baby; F) The Itsy Bitsy Spider; G) My Hat Has Three Corners; H) Skip To My Lou; I) Three Blind Mice; J) Hickory Dickory Dock; K) Do You Know the Muffin Man?; L) A-Tisket, A-Tasket; M) Go Tell Aunt Rhodie; N) Sur le pont d'Avignon (Over the bridge of Avignon); O) I'm a Little Teapot; P) Go In and Out the Window; Q) This Old Man; R) Unknown; S) Unknown; T) Bobby Shafto.
Guardian (USA)	In einem intergalaktischen Krieg greift ein feindliches Schiff namens Dromeda Ihre Heimatplaneten an und Sie müssen sie verteidigen! Planeten befinden sich oben oder unten auf dem Bildschirm und werden durch einen Schild verteidigt. Dromeda befindet sich in der Mitte des Bildschirms und wird Sprengkörper auf Planeten werfen. Sie steuern ein Raumschiff, das die letzte Hoffnung ist, die Planeten zu retten.
Gyruss (USA)	Gyruss ist ein Ballerspiel für Atari VCS 2600. Die Gyrussen sind in das Sonnensystem eingedrungen. Mit Ihrem Raumschiff müssen Sie jeden der neun Planeten besuchen, um sie zu eliminieren.
H.E.R.O. (USA)	Es gibt Ärger in den Minen! Vulkanische Aktivität hat zahlreiche Bergleute eingeschlossen, und es ist Ihre Aufgabe, sie zu retten. Als Roderick Hero müssen Sie sich einen Weg durch den gefährlichen Minenschacht bahnen, indem Sie den gefährlichen Kreaturen und der Lava ausweichen, und herausfinden, wo sich die Bergleute befinden, bevor Ihnen die Kraft ausgeht. Um Ihnen bei Ihrer Mission zu helfen, verfügt Roderick Hero über verschiedene nützliche Ausrüstungsgegenstände. Ein Prop-Pack ermöglicht es Ihnen, zu schweben und um den Minenschacht zu fliegen und (hoffentlich) die vielen Gefahren darin zu vermeiden. Ihr Helm verfügt über einen Kurzstrecken-Mikrolaserstrahl, mit dem Sie Fledermäuse, Spinnen, Schlangen und andere Kreaturen, denen Sie in den Minen begegnen, vernichten können. Von Zeit zu Zeit kann Ihr Weg durch die Mine durch Stein- oder Lavawände versperrt sein. Sie beginnen jede Mission mit sechs Stangen Dynamit, die Sie verwenden können, um diese Hindernisse zu zerstören (passen Sie auf, dass Sie sich nicht selbst in die Luft sprengen!). Wenn Ihnen das Dynamit ausgeht, können Sie auch Ihren Laserstrahl verwenden, um die Wände zu zerstören, was allerdings länger dauert und mehr Energie verbraucht. Mit dem Fortschreiten der Levels wird der Minenschacht länger und labyrinthartiger, Kreaturen versperren häufiger den Weg, und es tauchen Lavawände und -tümpel auf, die bei Berührung gefährlich sind.
Halloween (USA)	Beschütze die Kinder und kämpfe um dein Überleben „in der Nacht, als er nach Hause kam!“ Der Psychopath Michael Myers entkam aus der Nervenheilanstalt und kehrte aus Rache zurück. Beim Bewachen einer Gruppe von Kindern in einem großen zweistöckigen Haus müssen die Spieler die Kinder in sichere Räume führen und dabei Michael Myers und seinem Messer aus dem Weg gehen.
Hangman ~ Spelling (USA)	Hangman für Atari VCS 2600 ist ein von Atari entwickeltes Puzzlespiel. Dies ist die Videospieladaption des Spiels Hangman. Das Prinzip ist genau das gleiche: Sie müssen das Wort erraten, das der Computer oder ein anderer Spieler durch Buchstabenangebot ausgewählt hat. Bei jedem Fehler kommt die Zeichnung des Gehenkten zum Vorschein. Ziel des Spiels ist es, so viele Wörter wie möglich zu finden.
Hard-Head (USA) (Proto)	Dieser mysteriöse Prototyp wurde 1998 von Ben Liashenko auf einem Schrottplatz gefunden. Da die Bezeichnung, die es einst für dieses Spiel gab, längst verloren gegangen ist, haben wir keine Ahnung, was die Identität dieses Spiels sein könnte. In diesem Spiel steuerst du einen kleinen Außerirdischen, der die Blöcke am unteren Bildschirmrand nutzen muss, um einen Turm zu bauen und zu entkommen. Wenn die Blöcke über das Förderband rollen, müssen Sie hochspringen und sie anstoßen, damit sie irgendwo auf dem Bildschirm landen. Sobald Sie einen schönen kleinen Turm gebaut haben, müssen Sie vorsichtig auf das Förderband springen und dann den Turm zum nächsten Bildschirm erklimmen. Die Grafiken und Sounds dieses Spiels sind erstklassig; Es ist offensichtlich, dass viel Arbeit in dieses Spiel geflossen ist. Von der flüssigen Animation Ihres Charakters bis zur niedlichen „Can-Can“-Sequenz zu Beginn des Spiels (ja, Sie haben richtig gelesen) schreit alles nach Qualität. Warum wurde dieses Spiel nie veröffentlicht? Leider kennt niemand außer dem Programmierer die Antwort darauf. Eine Möglichkeit besteht darin, dass er oder sie Activision verlassen hat, bevor das Spiel zu Ende war.
Harem (USA) (Proto)	No início, há tiros de metralhadora de atiradores dos arbustos. Quando o atirador parar brevemente para recarregar, você pode passar correndo. Para alcançar a segunda mulher, você precisa pular o lago. Corra até o último momento (seu calcanhar está na borda) e pressione o botão para pular. Se você pular muito cedo, você cai na água. Depois da mulher na ilha, você passa para o nível acima, onde você tem que correr por um dragão que cospe fogo. Você tem que acertar quando ele parar de soprar fogo. Você só pode chegar ao buraco no chão. Aperte o botão para aparecer e uma mulher aparece. Se você ficar ganancioso aqui, ela se transforma em cobra e ... Ow! Tempo saindo do poço para evitar o dragão e fugir da tela para a esquerda. Você estará no nível superior, onde terá que perseguir uma mulher. Enquanto isso, gárgulas aparecem em posições aleatórias e jogam lava derretida. Se uma gárgula aparecer sobre você quando você estiver &quot;marcando pontos&quot; com ela (ouça o som de aviso), pressione o botão para soltá-la e correr. Você pode pegá-la novamente e continuar indefinidamente, exceto que as gárgulas aceleram cada vez que você a pega. Quando você chega a 69 pontos, ganha outra vida (começa com 3).
Haunted House (USA)	Sie sind in einem dunklen, staubigen Spukhaus gefangen. Um zu entkommen, müssen Sie die Teile der magischen Urne finden. Sie werden riesigen haarigen Vogelspinnen, Vampirfledermäusen und einem bedrohlichen Geist begegnen. Können Sie die Urne finden und aus der Villa entkommen, bevor Sie überhaupt „Angst vor dem Sterben“ haben?
Hole Hunter (USA)	Sie haben noch 20 Minuten Zeit, um beim Laufen mit dem Hammer auf die Mäuse einzuschlagen, bevor Sie an diesem sonnigen Tag zu einem Picknick aufbrechen. Aber beeilen Sie sich nicht, sonst fallen Sie in das Loch, in dem die Mäuse leben. Achten Sie auch auf die Schlange, deren Stich tödlich ist. Wenn Sie den Hammer fallen lassen, müssen Sie ihn aufheben. Triff nun so viele Mäuse wie möglich.
Holey Moley (USA) (Proto)	Jeder Turm besteht aus fünfundzwanzig Molen. Wenn ein Maulwurf aus seinem Loch kommt, drücken Sie die entsprechende Taste auf dem Controller, um ihn zu treffen. Je schneller Sie es treffen, desto mehr Punkte erhalten Sie. Wenn König Maulwurf auftaucht, schlagen Sie ihn, um noch mehr Punkte zu erhalten. Achten Sie auf die Eichel. Wenn das passiert, stoßen Sie nicht dagegen, das kostet Sie Punkte.
Home Run ~ Baseball (USA)	Home for Atari VCS 2600 ist ein von Atari entwickeltes Sportspiel. Das Spiel kann alleine oder mit zwei Spielern gespielt werden und folgt den normalen Baseballregeln. Sie können wählen, ob Sie 1, 2 oder 3 Spieler auf das Spielfeld setzen möchten und abwechselnd den Pitcher, den Batter und die Runner steuern.
Human Cannonball ~ Cannon Man (USA)	Human Cannonball auf Atari VCS 2600 ist ein von Atari entwickeltes Actionspiel, in dem der Spieler einem Kanonenmann bei der Ausführung seiner Tat hilft. Ziel des Spiels ist es, Position, Winkel und Schusskraft der Kanone so anzupassen, dass die menschliche Kanonenkugel in einem Wassertank landet.
Hunt & Score ~ Memory Match (USA)	Hunt & Score ähnelt dem Spiel Memory. Dem Spieler wird ein nummeriertes Raster angezeigt. Hinter jedem Rasterabschnitt befindet sich ein Bild. In jeder Runde wählt der Spieler zwei Rasterabschnitte aus und versucht, zwei passende Bilder zu finden. Für das Finden passender Bilder gibt es Punkte, und der Spieler mit den meisten Punkten am Ende gewinnt. Zu den verschiedenen Spieloptionen gehören ein Spielfeld mit 16 oder 30 Quadraten, die Möglichkeit, einen der Spieler zu behindern, und die Möglichkeit, Platzhalter zu aktivieren oder zu deaktivieren.
I Want My Mommy (USA)	Sesam öffne dich! ist ein Action-Plattformspiel. Du kontrollierst Ali Baba und dein Ziel ist es, die Höhle der Schätze zu erreichen. Der Eingang zur Schatzkammer befindet sich oben auf dem Bildschirm, und Sie beginnen jedes Level unten und müssen sich nach oben erklimmen. Dazu müssen Sie einen guten Ort finden, an dem Sie ein Seil zur nächsten Plattform werfen und hinaufklettern können (auf der Plattform befindet sich ein Punkt, an dem Sie sicher ein Seil werfen können, zwei auf jeder Etage). Bevor die Schatzkammer betreten werden kann, müssen Sie an jedem der möglichen Orte Seile befestigen. Um Ihren Fortschritt zu behindern, sind auf jeder Etage Wachen unterwegs. Wenn du erwischt wirst, verlierst du ein Leben! Um Ihnen zu helfen, erscheint von Zeit zu Zeit eine magische Kugel auf dem Bildschirm. Wenn es erwischt wird, kann dies verwendet werden, um eine Wache vorübergehend einzufrieren. Wenn Sie die Schatzkammer erfolgreich betreten, gelangen Sie zur nächsten Spielebene.
I.Q. 180 (USA)	I.Q. Memory Teaser ist ein passendes Spiel. Während die Musik spielt, müssen Sie sich die Positionen aller Buchstaben in zwei Tafeln merken. Dann müssen Sie die Buchstaben im ersten Feld den Buchstaben im zweiten Feld zuordnen.
Ice Hockey (USA)	Eishockey ist ein Eishockeyspiel für einen Spieler gegen den Computer oder zwei Spieler. Jedes Team besteht aus zwei Spielern, einem Offensiv- und einem Defensivspieler. Zu jeder Zeit ist ein Spieler aktiv und kann kontrolliert werden, während der andere inaktiv bleibt; Wenn der Puck in der Nähe Ihres Tores ist, wird der Verteidiger aktiv, andernfalls kontrollieren Sie den Offensivspieler. Jeder Spieler hat die Möglichkeit, den Puck aus verschiedenen Winkeln zu schießen und kann sogar den Körper seines Gegners überprüfen! Das Spiel dauert drei Minuten, und wer bis zum Ende dieser Zeit mehr Punkte erzielt, gewinnt. Das Spiel kann mit normaler oder hoher Geschwindigkeit gespielt werden, und optional kann einer der Spieler behindert werden, um einem unerfahrenen Spieler einen größeren Vorteil zu verschaffen.
Ikari Warriors (USA)	Du bist ein Mitglied dieser Elite-Kampfspezialisten, der Ikari-Krieger. Ihr Kumpel und Sie befinden sich auf einer besonderen Mission hinter den feindlichen Linien, und Sie haben in den letzten zwei Wochen im Dschungel geschlafen, gegessen und geatmet. Du bist müde, aber das beeinträchtigt nie dein messerscharfes Urteilsvermögen und deinen Überlebenswillen. Ihre Hauptwaffen sind Maschinengewehre, Granaten und Ihre eigene List im Angesicht der Gefahr. Manchmal steht dir ein Panzer zur Verfügung, was praktisch ist, wenn das feindliche Feuer besonders brutal ist. Sie bewegen sich schnell durch den Dschungel, waten durch Flüsse und rasten von Zeit zu Zeit bei den Ruinen zerbombter Gebäude. Ihnen gehen Munition und Granaten aus, aber Sie wissen, dass der Kampf nicht ewig dauern kann. Früher oder später wird eine Seite als Sieger hervorgehen. Hoffen wir nur, dass es deins ist!
Immies & Aggies (USA) (Proto)	Your shooter can fire in 8 directions. Blast the &quot;immies&quot; at the top of the screen that are the same color as the changing block in the center a the top. The smaller and higher they are, the more points you get! If you hit the wrong color and equal number of points are subtracted. Careful! Some colors are very similar. Look out! Blue aggies are attacking you from each side. Get 'em -- They're worth 100 points each in round one, then 200, etc. (according to how many small blue blocks are above the large, changing one). The colored bars at the top, on each side are just decoration.
Indy 500 (Europe)	Indy 500 ist ein Rennspiel, das von oben nach unten gespielt wird. Im Einzelspieler-Spiel besteht Ihr Ziel darin, so viele Runden wie möglich in 60 Sekunden zu absolvieren. Im Spiel für zwei Spieler gewinnt der erste Spieler, der 25 Runden absolviert hat! Enthalten sind mehrere verschiedene Rennstrecken, zwei Schwierigkeitsgrade und zusätzliche Spielvarianten namens Ice Race, Tag und Crash 'n Score. Beim Eisrennen ist die Strecke vereist, was dazu führt, dass Ihr Auto oft rutscht und das Lenken erschwert wird. Beim Taggen ist ein Spieler „es“ und muss den anderen Spieler taggen. Für jede Sekunde, die Sie fahren, ohne markiert zu werden, erhalten Sie einen Punkt. Bei Crash 'n Score schließlich geht es darum, gegen Ziele zu krachen, die auf der Rennstrecke erscheinen. Der erste Spieler, der in das Ziel stürzt, erhält einen Punkt, und dann erscheint an anderer Stelle auf der Strecke ein neues Ziel.
Indy 500 ~ Race (USA)	Indy 500 ist ein Rennspiel, das von oben nach unten gespielt wird. Im Einzelspieler-Spiel besteht Ihr Ziel darin, so viele Runden wie möglich in 60 Sekunden zu absolvieren. Im Spiel für zwei Spieler gewinnt der erste Spieler, der 25 Runden absolviert hat! Enthalten sind mehrere verschiedene Rennstrecken, zwei Schwierigkeitsgrade und zusätzliche Spielvarianten namens Ice Race, Tag und Crash 'n Score. Beim Eisrennen ist die Strecke vereist, was dazu führt, dass Ihr Auto oft rutscht und das Lenken erschwert wird. Beim Taggen ist ein Spieler „es“ und muss den anderen Spieler taggen. Für jede Sekunde, die Sie fahren, ohne markiert zu werden, erhalten Sie einen Punkt. Bei Crash 'n Score schließlich geht es darum, gegen Ziele zu krachen, die auf der Rennstrecke erscheinen. Der erste Spieler, der in das Ziel stürzt, erhält einen Punkt, und dann erscheint an anderer Stelle auf der Strecke ein neues Ziel.
Infiltrate (USA)	Sie sind ein Geheimagent, der auf eine wichtige Mission geschickt wurde, um feindliche Dokumente zu bergen. Es gibt feindliche Attentäter, die versuchen, Sie aufzuhalten.
International Soccer (USA)	Dieses Spiel ist nur für 2 Spieler. In dieser Fußballversion kontrolliert jeder Spieler 4 Männer, jedoch jeweils nur einen. Der Computer verschiebt die anderen 3 für Sie. Ein computergesteuerter Torwart unterstützt Sie bei einem Torversuch. Schlagen Sie den Ball 90 Minuten lang und versuchen Sie, mehr Punkte als Ihr Gegner zu erzielen.
IQ 180 (USA)	I.Q. Memory Teaser ist ein passendes Spiel. Während die Musik spielt, müssen Sie sich die Positionen aller Buchstaben in zwei Tafeln merken. Dann müssen Sie die Buchstaben im ersten Feld den Buchstaben im zweiten Feld zuordnen.
Ixion (USA) (Proto)	Ixion ist eine Portierung des unveröffentlichten gleichnamigen Sega-Coin-Op-Spiels von 1983. Ixion ist ein interessantes Spiel, das sich mit nichts anderem in der 2600-Bibliothek zu vergleichen scheint. Ihr Ziel in Ixion ist es, die fünf über den Bildschirm verstreuten weißen Quadrate zu ergreifen und das Wort Ixion zu buchstabieren, bevor Ihre Zeit abläuft. Zu Beginn jedes Levels sind nur bestimmte Quadrate sichtbar. Um sich leichter fortzubewegen, müssen Sie zunächst die fehlenden Quadrate aufdecken. Um die fehlenden Felder aufzudecken, muss der Spieler eine braune Kugel über ein leeres Feld bewegen. Diese Kugel ist normalerweise stationär, kann aber durch Beschießen oder Rammen bewegt werden. Dadurch springt die Kugel über den Bildschirm, enthüllt Quadrate und zerstört auf ihren Reisen Feinde. Nach einer kurzen Zeit stoppt das Hin- und Herspringen der Kugel und der Spieler muss sie erneut bewegen, um weitere Felder freizulegen. Der Schlüssel zur Beherrschung von Ixion liegt darin, zu lernen, wie man die Kugel an die gewünschte Stelle bewegt. Im Spielfeld bewegen sich auch feindliche Drohnen, die versuchen werden, Ihr Schiff zu zerstören. Leider zerstören ihre Schüsse Kacheln, was das Durchqueren Ihres Weges erheblich erschwert. Feindliche Drohnen brauchen nur einen Schuss, um sie zu besiegen, aber sie zerstören das Feld, auf dem sie sich befinden, wenn sie explodieren.
James Bond 007 (USA)	In James Bond 007 steuern Sie James Bond in seinem Mehrzweckschiff. Sein Fahrzeug kann sowohl zu Land als auch zu Wasser reisen, über Gefahren springen oder Feinde auf verschiedenen Ebenen erschießen. Wenn Sie alle Missionen abschließen können, gewinnen Sie das Spiel! Viel Glück, Herr Bond.
Jawbreaker (USA)	Ursprünglich als relativ einfacher Pac-Man-Klon gedacht, entwickelte sich Jawbreaker zu einer relativ einfallsreichen Veröffentlichung mit einzigartigem Gameplay. Es wurde von Kritikern weithin gelobt und entwickelte sich zu einem Verkaufsschlager für Sierra Online. Die Geschichte seiner Entstehung ist Teil von Steven Levys Buch „Hackers“.
Journey Escape (USA)	Du bist mit der Rockband Journey unterwegs! Nach jedem Konzert besteht Ihr Ziel darin, die fünf Bandmitglieder zum Fluchtfahrzeug zu geleiten, damit sie pünktlich zum nächsten Konzert gelangen. Sie beginnen mit 50.000 US-Dollar beim Auftritt und müssen jeweils ein Gruppenmitglied anleiten; Der Bildschirm scrollt vertikal und Sie müssen die Menschenmenge und verschiedene Hindernisse überwinden, bevor die Zeit abläuft.
Joust (USA)	In Joust übernehmen die Spieler die Kontrolle über einen Ritter mit einer Lanze, der auf seinem fliegenden Strauß (oder Storch, für Spieler 2) reitet, um gegen computergesteuerte böse Ritter zu kämpfen, die auf Geiern reiten. Die Spieler müssen mit den Flügeln ihres Vogels schlagen, um den Feind von einem höheren Turnierpunkt aus zu treffen und den Geier und seinen Reiter zu zerstören. Sobald der Feind getroffen wurde, fällt ein Ei auf eine der Plattformen darunter. Die heldenhaften Ritter müssen die Eier zerstören, bevor sie schlüpfen und neue und zunehmend schwierigere Ritter freisetzen. Die drei Stärken feindlicher Ritter sind Bounder (roter Ritter), Hunter (weißer Ritter) und Shadow Lord (blauer Ritter). Diese feindlichen Ritter sind nicht die einzige Herausforderung im Spiel. Die Spieler müssen sich auch mit zerfallenden Plattformen, Lavatrollen, die versuchen, Ritter ins Feuer zu ziehen, und dem gefürchteten &quot;unschlagbaren&quot;(?) Pterodaktylus herumschlagen.
Jr. Pac-Man (USA)	Jr. Pac-Man ist eine Arcadespiel aus dem Jahre 1983, das von dem US-amerikanischen Spieleentwicklungsunternehmen Bally Midway veröffentlicht wurde. Es basiert auf dem Pac-Man-Spielprinzip. Das Spielprinzip von Jr. Pac-Man ist sehr nah an das Original Pac-Man angelehnt. Das Labyrinth ist in diesem Spiel dreimal so breit wie das sichtbare Spielfeld und eine virtuelle Kamera verfolgt Junior Pac Man nach links und rechts, wenn die Spielfigur aus dem sichtbaren Bildschirm zu verschwinden droht. Dies kann dazu führen, dass nicht immer alle Geister im sichtbaren Spielfeld zu sehen sind. Insgesamt gibt es sieben unterschiedliche Labyrinthe im ganzen Spiel und keines dieser Levels hat, wie bei anderen Pac-Man Spielen üblich, Tunnel durch die der Spieler schnell von einer Seite des Spielfeldes zur anderen wechseln kann. In den einzelnen Labyrinthe sind sechs anstatt vier Energiepillen verteilt.
Jungle Fever (USA)	Jungle Fever ist einfach eine Version von Burning Desire, bei der Ihr Freund geopfert wird und Sie ihn retten müssen, während Sie den von den Amazonen geworfenen Steinen ausweichen. Bei Knight On The Town bauen Sie (der betreffende Ritter) eine Brücke über den Wassergraben, um die Prinzessin zu erreichen. Sie müssen sich einem kastrierenden Alligator und einem Troll stellen.
Jungle Hunt (USA)	Stürzen Sie sich in Aktion mit einem der beliebtesten Arcade-Hits aller Zeiten – JUNGLE HUNT! Realistische Grafiken tauchen Sie in das Herz des Dschungels ein und während Sie von Weinstock zu Weinstock wandern, kämpfen Sie gegen menschenfressende Krokodile, vermeiden Sie hüpfende Steine ​​und entreißen Sie Ihren Liebsten den Fängen maskierter Kannibalen!
Kabobber (USA) (Proto)	Kabobber war ursprünglich ein Prototyp-Spiel, das von Rex Bradford programmiert wurde, der für seine Arbeit an Star Wars: Das Imperium schlägt zurück und Star Wars: Jedi Arena bekannt ist. Es wurde im Jahr 2000 entdeckt und ein wenig verbessert, bevor es im ROM-Format der Öffentlichkeit zugänglich gemacht wurde. Kabobber sind seltsame (aber süße) kleine Kreaturen, die es einfach lieben, Chaos anzurichten. Ihr Ziel ist es, Ihre Buvskies auszusenden, um die Kabobbers zu vernichten, bevor sie Sie vernichten. Sie können bis zu neun Buvskies gleichzeitig auf dem Bildschirm haben, aber Sie haben Reserven, die außerhalb des Bildschirms warten, falls einer zerquetscht wird. Sie bewegen Ihre Bruvskies über das Spielfeld und springen auf feindliche Kabobber, um sie zu besiegen und zusätzliche Bruvskies als Reserve zu erhalten. Die kleinen Bruvskies werden groß, wenn sie einen Feind besiegen. Die Gegner werden immer härter, sodass in den späteren Phasen ein sehr gutes Timing erforderlich ist. Vor allem musst du Prinzessin Buvsky erreichen, bevor sie am anderen Ende des Levels die Regenbogenenergie erreicht und diese verschlingt. Ein sehr einzigartiges Spiel, aber auch einigermaßen unterhaltsam.
Kaboom! (USA)	Der verrückte Bombenleger ist auf freiem Fuß! Während er am oberen Rand des Bildschirms hin und her rast, müssen Sie die Bomben, die er fallen lässt, in Wassereimern auffangen. Für jede gefangene Bombe gibt es einen Punkt, aber wenn Sie eine der Bomben verpassen, macht es Kabumm! Im Laufe der Levels bewegt sich der verrückte Bombenleger immer schneller und lässt immer mehr Bomben fallen. Sie beginnen das Spiel mit drei Eimern und verlieren jedes Mal einen, wenn eine Bombe verfehlt wird. Das Spiel endet, wenn alle Ihre Wassereimer aufgebraucht sind.
Kamikaze Saucers (USA) (Proto)	Kamikaze Saucers war ein wenig bekanntes 2600-Spiel, von dem die meisten Leute annahmen, dass es nie begonnen hätte. Nachdem der Programmierer jedoch das ROM-Image an Atari Age zur Verteilung an die Gaming-Community übergeben hatte, erwies sich das Spiel als sehr real. Kamikaze Saucers wurde in keiner Spieleliste erwähnt, aber Syncro hat ganzseitige Anzeigen für das Spiel geschaltet, sodass sie kurz vor der Veröffentlichung gestanden haben müssen. All diese Dinge machen diesen Prototyp umso interessanter und lassen einen fragen, welche anderen Spiele Syncro möglicherweise in Arbeit hatte.
Kangaroo (USA)	Baby Roo wurde von Affen entführt und es liegt an Mama Roo, ihm zu Hilfe zu kommen! Dein Känguru beginnt am unteren Bildschirmrand. Sie müssen das Känguru die verschiedenen Leitern und Plattformen hinauf zur Spitze führen, wo Baby Roo gefangen gehalten wird.
Karate (USA)	Karate auf Atari VCS 2600 ist, wie der Name schon sagt, ein Karate-Kampfspiel. Allein oder zu zweit können Sie mit einer Vielzahl von Bewegungen kämpfen, die Ihnen mehr oder weniger Punkte einbringen. Das Ziel besteht darin, vor Ablauf der Zeit mehr Punkte als Ihr Gegner zu sammeln.
Keystone Kapers (USA)	Der berüchtigte Dieb Harry Hooligan ist auf freiem Fuß! Sie spielen die Rolle von Officer Keystone Kelly, der geschickt wurde, um Harry zu fangen. Harry ist in einem vierstöckigen Einkaufszentrum gefangen und rennt so schnell er kann, um den Ausgang oben zu erreichen. Ihre Aufgabe ist es, ihn einzuholen und ins Gefängnis zu schicken. Sie müssen entweder die Rolltreppen am Ende jeder Etage oder den Aufzug in der Mitte benutzen, um von Etage zu Etage zu gelangen. Die Rolltreppen sind möglicherweise weiter entfernt, aber der Aufzug bewegt sich ziemlich langsam, sodass Sie entscheiden müssen, welche Route Sie schneller Ihrem Ziel näher bringt. Wenn Harry es bis zur Spitze schafft, bevor du ihn erwischst, musst du dieses Level erneut versuchen. Harry hat nicht die Absicht, sich von dir einfangen zu lassen, und wirft alles, was er finden kann, um dich aufzuhalten. Einkaufswagen, hüpfende Bälle, Doppeldecker und mehr fliegen auf dem Bildschirm vorbei und verlangsamen Sie entweder oder schicken Sie an den Anfang zurück, wenn Sie getroffen werden. Je weiter die Level voranschreiten, desto schneller rennt Harry und es werden mehr Gegenstände in deine Richtung geworfen, sodass du dich ducken und darüber springen musst.
King Kong (USA)	King Kong hat eine Dame auf die Spitze des Empire State Building gebracht. Es liegt an Ihnen, sie zu retten, aber es wird nicht einfach sein. Kong wirft Bomben auf dich. Dieses Spiel ist ein Klon von Donkey Kong, außer dass Sie statt Fässern Bomben vermeiden müssen. Sie müssen sich über die Böden und die Leitern hocharbeiten, während Sie über Bomben springen, um Punkte und Löcher im Boden zu finden. Oben rechts befindet sich auch ein Timer. Es beginnt um neun Uhr neunzig und zählt zehn Punkte pro Sekunde herunter. Wenn Sie von einer Bombe getroffen werden oder durch ein Loch im Boden fallen oder die Zeit Null erreicht, verlieren Sie ein Leben. Gelegentlich lässt Kong eine magische Bombe los, die beim Springen mehr Punkte bringt und Sie in die nächste Etage befördert. Sobald Sie die oberste Etage erreicht haben, beginnt das Spiel erneut, aber schneller.
Klax (USA)	Klax ist ein 3D-Spiel auf Atari VCS 2600. Das Ziel besteht darin, farbige Blöcke zu sammeln und sie zu platzieren, um das/die gewünschte(n) Muster zu erstellen. Je weiter die Level voranschreiten, desto schneller treffen die Blöcke ein und desto komplizierter werden die Muster.
kleine Bar, Der (Germany)	Du bist ein Eskimo, der ein Iglu bauen möchte, um in der kalten Jahreszeit darin zu leben. Dazu müssen Sie von Eisblock zu Eisblock springen und dabei Wildtieren wie Vögeln und Krabben ausweichen. Wenn Sie mit einem davon in Kontakt kommen, werden Sie vom Block in das tödliche Wasser gestoßen. Sobald Sie Ihr Iglu gebaut haben, müssen Sie es betreten, um zum nächsten Level zu gelangen. Denken Sie daran, dass Sie es bauen müssen, bevor die Temperatur auf 0° fällt. Du hast vier Leben.
Knight on the Town (USA)	In Knight on the Town schlüpfen Sie in die Rolle eines Ritters, der einen Burggraben überqueren muss, um eine Prinzessin zu retten. Der einzige Weg, den unser Held überqueren kann, besteht jedoch darin, Stück für Stück eine Zugbrücke zu bauen. Beim Bau der Brücke muss der Ritter dem Feuer eines Drachen und eines Alligators mit großem Maul ausweichen, der unter dem Wassergraben schwimmt, um den Penis des Ritters zu beißen. Erschwerend kommt hinzu, dass sich der Alligator mit jedem platzierten Brückenstück schneller bewegt. Ziel dieses Spiels ist es, eine fertige Zugbrücke zu überqueren und auf die Spitze des Schlossturms zu klettern, um am Ende die Prinzessin mit der sexuellen „Belohnung“ zu erreichen.
Kool-Aid Man (USA)	Kool Aid Man ist ein Actionspiel, das auf dem Atari VCS 2600 veröffentlicht wurde. Der gleichnamige Held muss in verschiedenen Schwierigkeitsgraden die Thristies ausrotten, die drohen, das gesamte Wasser aus dem städtischen Schwimmbad zu trinken.
Krull (USA)	Krull ist ein mehrteiliges Actionspiel, das auf dem gleichnamigen Film basiert. Ein Biest und seine Armee reisten durch den Weltraum, bis sie schließlich auf dem fernen Planeten Krull landeten und den gesamten Planeten verwüsteten. Aber es gibt eine Prophezeiung, die von einem König und einer Königin spricht, die eines Tages den Planeten übernehmen werden. Diese zukünftigen Herrscher sind Prinzessin Lyssa und Prinz Colwyn. Doch vor ihrer Hochzeit wird Prinzessin Lyssa von der Bestie gefangen genommen! Sie spielen die Rolle von Prinz Colwyn mit dem Ziel, Lyssa zu retten und das Biest zu vernichten.
Kung Fu Superkicks (Europe)	In diesem Actionspiel spielen Sie als Chuck Norris auf der Suche nach einem Kloster, in dem ein wichtiger Anführer als Geisel gehalten wird. Das Spiel besteht aus mehreren verschiedenen Bildschirmen: Zu Beginn und zwischen den Kämpfen sehen Sie einen Blick auf den Weg, der zum Kloster führt. Während Sie den Weg gehen, werden Sie vielen Feinden begegnen. Im Kampf ändert sich die Ansicht zu einer Nahaufnahme Ihrer aktuellen Position. Durch Drücken der Joystick-Taste und Bewegen des Joysticks in eine von vier Richtungen können Sie verschiedene Tritte, Schläge und Blöcke ausführen. Die Feinde, denen Sie begegnen, sind vielfältig und einige können nur durch bestimmte Treffer besiegt werden. Der Weg, den Sie gehen, teilt sich manchmal in zwei oder mehr Möglichkeiten. Wenn dies geschieht, ist nur eine Wahl richtig und die anderen sind Sackgassen. Wenn Sie eine falsche Wahl treffen, müssen Sie etwas zurückgehen und es erneut versuchen. Du beginnst mit dem weißen Gürtel und erhöhst deinen Rang langsam, wenn du Kämpfe gewinnst. Wenn Sie im Kloster ankommen, müssen Sie den Status eines schwarzen Gürtels erreichen, um die tödlichen Ninjas dort zu besiegen! Ihre Quest muss innerhalb einer bestimmten Zeit abgeschlossen werden. Wenn du vom Weg abkommst oder Kämpfe verlierst, verlierst du noch mehr Zeit.
Kung-Fu Master (USA)	Kung-Fu Master ist eine Konvertierung des gleichnamigen Arcade-Spiels, das seinerseits lose auf einem Film basiert, und ist ein seitlich scrollendes Actionspiel für einen oder zwei Spieler, die sich abwechseln. Mr. X hat die Taschendiebin Sylvia gefangen genommen und es liegt an Thomas, einem Kung-Fu-Meister, der ein Restaurant besitzt, sie zurück zu holen. Sie befindet sich im obersten Stockwerk des Schlosses von Mr. X und Thomas muss sich den Weg nach oben erkämpfen. Das ist natürlich nicht einfach, denn in jedem Stockwerk gibt es viele Gegner, die es zu überwinden gilt, und am Ende eines jeden Levels einen Stockwerksboss. Thomas kann sich nach links und rechts bewegen, springen, sich ducken sowie schlagen und treten. Feindliche Geschosse, wie z.B. Messer, können in die Luft gekickt werden, um sie in Richtung des Gegners abprallen zu lassen. In der obersten Etage residiert Mr. X selbst.
Kyphus (USA) (Proto)	Kyphus ähnelt ein wenig einer Mischung aus Racquetball und Space Cavern und ist ein seltsames Spiel, in dem der Spieler einen pummeligen Kerl durch ein Pseudo-3D-Labyrinth von Räumen manövrieren muss, wobei er einer scheinbar leuchtenden Wolke ausweichen muss, die Laser abfeuert, während er verfolgt wird von einem mehrfarbigen Roboter, der wie ein verkleideter Affe aussehen könnte. Leider ist dieser Prototyp sehr unvollständig. Es scheint keine Kollisionserkennung, nur wenige Geräusche und fast kein Gameplay zu geben. Das Einzige, was man in diesem Prototyp wirklich tun kann, ist, sich von Raum zu Raum zu bewegen, obwohl ohne implementierte Kollisionserkennung keine Bedrohung durch den Roboter oder die Cloud besteht. Jeder Raum des Labyrinths scheint eine andere Farbe zu haben und verfügt über drei bis vier Ausgänge (zwei an den Seiten und einer oben und unten). Das Labyrinth besteht aus 64 Räumen, scheint jedoch kein festgelegtes Muster zu haben.
Lady in Wading (USA)	Lady In Wading ist eine geschlechtsspezifische Version von Knight On The Town, in der Sie eine Ritterin sind, die versucht, sich Ihrem Prinzen anzuschließen. Das Spiel ist ansonsten identisch, einschließlich der sexuellen „Belohnung“ am Ende.
Laser Blast (USA)	In Laser Blast auf Atari VCS 2600 übernehmen Sie das Kommando über ein Schiff mit dem Ziel, Bodentruppen mit Ihrem Laser zu zerstören. Andererseits müssen Sie feindlichen Lasern ausweichen. Je mehr Feinde Sie eliminieren, desto mehr Punkte verdienen Sie.
Laser Gates (USA)	Laser Gates ist ein Schießspiel, das auf dem Atari VCS 2600 veröffentlicht wurde. An Bord eines Raumschiffs besteht Ihr Ziel darin, feindliche Schiffe innerhalb einer begrenzten Zeit zu zerstören.
Lasercade (USA) (Proto)	Erledige alle Ziele im hinteren Teil der Galerie innerhalb des vorgegebenen Zeitlimits. Das Spiel endet, wenn Sie dies nicht tun. Sie beginnen mit 4 in der ersten Runde und alle 2 abgeschlossenen Runden (bis zu 8) kommt eine neue, kleinere hinzu.
Lilly Adventure (USA)	Lilly Adventure ist ein Plattformspiel, das von Home Vision veröffentlicht wurde. Das Ziel besteht darin, über statische und sich bewegende Hindernisse zu rennen und zu springen, während man sich über den Bildschirm bewegt. Das Spiel ist in mehrere Level unterteilt, wobei der Spieler in jedem Level von links nach rechts geht.
Lochjaw (USA)	Du bist ein Taucher in einem Unterwasserlabyrinth. Überall im Labyrinth gibt es wertvolle Diamanten und Ihr Ziel ist es, so viele wie möglich davon zu sammeln. In der Mitte des Bildschirms befindet sich ein Haikäfig, in dem Sie beginnen.
Lock 'n' Chase (USA)	Lock 'n' Chase ist ein Arcade-Spiel im Action-Stil, das Pac-Man ähnelt. Sie spielen einen Dieb, der in einem Labyrinth gefangen ist. Um das Labyrinth zu verlassen, müssen Sie alle Goldpunkte einsammeln, die sich im Labyrinth befinden. Ihre Aufgabe wird nicht einfach sein, denn im Tresorraum des Kofferraums befinden sich vier Polizisten, die ständig versuchen, Sie zu fangen! Während Sie durch das Labyrinth gehen, haben Sie die Möglichkeit, vorübergehend eine Tür zu schließen, um die Polizei aufzuhalten. Es können immer nur zwei Türen gleichzeitig geschlossen werden, alle geschlossenen Türen öffnen sich nach kurzer Zeit automatisch. Wenn das gesamte Gold im Labyrinth eingesammelt ist, wird der Ausgang zur Truhe geöffnet und Sie können entkommen und zum nächsten Safe weitergehen. Von Zeit zu Zeit erscheint im Labyrinth ein Bonusgegenstand wie ein Geldbeutel, eine Krone oder ein Koffer, den man einsammeln kann, um noch mehr Punkte zu sammeln.
London Blitz (USA)	Während des Zweiten Weltkriegs verwandelten deutsche Bomber den Alltag in London in einen Albtraum. Die meisten Bomben explodierten beim Aufprall, einige blieben jedoch Stunden, Tage oder Wochen liegen, bevor sie explodierten. Es war Aufgabe der Royal Engineers, diese nicht explodierten Bomben zu finden und zu entschärfen, bevor sie explodierten. Als Obergefreiter der Royal Engineers ist es Ihre Aufgabe, diese Bomben zu entschärfen.
Looping (USA) (Proto)	Based on the obscure 1981 Venture Line coin-op of the same name. As the game title suggests, this game involves looping. By looping I mean that your plane can only move in circles instead up the normal up, down ,left, right movement of most games. By pushing up or down, your plane will begin to arch and start its loop, but your plane also moves very VERY fast, so it's quite easy to crash into the ground or another obstacle before your can complete your loop. One interesting thing to note is that if your plane hits the top of the screen it will nosedive straight down. While at first this may seem like a major inconvenience, it can be used to your advantage if you're crafty enough. Each level begins on the runway of the airfield where you must start the game by successfully taking off (just pull down on the stick). There are three possible missions depending on what level you are playing: Destroy the Terminal, Destroy the Missile, or Destroy the Terminal and Missile. To destroy your target, you're going to have to shoot through the blocks that make up the structure, which as you may have guessed is easier said than done. Since your plane is constantly moving at high speed you can only take a few shots at your target before passing it over. Also making your life miserable are several balloons which bounce around the screen at alarming speed, although you can shoot these balloons. The Pipe Maze is a huge maze of pipes which you must fly though in order to reach &quot;The End&quot;. The first room in this maze is fairly open, with several paths to take to the next room. The second room is very similar to the first, except it contains a &quot;monster&quot; which bounces around the top right corner. Destroy the monster quickly and move to the final room. The final room is one of the most difficult areas of the game. To reach &quot;The End&quot; you must maneuver past three bouncing balls that are blocking the entrances to the small inner room. After touching the finish line you will begin a new and more difficult level.
Lord of the Rings, The - Journey to Rivendell (USA) (Proto)	Der Herr der Ringe: Reise nach Bruchtal ist seit vielen Jahren Gegenstand von Spekulationen unter Atari-Sammlern. Jetzt ist endlich einer der begehrtesten Atari 2600-Prototypen erhältlich. Was ist die Geschichte, fragen Sie? Bereits 1983 stellte Parker Brothers dieses Spiel in einem ihrer Kataloge vor. Videospiel- und Tolkien-Fans waren von dieser Ankündigung gleichermaßen begeistert, doch das Warten würde vergeblich sein. „Herr der Ringe“ wurde nie veröffentlicht, und Berichten zufolge informierte Parker Brothers Leute, die anriefen und nach dem Spiel fragten, dass es ausverkauft sei, um die Tatsache zu vertuschen, dass es nie veröffentlicht wurde.
Lost Luggage (USA)	Sie sind am Flughafen und versuchen, Ihr Gepäck vom Gepäckband abzuholen. Allerdings ist das Karussell außer Kontrolle geraten und wirft Gepäck überall hin! Sie müssen das gesamte weggeworfene Gepäck auffangen, sonst wird Ihre gesamte Kleidung im Flughafen verstreut. Je weiter die Level voranschreiten, desto mehr Gepäck muss gefangen werden und die Spielgeschwindigkeit nimmt zu. Es stehen zwei Schwierigkeitsgrade zur Verfügung; Im einfacheren Modus haben Sie zwei Männer, mit denen Sie Ihr Gepäck fangen können, und im schwierigeren Modus haben Sie nur einen Mann. Es stehen auch mehrere andere Spielvarianten zur Verfügung: Wenn die Option „Terroristenkoffer“ aktiviert ist, tauchen gelegentlich explosive Koffer auf. Wenn Sie diese nicht fangen, endet das Spiel sofort, unabhängig davon, wie viele Leben Sie noch haben. Wenn die Kofferkontrolloption während eines Spiels mit zwei Spielern aktiviert ist, können Sie die Richtung steuern, in die sich die Koffer Ihrer Gegner bewegen.
M.A.D. (USA)	M.A.D. (was für Missile Attack and Defense steht) ist ein Arcade-Spiel, das Missile Command sehr ähnlich ist. Sie steuern eine Photonenkanone am unteren Bildschirmrand und Ihr Ziel ist es, sechs Energiestationen links und rechts zu schützen. Wellen von Raketen und anderen Schiffen werden am Bildschirm vorbeiziehen und gelegentlich stürzt eines ab, wenn es darum geht, eine der Stationen zu zerstören (zur Warnung wird in den meisten Levels der Feind weiß angezeigt, bevor er fällt). Sie müssen unbedingt schießen, bevor Ihre Energiestation zerstört wird! Wenn alle sechs Energiestationen vom Feind zerstört wurden, ist das Spiel beendet. Eine Variante für zwei Spieler ist ebenfalls enthalten; Ein Spieler steuert die Photonenkanone und der zweite Spieler steuert einen Cursor und kann auswählen, wann und wo ein Feind fallen wird. In dieser Version wechseln die Spieler zwischen Angriff und Verteidigung.
M.A.S.H (USA)	M*A*S*H war einer von mehreren Versuchen verschiedener Softwareunternehmen, einen erfolgreichen Film oder eine erfolgreiche Fernsehsendung in ein spielbares Spiel zu verwandeln. In diesem Spiel schlüpfen Sie in die Rolle von „Hawkeye Pierce“, einem Chirurgen, der während des Koreakrieges (1950–1953) im Mobile Army Surgical Hospital Nr. 4077 stationiert war. Es gibt zwei Hauptphasen im Spiel, die Sie jeweils bestehen müssen, um in die nächste Runde zu gelangen. Die erste Mission besteht darin, mit Ihrem Hubschrauber verletzte Soldaten vom Schlachtfeld zu retten und sie zurück zur Basis zu bringen, ohne von feindlichen Panzern abgeschossen zu werden. Die zweite Mission findet im Operationssaal statt, wo Sie Kugeln und Granatsplitter vorsichtig von verwundeten Soldaten entfernen müssen... es ist dem klassischen Zangenspiel „OPERATION“ von Milton Bradley sehr ähnlich. Jeder Missionssatz wird viermal wiederholt. Der erste Spieler, der 999 Punkte erreicht, gewinnt das Spiel. Es gibt vier verschiedene Spielvarianten, die jeweils als Einzelspielermodus (gegen den Computer) oder als Zweispielermodus ausgewählt werden können.
Malagai (USA)	Du bist Kommandant Harrington „Harry“ Crag des Schiffes „Endless Search“. Sie werden zur Reparatur in eine malagaische Basis gebracht, aber jetzt verlangen die Malagai ein Lösegeld von Ihnen. Sie wollen Ihre Spitzentechnologie. Es gibt drei Luftschleusentore pro Sternenbasis. Sie müssen für jede Tür den richtigen Schlüssel besorgen. Jeder wird von einem der drei Malagai gehalten. Die Reihenfolge, in der Malagai den Schlüssel hält, wird durch die Bilder über der Sternenbasis angezeigt.
Mangia' (USA)	Mama Mia! Das ist eine Menge Pasta! Mama bringt Nudeln auf den Tisch. Sie müssen entweder die Nudeln essen oder sie Frankie, der Katze, zuwerfen, wenn er am Fenster steht, oder Sergio, dem Hund, zuwerfen, wenn er unter dem Tisch ist. Du hast vier Leben. Wenn Sie mehr als 20 Teller Nudeln essen, platzen Sie (im wahrsten Sinne des Wortes) und verlieren 1 Leben. Wenn Sie mehr als 9 Teller Nudeln auf den Tisch stellen, bricht dieser zusammen und Sie verlieren ein Leben.
Marauder (USA)	Sie sind auf einem fremden Planeten gelandet und haben die feindliche Basis betreten, die von bewaffneten Angriffsrobotern verteidigt wird. Ihre Mission besteht darin, den Weg zum Herzen der Basis zu finden und das Energiezentrum des feindlichen Waffensystems zu zerstören. Sie beginnen auf der rechten Seite eines zufällig ausgewählten Raumes. Sie müssen durch mehrere Räume gehen und unterwegs die vier Roboter töten oder ihnen ausweichen. Sie müssen das Energiezentrum finden und darauf schießen, um dieses Level zu bestehen. Sie müssen dies tun, bevor der Timer unten abläuft. Nachdem Sie das Energiezentrum erschossen haben, erhalten Sie die verbleibende Zeit als Bonus. Sie werden in einen neuen Raum geschickt, um von vorne zu beginnen, aber es gibt jetzt fünf Roboter pro Raum. Nehmen Sie das Energiezentrum und es werden sechs pro Raum sein. Schnappen Sie sich erneut das Kraftzentrum und Sie sind wieder bei vier Robotern pro Raum, aber schneller. In einigen Räumen finden Sie zufällig magische Rüstungen, die Sie für kurze Zeit unverwundbar machen.
Marine Wars (USA)	Marine Wars ist ein Spiel, das auf dem Atari VCS 2600 veröffentlicht wurde. Der Spieler spielt ein Boot und muss alle Boote und Flugzeuge zerstören, die sich ihm nähern.
Marineflieger (Europe)	In diesem militärischen Gefecht kommandierst du das Kampfflugzeug Sea Hawk! Ihre Mission besteht darin, feindliche Hubschrauber und Schiffe zu zerstören, die das Kampfgebiet passieren. Aber Vorsicht ! Feindliche Schiffe greifen Ihren Sea Hawk mit See-Luft-Raketen an, die Sie überraschen können. Und feindliche Hubschrauber schicken Ihnen einen ständigen Strom von Maschinengewehrfeuer. Der Sieg hängt von Ihrer ruhigen Hand und Ihrem schnellen Denken ab. Wenn Ihr Sea Hawk getroffen wird, springt Ihr Pilot mit dem Fallschirm ab. Aber es liegt an Ihnen, ihn zu retten, indem Sie ihn zu einem Ihrer Schiffe führen. Wenn er im Meer oder auf einem feindlichen Schiff landet, stirbt er.
Mario Bros. (USA)	Mario und Luigi, die besten Klempner der Welt, haben einen richtigen Job zu erledigen. Eine Menge Charaktere haben die Kanalisation übernommen, und die Brüder müssen sie aus den Rohren räumen. Das Plattform-Puzzle, das Luigi erstmals der Welt vorstellte, bietet sowohl Einzel- als auch Mehrspieler-Action mit zwei unterschiedlichen Spieltypen, aber mit demselben Ziel. Krabben, Schildkröten und Kampffliegen müssen entfernt werden, indem man unter die Plattform springt, auf der sie sitzen, und sie dann wegtritt. Jedes Level wird gelöscht, wenn eine festgelegte Anzahl von Münzen gesammelt wurde. Beim Zwei-Spieler-Modus gewinnt derjenige, der zuerst die festgelegte Menge an Münzen gesammelt hat.
Master Builder (USA)	Master Builder ist ein Konstruktionsspiel, das auf dem Atari VCS 2600 veröffentlicht wurde. Der Spieler muss immer höhere Gebäude bauen, um zum nächsten Level zu gelangen.
Masters of the Universe - The Power of He-Man (USA)	In Masters of the Universe steuerst du He-Man, während er in zwei verschiedenen Arten von Arcade-Actionszenen gegen Skeletor kämpft. Im ersten Teil des Spiels steuerst du den Windräuber, der in Richtung Schloss Grayskull fliegt. Sie haben nur eine begrenzte Menge Treibstoff, um Ihr Ziel zu erreichen. Außerdem fliegen zahlreiche Feuerbälle über den Bildschirm, um Sie zu stoppen, und Skeletor rennt über den Boden. Der Wind Raider ist mit Bomben und Kanonen ausgestattet, mit denen Sie sich vor den Feuerbällen schützen und Bonuspunkte sammeln können, wenn Sie Skeletor treffen. Der zweite Teil des Spiels findet zu Fuß statt. Wenn du in der Nähe des Schlosses gelandet bist, muss He-Man Skeletor verfolgen. Skeletor wird zahlreiche Blitzschläge abfeuern, die mit einem Schild blockiert werden können. Hier gibt es ein Zeitlimit und du musst alle Bildschirme überwinden und Skeletor fangen, bevor die Zeit abläuft. Wenn Sie erfolgreich sind, wird das Spiel mit einem härteren Schwierigkeitsgrad wiederholt.
Math Gran Prix (USA)	Machen Sie sich bereit für ein Mathe-Rennen. Dein Treibstoff, beantworte die Mathe-Fragen richtig. Ihr Auto, ein sorgfältig abgestimmter Rennwagen, kann sich je nach Schwierigkeitsgrad der Matheaufgabe 2 bis 3 Felder weit bewegen. Die Strecke enthält viele Auslöser, die zusätzliche Räume und Kurven schaffen und Ihr Auto sogar auf der Strecke halten können.
Maze Craze - A Game of Cops 'n Robbers ~ Maze Mania - A Game of Cops 'n Robbers (USA)	Maze Craze für Atari VCS 2600 ist ein von Atari entwickeltes Actionspiel. Maze Craze kann alleine oder zu zweit gespielt werden und versetzt Sie in die Rolle eines Polizisten, der in einem Labyrinth festsitzt. Ziel des Spiels ist es, vor Ihrem Gegner zu entkommen. Der Spieler kann bestimmen, ob das Labyrinth sichtbar oder unsichtbar ist, die Bewegungsgeschwindigkeit usw. Es können auch Diebe kommen und Ihren Fortschritt behindern.
Mazy Match (USA) (Proto)	Versuchen Sie, die Symbole oben auf dem Bildschirm zu erreichen, bevor Ihnen die Energie ausgeht, indem Sie einen unsichtbaren Pfad auf einem zufällig generierten Gitter gehen und dabei UFOs und von Vögeln fallengelassenen Steinen ausweichen. Am unteren Bildschirmrand können Sie einen neuen Pfad auswählen.
McDonald's - Golden Arches Adventure (USA) (Proto)	Du bist Ronald McDonald, der in deinem Raumschiff fliegt. Hungrige Außerirdische steigen zu den Goldenen Bögen hinab, um sie zu essen. Sie müssen zu Boden fliegen und McDonald's-Essen einsammeln, um die Außerirdischen hochzuziehen und zu füttern, aber bestimmte Außerirdische essen nur bestimmte Fastfoods von McDonald's (Shakes, Pommes, Hamburger), also müssen Sie ihnen das richtige Essen geben. Wenn Sie sie nicht rechtzeitig füttern, fangen sie an, die Golden Arches zu fressen, aber keine Sorge, Sie können zurück auf den Boden fliegen und Teile aufsammeln, um die Golden Arches wieder aufzubauen.
Mega Force (USA)	Sie sind Mitglied von MegaForce und wurden in die Stadt Sardoun geschickt. Sardoun wird angegriffen und Sie müssen es verteidigen. Sie sind mit dem Moto-Fighter bewaffnet, einer Art bewaffnetem, flugfähigem Motorrad.
MegaBoy (USA)	MegaBoy ist ein Lernspiel, mit dem Ihr Kind das Zählen lernen kann. Addition, Subtraktion, Multiplikation und Division, im Mathematikunterricht sind Sie unschlagbar.
MegaMania - A Space Nightmare (USA)	In Megamania ähnelt das Gameplay dem von Space Invaders. Anstatt Aliens oder Raumschiffe zu sein, sind die Feinde in diesem Spiel jedoch verschiedene Objekte wie Hamburger, Fliegen und Dampfbügeleisen. Das Ziel ist es, sie abzuschießen, bevor der Energiebalken am unteren Bildschirmrand aufgebraucht ist, und gleichzeitig den entgegenkommenden Feinden und ihren eigenen Projektilangriffen auszuweichen. Jeder der Feinde fliegt in ausgewählten Mustern und sobald sie den unteren Rand des Bildschirms erreichen, erscheinen sie wieder oben, bis sie vom Spieler erschossen werden. Das im Spiel abgebildete Raumschiff des Spielers ist eine Kreuzung zwischen der U.S.S. Enterprise und klingonischer Schlachtkreuzer aus dem Star Trek-Universum. Gameplay-technisch und grafisch ähnelt MegaMania sehr stark Segas Arcade-Titel „Astro Blaster“ von 1981. Beide Spiele weisen nahezu identische Muster der Annäherung an Feinde auf, wobei sich der Spieler auf eine „Energie“-Anzeige verlässt. Auch das Schiff des Spielers weist in beiden Spielen eine bemerkenswerte Ähnlichkeit auf.
Meltdown (USA) (Proto)	Nicht zu verwechseln mit dem gleichnamigen Atari-Spiel (das für die 7800 veröffentlicht wurde): Meltdown war einer der letzten 20th Century Fox-Titel, die entwickelt wurden, aber nie veröffentlicht wurde. Obwohl Meltdown 1983 auf der CES-Show gezeigt wurde, wurde es nach Ende der Show nie wieder gesehen. Meltdown ist im Grunde ein Versteckspiel, bei dem es darum geht, diesen Ort auf einem 4x4-Gitter aus Atomen zu suchen. Zu Beginn jeder Runde sehen Sie, wie sich ein Schurkenquark durch den Reaktor bewegt und die Atome bewegt. Jedes Mal, wenn das Quark eines der Atome berührt, entzieht es ihm einige Elektronen und das Atom schrumpft. Sobald ein Atom alle seine Elektronen verloren hat, wird es instabil. Wenn alle Atome destabilisiert werden, explodiert der Reaktor! Als einziger verbliebener Wissenschaftler liegt es an Ihnen, die Quarks zu zerstören und den Reaktor abzukühlen. Um dies zu erreichen, müssen Sie die einzigen zwei Werkzeuge nutzen, die Ihnen zur Verfügung stehen: einen Atomstabilisator und Cadmiumstäbe. Wenn das Quark zu einem Atom springt, müssen Sie den Stabilisator (auf der X-Achse) ausrichten, das Cadmiumrohr (auf der Y-Achse) ausrichten und schnell einen Cadmiumstab einführen, indem Sie den Feuerknopf drücken. Sobald Sie jedoch ein Quark zerstören, scheint ein anderes an seine Stelle zu treten. Seien Sie also wachsam und lassen Sie Ihre Wachsamkeit keinen Moment im Stich.
Meteor Defense (Europe)	Veröffentlicht von Dimax und Sinmax in der PAL-Version. Ziel des Spiels ist es, so viele Sternschnuppen, unbekannte Raumschiffe, Bomben und Weltraummonster wie möglich abzuschießen, ohne getroffen zu werden. Das Spiel beschleunigt sich mit fortschreitendem Spielverlauf, um die Weiterentwicklung mit steigender Punktzahl zu erschweren.
Midnight Magic (USA)	Midnight Magic verwendete den Atari 2600-Joystick, um simulierte Flipperfunktionen auszuführen, wie z. B. das Aktivieren der Flipper und das Schießen des Balls. Wenn Sie den Joystick-Controller nach unten bewegen, wird der Kolben des Flipperautomaten zurückgezogen, während das Drücken der Joystick-Taste den Ball in das Spielfeld schießt. Die linken und rechten Flipper werden durch Bewegen des Joystick-Controllers nach links oder rechts aktiviert. Wenn Sie alle fünf Drop-Targets oben in der Tabelle treffen, erhöht sich der Bonusmultiplikator (2x, 3x usw.). Zusätzliche Bälle können verdient werden, wenn die Rollover-Ziele in der oberen linken und rechten Ecke des Tisches getroffen werden, wenn der Bonusmultiplikator aktiviert ist.
Millipede (USA)	Tausendfüßler, Cousins des Tausendfüßlers, sind überall im Garten. Dies wird alles ruinieren, was dort zu wachsen versucht, es sei denn, sie werden gestoppt. Aber es gibt auch andere Insekten; Spinnen, Bienen, Libellen und Ohrwürmer. Die Natur ist gefährlich. Glücklicherweise gibt es einen Insektenvernichter, der Pfeile auf diese Insekten schießen und sie zerstören kann. Millipede ist die Fortsetzung von Centipede und bietet ein ähnliches Gameplay, aber mit einem neuen Insektenschwarm! Das Ziel ist es, den vielgliedrigen Tausendfüßler zu zerstören, während er sich seinen Weg durch den Pilzwald zum unteren Bildschirmrand bahnt. Wenn alle Tausendfüßler-Segmente zerstört wurden, gelangt der Spieler zum nächsten, schwierigeren Level. Tausendfüßler und andere Kreaturen sind alle unterschiedlich viele Punkte wert. Gelegentlich erscheint Dynamit auf dem Bildschirm, das explodiert, wenn es vom Insektenvernichter geschossen wird. Mit einem gut getimten Schuss können zahlreiche Tausendfüßlersegmente (und auch andere Insekten) im Vorbeigehen entfernt werden.
Mind Maze (USA)	Mind Maze wird in etwa wie die alten Gedankenleseexperimente gespielt, bei denen ein Wissenschaftler eine Karte hochhält und eine Person bittet, ihr zu sagen, was sich auf der anderen Seite befindet. Je nach gewähltem Spiel erscheinen in jeder Runde zwei bis vier Karten auf dem Bildschirm. Der Spieler muss dann versuchen, die „richtige“ Karte zu erraten, indem er sie markiert (mit dem Joystick) und den Feuerknopf drückt.
Miner 2049er - Starring Bounty Bob (USA)	„Bounty Bob“ baut im Jahr 2049 eine radioaktive Mine ab. Helfen Sie ihm, alle verschiedenen Stationen (mehrere Bildschirme) zu „beanspruchen“. Vermeiden Sie den Kontakt mit den tödlichen mutierten Organismen, indem Sie weglaufen oder über sie hüpfen. Sammeln Sie verschiedene Gegenstände, die von früheren Bergleuten hinterlassen wurden, um Bonuspunkte zu erhalten.
Miner 2049er Volume II (USA)	Bounty Bob hat Yukon Yohan bis zur Uranmine von Nuclear Ned aufgespürt. Bob muss jeden Abschnitt jedes Teils der Mine „beanspruchen“ … darf aber in jedem Bereich nicht zu lange brauchen, sonst wird er durch die Strahlung getötet. In der Rolle von Bob müssen die Spieler verschiedene Bereiche innerhalb der Atommine durchqueren.
Mines of Minos (USA)	Du bist der letzte Bergbauroboter in der Minos-Mine. Die Monster haben alle deine Kameraden zerstört. Als letzter Roboter müssen Sie durch die verschiedenen Ebenen der Mine reisen und Ersatzteile sammeln, um weitere Roboter (Extraleben) herzustellen. Sie müssen den Monstern entweder ausweichen oder sie mit einer Bombe in die Luft jagen. Wenn das Monster die Bombe nach einigen Sekunden nicht berührt hat, explodiert sie harmlos. Sie können jeweils nur eine Bombe abwerfen. Wenn ein Monster getötet wird, regeneriert es sich irgendwo im Labyrinth. Um Ihre Ersatzteile abzugeben, müssen Sie sich in die Mitte eines beliebigen Levels begeben. Um zu einer anderen Ebene zu gelangen, halten Sie die Joystick-Taste gedrückt, während Sie sich durch die Tunnel auf beiden Seiten bewegen. Sie können diese Tunnel auch nutzen, ohne die Taste gedrückt zu halten, um schnell zur linken oder rechten Seite des Labyrinths zu gelangen und Monstern auszuweichen.
Miniature Golf ~ Arcade Golf (USA)	Kann man beim Golf ein Par schaffen? Neun verschiedene und einzigartige Löcher, jedes mit einem beweglichen Hindernis, das das Leben herausfordernd, aber interessant macht. Ein großer Spaß für einen oder zwei Spieler.
Miss Piggy's Wedding (USA) (Proto)	Miss Piggy's Wedding war ein Zwei-Spieler-Spiel, das 1983 für die Atari 2600-Konsole entwickelt wurde. Das Spiel wurde in Atari-Katalogen beworben, schaffte es jedoch nie zur endgültigen Veröffentlichung, da Atari die Kinderserie abgesagt hatte. Ein Prototyp des Spiels wurde Ende der 90er Jahre von einem Privatsammler entdeckt. Das Ziel des Spiels bestand darin, dass ein Spieler Kermit durch die Kirche und nach draußen zu einem wartenden Taxi manövrierte, ohne von Miss Piggy (kontrolliert vom zweiten Spieler) erwischt zu werden, die darauf bestand, dass sie verheiratet seien. Die Hindernisse für Kermit waren die Hochzeitsgäste (im Bild durch Blöcke dargestellt), die versuchen, seinen Fortschritt durch das Labyrinth zu behindern. Außerdem muss er einen Schlüssel berühren, um die Türen zu öffnen und zu entkommen. Wenn Miss Piggy jedoch den Schlüssel berührt, schließen sich die Türen wieder. Die vollständigste Version, die derzeit für dieses Spiel bekannt ist, wurde nie fertiggestellt, daher sind die Folgen einer Flucht Kermits oder einer Gefangennahme durch Miss Piggy unbekannt. Darüber hinaus erscheint Gonzo oben auf dem Bildschirm als Minister, obwohl er im Spielprototyp keine Rolle spielt.
Missile Command (USA)	Aliens vom Planeten Krytol greifen Ihre Städte an! Als Kommandant einer Raketenbasis ist es Ihre Aufgabe, diese zu verteidigen. Eine Vielzahl von feindlichen Waffen und Flugzeugen wird eintreffen und versuchen, die sechs Städte am unteren Bildschirmrand zu zerstören. Sie müssen Raketen abfeuern, um die ankommenden Waffen zu zerstören. Wenn etwas durchkommt, könnte eine Ihrer Städte zerstört werden. Wenn alle Städte zerstört sind, ist das Spiel vorbei. In jedem Level haben Sie nur eine begrenzte Menge an Munition, also stellen Sie sicher, dass die meisten (wenn nicht alle) Ihrer Schüsse genau sind, sonst könnte Ihnen die Munition ausgehen und Ihre Städte in Gefahr bringen! Im Laufe der Levels gibt es immer mehr feindliche Waffen zu zerstören, die immer schneller eintreffen.
Missile Control (Europe)	Missile Control ist ein Spiel vom Typ Missile Command. Der Spieler muss seine Städte gegen eingehende Bombardierungen durch außerirdische Schiffe verteidigen. Der Spieler steuert einen Cursor auf dem Bildschirm, der die Schussrichtung der Abwehrraketen anzeigt. Sobald sie geworfen werden, bewegen sie sich in einer geraden Linie vom Werfer durch den vom Spieler festgelegten Punkt, bis sie auf ein Objekt treffen. Jedes Level wird gewonnen, indem alle außerirdischen Schiffe zerstört werden. Der Spieler verliert, sobald alle seine Städte zerstört sind. Bonusstädte können durch die Zerstörung einer ausreichenden Anzahl außerirdischer Schiffe erhalten werden. Das Spiel wird immer schwieriger, zum Beispiel fallen Bomben schneller und Energiebarrieren können Aliens vor den Angriffen des Spielers schützen. Um Barrieren zu umgehen, können Spieler ihr Feuer von großen Verteidigungsraketen ablenken, die an den Seiten des Bildschirms abgefeuert werden.
Mission 3,000 A.D. (USA)	Mission 3000 ist ein Action-Arcade-Spiel, in dem Sie die Kontrolle über das Thunderhawk-Schiff übernehmen und die Mission übernehmen, feindliche Sternenbasen zu zerstören. In jedem Level gibt es sechs gut bewachte Sternenbasen, die Sie finden und zerstören müssen. Zur Unterstützung befindet sich am unteren Bildschirmrand ein Scanner, der den Standort des Thunderhawk-Schiffs sowie der Sternenbasen anzeigt. In der Hauptansicht ist der Thunderhawk in der Mitte des Bildschirms sichtbar. Um feindliche Sternenbasen und Jäger zu zerstören, ist der Thunderhawk mit Lasern ausgestattet, die in acht verschiedene Richtungen abgefeuert werden können. Wenn alle sechs Sternenbasen zerstört wurden, erhältst du ein Extraleben, bevor du zum nächsten, schwierigeren Level übergehst. Das Spiel endet, wenn alle Ihre Leben verloren sind.
Mission Survive (Europe)	Sie haben das Kommando über den letzten all-terrestrischen Battle Speedster. Der Feind ist überall um Sie herum und wirft intelligente Bomben ab, sprengt Ihre Straße und wirft Hindernisse auf, um Ihr Können herauszufordern und Ihren Überlebenswillen auf die Probe zu stellen. Sie sind mit einer einzigartigen Antriebssteuerung ausgestattet, die es Ihnen ermöglicht, Ihre Laserwaffe sofort zu trainieren und abzufeuern und Ihren Flitzer wie nie zuvor zu manövrieren. Die Aktion wird immer schneller. Sie testen alle Videofähigkeiten, die Sie kennen, und erfinden ein paar neue, aber überleben werden Sie ...
Mogul Maniac (USA)	Mogul Maniac ist ein Skispiel aus der Ego-Perspektive (obwohl Sie Ihren Ski sehen können), bei dem das Ziel darin besteht, so schnell wie möglich durch offene und geschlossene Türen zu gelangen.
Monster Cise (USA) (Proto)	Die Geschichte dieses Spiels ist ein wenig rätselhaft. Laut Copyright-Hinweis ist es Teil der Children's Computer Worshop-Reihe (der Sesamstraßen-Reihe), aber seine Teilenummer (CX-26131) und sein spätes Copyright-Datum (1984) liegen weit außerhalb des Bereichs der Children's Series (CX-26101 - CX- 26115). Möglicherweise plante Atari eine Art Serie für kleine Kinder und Kleinkinder, um ein möglichst breites Publikum zu erreichen. Dafür gibt es Hinweise, da Prototypen für andere Kinderspiele wie Peek-A-Boo und Honker Bonker in diesen Teilenummernbereich fallen. Dieser Prototyp verwendet sogar den Kid's Controller, was diese Theorie weiter unterstützt.
Montezuma's Revenge - Featuring Panama Joe (USA)	Montezuma's Revenge ist ein Spiel, das auf dem Atari VCS 2600 veröffentlicht wurde. Der Spieler spielt einen Entdecker, der in den Katakomben der Azteken Schätze finden muss. Aber diese Katakomben sind ein echtes Labyrinth und wimmeln von Feinden aller Art.
Moon Patrol (USA)	Moon Patrol ist ein Videospiel, das vom japanischen Studio Irem entwickelt und 1982 auf einem Arcade-Automaten vermarktet wurde. Es wurde für verschiedene Heimmedien angepasst. Dies ist ein seitlich scrollendes Shoot 'em up. Der Spieler steuert ein Landfahrzeug in Mondumgebungen, die im Profil angezeigt werden. Das Fahrzeug bewegt sich auf der rechten Seite des Bildschirms und das Ziel ist es, auftauchende fliegende Untertassen und feindliche Panzer zu eliminieren. Der Arcade-Automat hat einen Zwei-Wege-Joystick (um die Geschwindigkeit des Fahrzeugs zu ändern) und zwei Knöpfe: einen zum Feuern (das Fahrzeug hat eine Kanone, die nach vorne und eine andere nach oben zeigt), den anderen, um das Fahrzeug in die Luft zu jagen, um Krater, Minen und andere Felsblöcke auf der Strecke zu umgehen).
Moonsweeper (USA)	In Moonsweeper ist es Ihr Ziel, die Bergleute auf den Monden des Jupiter-Sternquadranten zu retten. Sie beginnen Ihre Mission im Weltraum, wo Sie den tödlichen Polarlichtern, Photonenfackeln und Raumgeschossen ausweichen müssen, die von der Sonne dieses Quadranten ausgehen. Von Zeit zu Zeit werden Sie einen Mond vorbeiziehen sehen, und wenn Sie nahe an ihm vorbeifliegen, können Sie auf seine Oberfläche hinabsteigen. Wenn Sie die Oberfläche abtasten, sehen Sie eingeschlossene Bergleute, die Sie durch Überfliegen retten müssen. Auf der Mondoberfläche befinden sich auch verschiedene Hindernisse, die es zu umgehen oder zu zerstören gilt, wie z. B. Türme und Mondsatelliten sowie außerirdische Oberflächenzerstörer. Wenn du überlebst und sechs Bergleute rettest, kannst du mithilfe der Beschleunigungsringe von der Oberfläche abheben.
Morse Code Tutor (USA)	Ein Programm, das eine farbige Uhr anzeigt, die mit beweglichen und mehrfarbigen Zeichen verknüpft ist.
Motocross (Europe) (Quelle)	Motocross ist ein Motorradrennspiel aus der Top-Down-Perspektive. Der Spieler fährt mit dem Motorrad gegen unendlich viele Gegner auf einer geraden Straße und versucht, sie nicht zu treffen. Darüber hinaus muss der Spieler die im Tank verbleibende Benzinmenge überwachen. Die Tankanzeige kann durch Überfahren von Benzinkanistern wiederhergestellt werden. Ziel des Spiels ist es, eine bestimmte Anzahl Motorräder zu überholen. Dadurch beginnt eine neue „Szene“ und der Schwierigkeitsgrad steigt.
Motocross Racer (USA)	Motocross Racer ist ein Rennspiel, das auf dem Atari VCS 2600 veröffentlicht wurde. Gewinnen Sie ein Rennen mit Ihrem Motocross-Motorrad in so kurzer Zeit wie möglich. Hindernisse werden versuchen, Sie auszubremsen.
MotoRodeo (USA)	MotoRodeo ist ein Monster-Truck-Spiel mit geteiltem Bildschirm auf dem Atari VCS 2600. Ziel ist es, das Rennen als Erster und mit den meisten Punkten zu beenden. Um zu gewinnen, müssen Sie Tricks ausführen.
Mountain King (USA)	Tief in einer Diamantenmine mit mehreren Plattformen liegt eine kostbare Krone. Ihr Ziel ist es, die Krone zu finden und einzusammeln und dann lebend die Spitze der Mine zu erreichen! Bevor Sie die Krone abholen können, müssen mehrere Schritte durchgeführt werden. Sie müssen zunächst genügend Diamanten sammeln, um 1.000 Punkte zu erhalten. Sobald Sie genügend Punkte haben, müssen Sie den Flammengeist finden, der irgendwo in der Mine versteckt ist. Da die Mine ziemlich dunkel ist, tragen Sie eine Taschenlampe bei sich, mit der Sie Gegenstände (wie Schatztruhen voller Diamanten und den Flammengeist) finden können. Sobald Sie den Flammengeist haben, müssen Sie den Eingang zum Tempel finden. Die Krone ist drinnen. Biete den Flammengeist dem Totenkopfgeist an, der den Eingang bewacht, und du kannst eintreten und die Krone nehmen. Sobald Sie die Krone haben, müssen Sie die Spitze der Mine erreichen, bevor die Zeit abläuft. Um diese Aufgabe zu erschweren, fliegen viele Höhlenfledermäuse umher und können die Krone stehlen. In diesem Fall müssen Sie erneut von vorne beginnen! Ganz unten in der Mine befindet sich eine tödliche Spinne. Wenn Sie bei der Erkundung dieses Bereichs der Mine nicht aufpassen, könnten Sie sich in ihrem Netz verfangen und gefressen werden. Jedes Level hat ein Zeitlimit und je mehr Level Sie abschließen, desto kürzer wird das Zeitlimit!
Mountain Man (Europe)	Ski. Schießen. Wiederholen.
Mouse Trap (USA)	Mouse Trap ist ein Arcade-Actionspiel ähnlich wie Pac-Man. Sie steuern eine Maus in einem Labyrinth; Ihr Ziel ist es, alle Käsestücke zu essen, um Punkte zu erhalten und zum nächsten Labyrinth zu gelangen. Im Labyrinth wandern mehrere Katzen umher, die versuchen, Sie zu fangen! Ihre Maus hat die Fähigkeit, sich vorübergehend in einen Hund zu verwandeln und die Katzen zu jagen. Dazu muss sie allerdings die Hundeknochen fressen, die überall im Labyrinth zu finden sind. Das Labyrinth enthält auch zahlreiche Türen. Die Maus kann diese Türen verschieben, um das Labyrinth neu zu konfigurieren und so zu versuchen, die Katzen zu überlisten.
Mr. Do! (USA)	Du steuerst Mr. Do, er hat versucht, alle Kirschen auf dem Bildschirm zu ernten. Es gibt jedoch viele Bösewichte, die das tun können! Mr. Do kann sich auf zwei Arten gegen Bösewichte verteidigen: Erstens kann er die auf dem Spielfeld liegenden Äpfel über die Feinde schieben und sie zerdrücken. Zweitens ist Mr. Do mit einem Powerball bewaffnet. Dies kann gewirkt werden, um einen Feind zu zerstören. Da Mr. Do jedoch nur einen Powerball hat, muss er warten, bis dieser zu ihm zurückkehrt, bevor er ihn erneut verwenden kann. Gelegentlich erscheint auf dem Bildschirm ein Alphamonster mit einem der Buchstaben EXTRA. Wenn du den Power Ball verwendest, um ein Alpha-Monster zu zerstören, erhältst du diesen Buchstaben; Wenn Sie das volle EXTRA-Wort verdient haben, erhalten Sie ein Extraleben. Wenn Sie alle Kirschen erfolgreich eingesammelt haben, gelangen Sie zum nächsten, schwierigeren Level.
Mr. Do!'s Castle (USA)	Mr. Do!'s Castle ist ein Action-Plattformspiel, bei dem Sie sich in einem Schloss befinden, das aus mehreren Etagen besteht, von denen jede eine Vielzahl von Blöcken enthält. Sie kontrollieren Mr. Do! der Clown, der einen Hammer hat, mit dem man die Blöcke im Boden herausschlagen kann. Durch das Schloss streifen tödliche Einhörner, die ständig versuchen, Sie zu fangen. Ihr Ziel ist es, so viele Punkte wie möglich zu sammeln und durch die immer schwieriger werdenden Burgen voranzukommen.
Mr. Postman (USA)	In Mr. Postman schlüpfen Sie in die Rolle eines Postangestellten, der für die Zustellung eines sehr wichtigen Pakets an ein Haus in der Stadt Silent City verantwortlich ist. Der erste Schritt besteht darin, den Adler zu zähmen, der Herrn Postman an sein Ziel führen wird. Dies geschieht, indem man auf den Baum ganz rechts auf dem Bildschirm klettert, auf eine schwingende Ranke springt und schließlich auf den Rücken des Adlers fällt, während man gleichzeitig dem „Kot“ des Vogels ausweicht.
Mr. T + moderne Ritter, Der (Europe) (En,De)	Sie müssen über feindliche „Turnschuhe“ springen, Leitern erklimmen und springen, um Ihr Herz zu gewinnen. Die Steuerung ist sehr präzise und das Spiel läuft flüssig. Sie werden feststellen, dass Fast Eddie schnell ist und 99 Meter weit springen kann.
Ms. Pac-Man (USA)	1982 wurde mit seiner Freundin, Frau Pac-Man, eine Fortsetzung des unglaublich beliebten Pac-Man vorgestellt. Diese Fortsetzung setzte das Gameplay &quot;Iss die Punkte / vermeide die Geister&quot; des Originalspiels fort, fügte jedoch neue Funktionen hinzu.Wie ihr Freund versucht Frau Pac-Man, vier verschiedene und herausfordernde Labyrinthe zu beseitigen, die mit Punkten und sich ständig bewegenden springenden Früchten gefüllt sind, während sie Inky, Blinky, Pinky und Sue aus dem Weg geht. Eine Berührung von einem dieser Geister bedeutet für Frau Pac-Man einen Verlust an Leben.Überlebe ein paar Runden des Spiels und der Spieler wird mit humorvollen Pausen verwöhnt, die die wachsende romantische Beziehung zwischen Pac-Man und Frau Pac-Man zeigen, die bis zur Ankunft von &quot;Junior&quot; führt.
Music Machine, The (USA)	In diesem Spiel spielen Sie als Stevie und Nancy. Die Musikmaschine bewegt sich am oberen Bildschirmrand hin und her und lässt Symbole fallen, die gute Eigenschaften darstellen (Früchte des Geistes). Sie müssen diese in Ihrem Korb fangen. Sobald Sie eines der anderen Symbole gefangen haben, fällt das Herz (das die Liebe darstellt). Sie müssen das Herz fangen, um die Runde zu beenden und zur nächsten Runde zu gehen. Wenn Sie das Herz vermissen, verlieren Sie ein Leben.
My Golf (Germany) (En,De)	Dieses Golfspiel ist ein ziemlich gutes kleines Spiel mit schöner Golfergrafik und sogar zwei verschiedenen Ansichten der Grüns. Sie haben die Möglichkeit, den Schläger zu wechseln, und Sie haben die Kontrollleiste, um Ihren Schlag zu bewerten.
Mysterious Thief, A (USA) (Proto)	Eddy Langfinger schleicht sich durchs berühmte Mongrath Stadtmuseum. Sein Plan ist, die wertvollsten Schätze der Erde zu stehlen. Acht sind im Museum aufbewahrt, aber immer nur einer wird für Eddy sichtbar, die anderen entdeckt er erst nach und nach. Langfinger muß der Wache aus dem Weg gehen und ihrem bösartigen Hund entkommen. Erst wenn Eddy alle 8 Schätze an sich gebracht hat, erscheint ein Hubschrauber, um ihn aufzunehmen. Sobald Eddy Langfinger in Sicherheit ist, beginnt eine neue Runde. Ins nächste Stockwerk gelangt Eddy stets mit einem kühnen Sprung durch die Öffnung am Ende des Ganges.
Name This Game (USA)	Sie haben gerade einen vergrabenen Schatz auf dem Meeresgrund entdeckt und müssen ihn nun beschützen! Sie steuern einen Taucher am unteren Bildschirmrand und es gibt einen riesigen Oktopus und einen Killerhai, mit denen Sie fertig werden müssen. Jedes Mal, wenn ein Oktopus-Tentakel den unteren Bildschirmrand berührt oder der Hai Sie fängt, geht ein Teil Ihres Schatzes verloren. Um mit diesen Kreaturen fertig zu werden, verfügt Ihr Taucher über eine Harpune. Sie müssen sicherstellen, dass Sie den Hai erschießen, bevor er zum unteren Bildschirmrand gelangt und Sie fängt (der Hai erscheint jedes Mal wieder oben auf dem Bildschirm, wenn er erschossen wird). Die Tentakel des Oktopus werden angezeigt nach unten greifen; Jedes Mal, wenn ein Tentakel abgeschossen wird, zieht er sich nach oben zurück. Sie müssen also weiter auf die Tentakel schießen, bevor einer den Boden erreichen kann. Natürlich verfügt Ihr Taucher nur über eine begrenzte Luftversorgung. Ihr Begleiter befindet sich in einem Boot an der Oberfläche und lässt gelegentlich eine Luftleine fallen. Sie müssen dies auffangen, um Ihre Luft wieder aufzufüllen, bevor sie aufgebraucht ist (wenn Ihnen die Luft ausgeht, gehen einige Schätze verloren). Das Spiel endet, wenn Sie Ihren gesamten Schatz verloren haben.
Night Driver (USA)	Night Driver ist ein Action-Rennspiel, das nachts stattfindet! Ihr Ziel ist es, so viele Punkte wie möglich zu erzielen, indem Sie durch eine von vier verschiedenen Strecken rasen. Punkte werden durch das Passieren von Kontrollpunkten erzielt, die sich auf der gesamten Strecke befinden. Wenn Ihr Auto mit dem Straßenrand, entgegenkommenden Autos oder anderen Hindernissen zusammenstößt, verlieren Sie Ihre gesamte Geschwindigkeit und viel Zeit! Das Spiel endet, wenn das Zeitlimit von 90 Sekunden abgelaufen ist. Die vier Tracks, aus denen Sie wählen können, sind Beginner, Pro, Expert und Random (dieser Track ist jedes Mal anders und kann nicht wie die anderen drei auswendig gelernt werden). Mehrere Spieloptionen sind enthalten, mit denen Sie auswählen können, ob andere Autos vor dem Betreten des Bildschirms hupen oder nicht, und zwischen 90 Sekunden oder unendlich viel Zeit für ein Spiel wählen können.
Nightmare (Europe)	Haben Sie jemals davon geträumt, dass Monster Sie verfolgen? Sind Sie schon einmal so schnell gelaufen, wie Sie konnten, konnten aber nicht entkommen? Haben Sie jemals davon geträumt, zu fallen, zu fallen, aber nie den Tiefpunkt zu erreichen? Das ist ein Albtraum. Hier sind die Monster, das Laufen, das Fallen real. Komm, spiele deine schlimmste Fantasie aus. Kommen Sie und versuchen Sie, alle Chancen zu übertreffen. Komm, aber bete, dass du erwachst, bevor es zu spät ist!
No Escape! (USA)	Jason nahm den Göttern das Goldene Vlies ab! Sie sind verständlicherweise verärgert und haben Jason im Tempel der Aphrodite eingesperrt, über dem tödliche Furien rennen. Du kontrollierst Jason und dein Ziel ist es, alle Furien zu eliminieren, um zum nächsten Level zu gelangen. Furien können zerstört werden, wenn sie mit einem Zauberstein vom Tempeldach getroffen werden. Sie sind mit einem unbegrenzten Vorrat an Steinen bewaffnet. Wenn Sie einen Stein auf das Dach werfen, fällt ein Ziegelstein herunter (Vorsicht, Sie verlieren ein Leben, wenn Sie sich selbst mit einem fallenden Ziegelstein statt mit den Furien treffen). Wenn ein Fury von einem Ziegelstein getroffen wird, wird er zerstört, aber wenn du einen Fury versehentlich mit einem Stein triffst, vervielfacht er sich! Die Furien schießen auch auf dich und du verlierst ein Leben, wenn du getroffen wirst. Das Spiel endet, wenn Ihnen die Leben ausgehen. Es stehen mehrere Schwierigkeitsgrade zur Verfügung.
Nuts (USA)	Du bist ein fleißiges Eichhörnchen. Das ganze Jahr über haben Sie in Ihrem Haus in den Baumwipfeln Lebensmittel gelagert. Plötzlich, wenn du draußen bist, stiehlt Wily Weasel alles. Lass ihn nicht damit durchkommen! Werfen Sie ein paar Nüsse hinein! Wirf es vom Ast!
Obelix (USA)	Obelix ist ein Spiel, das auf dem Atari VCS 2600 veröffentlicht wurde. Sie spielen gleichzeitig als Asterix und Obelix gegen Wellen von Römern: Asterix betäubt die Römer, während Obelix seine berühmten Hinkelsteine ​​auf sie wirft.
Off the Wall (USA)	Off The Wall ist ein Arcade-Actionspiel mit Gameplay im Breakout-Stil. Sie steuern Kung Fu Lu, dessen Mission es ist, eine mysteriöse, böse Wand zu zerstören, indem Sie einen springenden Ball in die Steine werfen, aus denen die Wand besteht. Wenn die Steine vom Ball getroffen werden, werden sie zerstört. Oben auf dem Bildschirm befindet sich ein mystischer Drache, der die Wand bewacht. Jedes Level kann abgeschlossen werden, indem entweder alle Ziegel in der Wand zerstört oder der Drache sechsmal mit dem Ball getroffen wird. Sobald der erste Level abgeschlossen ist, erscheint auch eine Amsel direkt unter der Wand auf dem Bildschirm. Die Amsel lenkt den Ball ab und versucht, dir in die Quere zu kommen, um deine Mission zu erschweren. Von Zeit zu Zeit fällt ein magisches Zeichen nach unten, das Ihnen besondere Kräfte verleiht, wenn es gefangen wird. Diese können den Ball magnetisch machen und Ihrem Spieler folgen, Ihnen ein größeres Paddel geben oder den Ball explosiv machen und größere Ziegelbrocken herausnehmen. Du beginnst das Spiel auf einem Fertigkeitslevel von Bauer und steigst jedes Mal im Rang auf, wenn vier Wellen von Steinen geräumt sind. Sie verlieren jedes Mal ein Leben, wenn der Ball vom unteren Rand des Bildschirms fällt, und das Spiel endet, wenn Sie alle fünf Ihrer Leben verlieren.
Off Your Rocker (USA) (Proto)	Off Your Rocker ist ein Spiel im Stil von Simon Says... für ein bis vier Spieler im Wechsel. Der Charakter auf dem Bildschirm neigt sich zu einer farbigen Form, während ein Ton ertönt. Sie müssen sich auf Ihrem Joystick in die gleiche Richtung neigen. Mit fortschreitendem Spiel werden die Sequenzen länger und komplexer. Bei Spielen mit zwei oder mehr Spielern wechselt jeder Spieler ab, um zu sehen, wer die meisten Sequenzen ausführen kann.
Official Frogger, The (USA)	Starpath Version - Der Spieler steuert einen Frosch, der am unteren Rand des Bildschirms beginnt, zu seinem Zuhause in einem von 5 Slots am oberen Rand des Bildschirms. Die untere Hälfte des Bildschirms enthält eine Straße mit Kraftfahrzeugen, zu denen in verschiedenen Versionen Autos, Lastwagen, Busse, Dünenbuggys, Bulldozer, Lieferwagen, Taxis, Fahrradfahrer und/oder Motorräder gehören, die horizontal auf ihr entlangfahren.
Oink! (USA)	Oink! basiert auf dem Märchen von den drei kleinen Schweinchen. Der große böse Wolf versucht, jeden Schweinestall zu zerstören. Sie kontrollieren jedes Schwein (einzeln). Der Wolf befindet sich am unteren Bildschirmrand und reißt Abschnitt für Abschnitt ein Loch durch das Haus. Wenn sich ein Loch bildet, muss das Schwein es schnell reparieren, damit der Wolf nicht eindringen kann. Neue Materialien befinden sich oben auf dem Bildschirm und Sie müssen sie ergreifen und in die Löcher legen, während sie sich bilden.
Omega Race (USA)	Bally Midway Manufacturing Co. Inc. ist ein Arcade-Spiel, das auf dem Atari VCS 2600 veröffentlicht wurde. Sie spielen als kleines Raumschiff, das die Feinde zerstören muss, die sich ihm nähern.
Open Sesame (Europe) (Goliath)	Sesam öffne dich! ist ein Action-Plattformspiel. Du kontrollierst Ali Baba und dein Ziel ist es, die Höhle der Schätze zu erreichen. Der Eingang zur Schatzkammer befindet sich oben auf dem Bildschirm, und Sie beginnen jedes Level unten und müssen sich nach oben erklimmen. Dazu müssen Sie einen guten Ort finden, an dem Sie ein Seil zur nächsten Plattform werfen und hinaufklettern können (auf der Plattform befindet sich ein Punkt, an dem Sie sicher ein Seil werfen können, zwei auf jeder Etage). Bevor die Schatzkammer betreten werden kann, müssen Sie an jedem der möglichen Orte Seile befestigen. Um Ihren Fortschritt zu behindern, sind auf jeder Etage Wachen unterwegs. Wenn du erwischt wirst, verlierst du ein Leben! Um Ihnen zu helfen, erscheint von Zeit zu Zeit eine magische Kugel auf dem Bildschirm. Wenn es erwischt wird, kann dies verwendet werden, um eine Wache vorübergehend einzufrieren. Wenn Sie die Schatzkammer erfolgreich betreten, gelangen Sie zur nächsten Spielebene.
Oscar's Trash Race (USA)	Es ist das Grouch Day-Picknick und drei kleine Nörgler (Herman, Grungetta und Sloppy) wollen das Müllrennen gewinnen.
Othello (USA)	Othello ist eine Umsetzung des Brettspiels. Jeder Spieler versucht, den Spielplan mit möglichst vielen Scheiben seiner Farbe zu füllen. In jeder Runde legt der Spieler eine Scheibe auf das Brett, indem er eine Stelle auswählt, an der die gegnerischen Scheiben zwischen zwei seiner Scheiben eingeklemmt werden. Die gefangenen Scheiben werden auf die Farbe des Spielers umgedreht. Das Spiel endet, wenn das Brett voll ist oder die Zeit abgelaufen ist, und der Spieler mit der größten Anzahl seiner Farbscheiben auf dem Brett gewinnt. Zwei Spieler können gegeneinander spielen oder ein Spieler gegen den Computer.
Out of Control (USA)	Es ist ein Hindernisparcours in einem Raumschiff. Die Steuerung des Schiffs ähnelt eher einem Asteroiden, indem man nach links oder rechts drückt, um sich zu drehen, und Feuer drückt, um es zu schieben. Sobald Sie mit dem Schieben aufhören, stoppt das Schiff nicht sofort, sondern wird von selbst langsamer. Um früher anzuhalten, müssen Sie sich in die Richtung orientieren, in die Sie fahren.
Outlaw ~ Gunslinger (USA)	Sie sind ein Revolverheld im alten Westen! Outlaw bietet sowohl Spiele für einen als auch für zwei Spieler. In der Einspielerversion ist es Ihr Ziel, in 99 Sekunden so oft wie möglich auf ein bewegliches Ziel zu schießen. In der Zwei-Spieler-Version versucht jeder Spieler, als erster zehnmal auf seinen Gegner zu schießen. Sowohl in der Einspieler- als auch in der Zweispielerversion gibt es mehrere Spielvarianten. In der Mitte des Bildschirms befindet sich eines von mehreren möglichen Hindernissen, um das Spiel zu erschweren. Ein riesiger Kaktus, eine Postkutsche, eine fahrende Postkutsche oder eine zerbrechliche Wand können das Ziel blockieren oder Ihnen Schutz vor den Schüssen Ihrer Gegner bieten. Sie haben auch die Wahl zwischen unbegrenztem Feuer oder nur einem Sechsschützen. Wenn Sie sich für die sechs Schützen entscheiden, muss jeder Spieler alle sechs Schüsse verbrauchen, bevor einer der beiden Spieler nachladen kann. Und schließlich gibt es noch die Option &quot;Flucht&quot;. Mit &quot;Getaway&quot; kann sich ein Spieler sofort nach dem Abschuss bewegen; ohne &quot;Getaway&quot; muss ein Spieler so lange stehen bleiben, wie seine Kugel auf dem Bildschirm ist.
Pac-Kong (Germany)	Pac-Kong spielt sich sehr ähnlich wie Donkey Kong. Der Spieler steuert einen „Abenteurer“ (in einigen Versionen des Spiels Kong genannt) und muss die Schätze erreichen, die der böse Oktopus versteckt hat. Jede Ebene besteht aus einer Reihe von Plattformen, die durch Leitern miteinander verbunden sind. Die einzige Aktion, die der Spieler neben der Bewegung ausführen kann, besteht darin, auf Feuer zu drücken, um den Helden springen zu lassen. Dies ist notwendig, um die Lücken zwischen einigen Plattformen zu schließen. Gleichzeitig muss der Spieler den kleineren Kraken sowie Giftgaswolken ausweichen, die sich zufällig über den Bildschirm bewegen. Sobald der Spieler eine der Schatztruhen oben auf dem Bildschirm erreicht, hat er das Level gewonnen und eine neue Runde beginnt. Pac-Kong kann auch abwechselnd von zwei Spielern gespielt werden.
Pac-Man (USA)	„Pac-Man“ ist eines der bekanntesten und einflussreichsten Spiele der 1980er Jahre. Der Spieler steuert Pac-Man durch ein Labyrinth, um alle Punkte und Früchte zu sammeln, während er den vier Geistern entkommen muss: dem blauen Geist Bashful (Inky), dem roten Geist Shadow (Blinky), dem rosa Geist Speedy (Pinky) und dem orangefarbenen Geist Pokey (Clyde). Eine Berührung mit einem Geist kostet ein Leben. Doch Pac-Man kann das Blatt wenden, indem er einen der vier Energizer frisst – dadurch werden die Geister für kurze Zeit blau und verwundbar, sodass Pac-Man sie für Bonuspunkte verspeisen kann. Nach einer Weile kehren die Augen der Geister in die Mitte des Labyrinths zurück, wo sie regenerieren und die Verfolgung erneut aufnehmen.
Panda Chase (Europe)	Panda Chase ist ein seltsames Spiel, in dem Sie als Steuermann eines Pandas durch die verschiedenen Level des Spiels auf der Suche nach Bambussen gehen müssen, um ihre Energie zurückzugewinnen, die jede Sekunde verloren geht. Zu Beginn des Spiels befindet sich der Panda in einem offenen Gebiet, in dem es mehrere Orte zu erkunden gilt.
Parachute (Europe)	Vor Spielbeginn muss der Spieler entscheiden, ob er pro Level 15.000, 10.000 oder 5.000 Kilometer zurücklegen möchte (je mehr Kilometer machen jedes Level länger). Danach beginnt die Action: Der Spieler muss einen Fallschirmspringer zum Kontinent führen und dabei Hubschraubern, Vögeln und Heißluftballons ausweichen, die durch den Himmel streifen. Jedes Level endet damit, dass man auf dem Boden aufschlägt und dabei dem Soldaten aus dem Weg geht, der das Gebiet patrouilliert. Landet der Fallschirmspringer in der Mitte des Bildschirms, erhält er 1000 Punkte für die Leistung und ein Extraleben. Wenn Sie weit vom Zentrum entfernt landen, erhalten Sie zwar weniger Punkte, aber Sie erhalten trotzdem ein geschenktes Leben.
Peek-A-Boo (USA) (Proto)	Laut Atari sollte Peek-A-Boo eine revolutionäre neue Videoaktivität sein, die auf den bekannten Konzepten von Peek-a-Boo und Hide 'n' Seek basiert. Es sollte wichtige Konzepte wie räumliche Orientierung, Richtung und Gedächtnis vermitteln, das Selbstwertgefühl eines Kindes stärken und ihm beibringen, Spaß auf dem 2600 zu haben. Da Peek-A-Boo für sehr kleine Kinder gedacht war, ist das Gameplay sehr einfach. Die Hauptfigur dieses Spiels (eine Katze namens Smart Seymour) bewegt sich hinter einem Quadrat hinein und wieder heraus. Abhängig vom gewählten Spiel ändern sich die verschiedenen Spielelemente geringfügig. Das Quadrat kann ein einzelner Block, ein Rechteck oder vier farbige Quadrate sein. Die Katze kann sich weit vom Quadrat entfernen oder kaum die Hälfte ihres Körpers herausbewegen. Die Katze kann sich schnell hinter dem Quadrat bewegen und wieder herausbewegen, oder sie kann hinter dem Quadrat bleiben. Es gibt acht verschiedene Arten von Spielen, jede mit einem etwas anderen Ziel.
Pengo (USA)	Gehen Sie mit Pengo, dem entzückenden Pinguin, auf dünnem Eis um einen zugefrorenen See Schlittschuh laufen. Riesige Eisblöcke neu anordnen. Ihr Ziel: Richten Sie drei juwelenbesetzte Blöcke so aus, dass schillernde Punkte entstehen! Deine Feinde: SNO-BEES! Ihr Kontakt jagt einem einen Schauer über den Rücken.
Pete Rose Baseball (USA)	Dieses Baseballspiel ist vom ehemaligen Spieler der Cincinnati Reds, Pete Rose, lizenziert. Es ermöglicht dem Spieler, alle Positionen auf dem Spielfeld zu spielen. Es stehen verschiedene Schlag- und Pitching-Stile zur Verfügung.
Phantom Tank (Europe)	Phantom Tank macht die Verteidigung einer Energiebasis zu einem immer härter werdenden Panzergefecht. In drei Phasen kämpfst du dich von einer schützenden Stadtlandschaft über eine offene Brückenzone bis zu einem kompromisslosen Schlussangriff ohne Deckung. Da immer nur ein Schuss gleichzeitig möglich ist, zählt jeder Treffer, und selbst feindliche Geschosse müssen gezielt abgefangen werden. Gerade dieser steigende Druck bis zur letzten Verteidigungslinie verleiht dem Spiel seinen spannenden Reiz.
Phantom UFO (USA)	Spider Fighter ist ein Actionspiel im Arcade-Stil, das Space Invaders etwas ähnelt. Sie steuern einen Blaster am unteren Bildschirmrand und müssen die drei Früchte oben rechts auf dem Bildschirm verteidigen. Verschiedene Arten angreifender Spinnen bewegen sich schnell und versuchen, Ihren Blaster zu zerstören und die Früchte zu stehlen.
Phantom-Panzer + Phantom Tank (Germany)	Phantom Tank macht die Verteidigung einer Energiebasis zu einem immer härter werdenden Panzergefecht. In drei Phasen kämpfst du dich von einer schützenden Stadtlandschaft über eine offene Brückenzone bis zu einem kompromisslosen Schlussangriff ohne Deckung. Da immer nur ein Schuss gleichzeitig möglich ist, zählt jeder Treffer, und selbst feindliche Geschosse müssen gezielt abgefangen werden. Gerade dieser steigende Druck bis zur letzten Verteidigungslinie verleiht dem Spiel seinen spannenden Reiz.
Pharaoh's Curse (USA)	In Pharaoh's Curse versucht der Spieler, 16 Schätze aus einem ägyptischen Grab zu sammeln und dabei dem Pharao, seiner Mumie und verschiedenen Fallen auszuweichen.
Phoenix (USA)	Phoenix ist ein Arcade-Actionspiel mit ähnlichem Gameplay wie Space Invaders. Sie sind der Kommandant der Phoenix, und Ihre Mission ist es, ein außerirdisches Raumschiff zu erreichen, das die Ressourcen Ihres Planeten erschöpft hat. Das Schiff wird von vier Ebenen vogelähnlicher Kreaturen bewacht. Nachdem Sie alle vier Stufen abgeschlossen haben, wird der fünfte Level gegen ein großes, stark abgeschirmtes Mutterschiff antreten. Wenn das Mutterschiff zerstört wird, wiederholt sich das Spiel, aber mit erhöhter Geschwindigkeit und Schwierigkeit. Um die zahlreichen Feinde zu besiegen, ist der Phönix mit einer Laserkanone und einem Kraftfeld ausgestattet.
Pick 'n' Pile (Europe)	Pick 'n Pile ist ein Puzzlespiel im Tetris-Stil. Auf jeder Ebene gibt es eine Vielzahl von Symbolen, die in Spalten auf dem Bildschirm angeordnet sind. Durch Verschieben der Symbole müssen Sie Spalten erstellen, die identische Symbole enthalten. Sobald alle Symbole in einer Spalte gleich sind, verschwindet diese Spalte. Ihr Ziel ist es, Punkte zu sammeln und die Level zu beenden, indem Sie alle Symbole auf dem Bildschirm verschwinden lassen. Gelegentlich kann es vorkommen, dass Sie mit einem Symbol stecken bleiben, das mit nichts auf dem Bildschirm übereinstimmt. In diesem Fall können Sie ein zusätzliches Symbol aufrufen, das auf dem Bildschirm angezeigt wird. Da das angezeigte Symbol jedoch zufällig ist, müssen Sie möglicherweise einige Symbole erstellen, bevor das gewünschte Symbol erscheint. Jedes Level hat ein Zeitlimit, in dem es abgeschlossen werden muss. Wenn dir die Zeit ausgeht, verlierst du ein Leben; Verliere alle Leben und das Spiel ist vorbei.
Pick Up (USA) (Proto)	Okay, hier ist, was es ist. Wenn Sie möchten, dass der Liebhaber Ihrer Träume von seinem Podest herunterkommt und mit Ihnen ausgeht, müssen Sie ihm die richtigen Geschenke machen. Dann können Sie im Love Nest Hotel Punkte sammeln! Sie beginnen mit Ihrem Liebhaber auf einem Podest auf der linken Seite und verschiedenen Objekten, die über Ihnen schweben. Sie müssen jeden Gegenstand einmal abschießen, um ihn zu erhalten. Wenn ein Objekt zu blinken beginnt, schießen Sie als nächstes darauf, denn nach kurzer Zeit verlieren Sie die Chance. Wenn Sie ein zweites Mal auf einen Gegenstand schießen, verlieren Sie ihn und eine Chance. Wenn Sie alle Ihre Chancen verlieren, ist das Spiel vorbei. Wenn Sie alle notwendigen Gegenstände gesammelt haben, gehen Sie zum Podest und verlassen Sie den Bildschirm nach rechts. Gehen Sie zur Hoteltür und das Hotelschild zeigt an, wie oft Sie gepunktet haben. Gehen Sie nun nach links, um das nächste Level zu starten.
Picnic (USA)	Sie machen gerade ein Picknick, als plötzlich ein Schwarm Fliegen auftaucht! Du steuerst eine Fliegenklatsche am unteren Bildschirmrand. Ihr Ziel in diesem Spiel ist es, Ihre Hamburger (unten links und rechts auf dem Bildschirm) vor angreifenden Fliegen zu schützen.
Piece o' Cake (USA)	In Piece O' Cake sind Sie ein Koch und Ihr Ziel ist es, erfolgreich Kuchen zu backen! Am unteren Bildschirmrand befindet sich ein Förderband und auf der linken Seite erscheint ein Brett, wenn Sie sich nach rechts bewegen. Sie befinden sich oben auf dem Bildschirm und müssen die Kuchenschichten aus dem Ofen nehmen und auf das Brett legen.
Pigs in Space - Starring Miss Piggy (USA)	Pigs in Space mit Miss Piggy ist ein Spiel, das auf dem Atari VCS 2600 veröffentlicht wurde. Der Spieler kann wählen, ob er als 3 Charaktere spielen möchte: Captain Link Hogthrob, Piggy oder Dr. Strangepork. Jeder Charakter hat ein Weltraum-Shooter-Minispiel.
Pitfall! - Pitfall Harry's Jungle Adventure (USA)	Pitfall! ist ein Plattform-Actionspiel. Sie spielen Pitfall Harry, der auf der Suche nach einem Schatz tief im Dschungel ist. Mit ein wenig Glück finden Sie Geldsäcke, Silberbarren, Goldbarren und Diamantringe. Dabei stellen sich Ihnen viele Hindernisse in den Weg, von denen einige lediglich Punkte von Ihrer Punktzahl abziehen, während andere tödlich sind. Rollende Baumstämme und ein Sturz in ein Loch ziehen Punkte ab, und Skorpione, Alligatoren, Schlangen, bodenlose Gruben, Sümpfe und Brände führen dazu, dass Pitfall Harry ein Leben verliert. Sie haben 20 Minuten Zeit, um zu versuchen, alle Schätze auf den zahlreichen Bildschirmen einzusammeln - wenn Sie so lange überleben!
Pizza Chef (USA) (Proto)	Probieren Sie dieses unterhaltsame Spiel zum Pizzabacken aus. Sie haben nur eine begrenzte Zeit, um eine Pizza mit acht Zutaten zuzubereiten. Dafür sollten Sie sich die richtigen Zutaten besorgen und zwar in der Reihenfolge, in der sie aufgeführt sind? und auch die passenden Utensilien. Wenn Sie schließlich alles auf die acht Vorbereitungstische gelegt haben, bringen Sie die Pizza zum Backen in den heißen Ofen. Wenn Sie alles schaffen, herzlichen Glückwunsch! Probieren Sie alle 25 Rezeptvarianten aus und zeigen Sie Ihr Können und Ihre Technik beim Pizzabacken.
Planet of the Apes (USA) (Proto)	Die Handlung findet auf mehreren Bildschirmen statt: Wüsten; Wälder; das Affendorf; eine Flussüberquerung; Unterirdische Höhlen; und die Höhepunktszene der Freiheitsstatue aus dem Film. In diesem Spiel gibt es drei verschiedene Arten von Affen: Schimpansen – diese kleinen Kerle sind harmlos und können ohne Angst berührt werden; Orang-Utans sind etwas größer und viel gefährlicher als die Schimpansen. Wenn Sie sie berühren, werden Sie gefangen; Gorillas sind die gefährlichsten aller Affen. Sie können dich nicht nur fangen, sondern auch auf dich schießen.
Planet Patrol (USA)	Sie sind ein Kampfpilot, der die Galaxie patrouilliert und beschützt. Sie werden ständig von bösen Mächten angegriffen, die Raketen auf Ihr Schiff abfeuern. Während Sie Ihr Schiff durch das farbenfrohe Gelände steuern, vermeiden Sie ankommende Raketen und erwidern das Feuer. Ziel des Spiels ist es, möglichst viele Raketen und die Basisstation zu zerstören, bevor sie Sie selbst zerstört. Ihre Mission dauert Tag und Nacht und bei Ihren Begegnungen müssen Sie abgestürzte Piloten retten. In regelmäßigen Abständen müssen Sie Tankstopps einlegen. Die Grafiken entsprechen der Realität. Planet Patrol wird ein weltweiter Erfolg!
Plaque Attack (USA)	Bei Plaque Attack besteht Ihr Ziel darin, einen Mundvoll Zähne vor einer Vielzahl von eindringenden Nahrungsmitteln zu schützen! Sie steuern eine Tube fluoridhaltiger Zahnpasta und müssen die angreifenden Lebensmittel abschießen, bevor sie die Zähne am oberen und unteren Bildschirmrand zerstören können. Hamburger, Hot Dogs, Gummibonbons, Erdbeeren, Donuts, Eistüten und mehr erscheinen an den Seiten des Bildschirms und bewegen sich in Richtung der Zähne. Wenn Nahrung auf einen Zahn trifft und dort zu lange verbleibt, verfällt der Zahn und verschwindet. Das Spiel endet, wenn alle Zähne verfallen und verschwunden sind.
Pleiades (USA) (Proto 2) (1983-05-06)	Es ist eine Fortsetzung von Phoenix. Auf dem ersten Bildschirm müssen Sie die Außerirdischen erschießen, ohne von ihnen getroffen zu werden. Irgendwann wird ein Außerirdischer auf dem Bildschirm direkt über Ihrem Schiff einen Schild erschaffen, der Sie auffordert, Löcher zu schießen, um andere Außerirdische zu zerstören. Seien Sie sich bewusst, dass außerirdisches Feuer nicht langsamer wird und Sie töten kann. Auf dem zweiten Bildschirm müssen Sie auf einen oder mehrere Phönixe schießen oder ihnen ausweichen, aber das Ziel besteht darin, den Außerirdischen im Mutterschiff oben zu erschießen. Sie können auch auf den/die Phönix(e) schießen, um Punkte zu sammeln. Auf dem dritten Bildschirm müssen Sie zwischen geparkten Schiffen manövrieren, ohne eines zu treffen, um an Ihrer Stelle oben anzudocken. Sobald Sie dies tun, wechselt das Spiel mit höherem Schwierigkeitsgrad zum ersten Bildschirm. Es gibt eine Auswahl an Spielen, die nur auf dem ersten, zweiten oder dritten Bildschirm gespielt werden können, wobei jede Welle schwieriger wird.
Polaris (USA)	Polaris ist ein Spiel, das auf dem Atari VCS 2600 veröffentlicht wurde. Der Spieler steuert ein Atom-U-Boot, das Raketen auf feindliche Schiffe abfeuern muss, um zum nächsten Schwierigkeitsgrad zu gelangen.
Pole Position (USA)	Pole Position ist die Umsetzung des Arcade-Rennspiels. Nehmen Sie am Grand Prix teil, treten Sie gegen andere Rennwagen an, um in kürzester Zeit die höchstmögliche Punktzahl zu erzielen. Bevor der Spieler am Grand Prix teilnehmen kann, muss er sich zuerst qualifizieren, indem er innerhalb von 73 Sekunden oder weniger an der Qualifikationsrunde teilnimmt. Wenn sich der Spieler jedoch nicht in der Qualifikationsrunde qualifiziert, kann der Spieler weiter fahren, bis der Renntimer nach 90 Sekunden läuft. Der Spieler erhält 50 Punkte pro 5 Meter und zusätzlich 50 Punkte für jeden überholten Rennwagen. Wenn die Zeit abläuft - Game Over. Der Spieler muss die Qualifikationsrunde neu starten.
Polo (USA) (Proto)	Dabei handelt es sich um ein Polospiel, das zu Pferd gespielt wird. Sie bewegen Ihr Pferd mit dem Joystick. Der Schläger schwingt automatisch und schickt den Ball immer in Richtung des gegnerischen Tores. Das Ziel besteht einfach darin, den Ball eher durch das Tor des gegnerischen Spielers zu befördern, als dass dieser den Ball durch Ihr Tor bekommt. Bei einigen Spielvarianten wickelt sich der Ball um den Bildschirm, bei anderen springt der Ball von den Seiten ab, bei anderen muss jeder Spieler ein Pferd steuern, bei anderen zwei pro Stück.
Pompeii (USA) (Proto)	Pompeii war einer der letzten von Apollo angekündigten Titel, blieb jedoch unveröffentlicht, als Apollo als eine der ersten 2600 Spielefirmen nach dem Absturz aufgab. Anhand der Verpackungsgestaltung und einiger kurzer Beschreibungen können wir vermuten, dass sich das Spiel um einen Indiana Jones-ähnlichen Archäologen drehte, der versucht, Schätze in den Ruinen der antiken Stadt Pompeji zu finden. Leider ist der einzige bisher aufgetauchte Prototyp sehr unvollständig. Die Hintergrundgrafiken sind sehr gut gemacht und zeigen einen schwelenden Vulkan (Vesuv) und zwei seltsame Formen auf beiden Seiten (Schätze?). Ihr Charakter sieht kaum wie der auf der Schachtel abgebildete Indiana Jones-Charakter aus, aber da es sich um einen Prototyp handelt, wurde er möglicherweise in späteren Versionen „indyisiert“. Ihr Charakter verfügt zwar über eine leichte Gehanimation, diese ist jedoch viel zu langsam für die Geschwindigkeit, mit der er sich bewegt. Die braunen Säulen auf dem Spielfeld sind eigentlich Platzhalter für noch zu definierende Gegnerkreaturen.
Pooyan (USA)	Pooyan ist ein von Konami veröffentlichtes Arcade-Spiel. Im Mittelpunkt des Spiels steht Mama, eine Sau, die ihre Jungen verteidigen und retten muss. Mama befindet sich in einem Schiebeaufzug, den der Spieler steuert. Wölfe fliegen mit Ballons davon und es liegt an dem Spieler, Pfeile auf die Wölfe zu schießen, damit ihre Ballons explodieren, bevor sie die Spitze erreichen.
Popeye (USA)	Als Popeye versuchst du, Olive Oyls Liebe zu gewinnen! Sie befindet sich oben auf dem Bildschirm und lässt Zeichen ihrer Liebe fallen. Sie müssen sie einsammeln, bevor sie den Boden berühren.
Porky's (USA)	Du schlüpfst in die Rolle von Edward „Pee Wee“ Morris, der trotz seiner Fehler danach strebt, sich an Porky zu rächen, dem Barbesitzer, der Pee Wee und seine Freunde seziert hat.
Power Lords (USA) (Proto)	Power Lords basierte auf der gleichnamigen Spielzeuglinie von 1983. North American Phillips (NAP) muss gedacht haben, dass es ein großer Erfolg werden würde, denn Spiele wurden für den Atari 2600, Colecovision und Odyssey 2 entwickelt. Von diesen Spielen wurde nur die Odyssey 2-Version veröffentlicht und gilt als die seltenste In den USA veröffentlichtes Spiel für das System. Alle drei Versionen spielen sich ähnlich, aber die Versionen Atari 2600 und Colecovision verfügen über eine zusätzliche Bühne, die das Spiel etwas interessanter macht. Wie die anderen Versionen macht auch die 2600-Version von Power Lords nicht besonders viel Spaß und auch der Gesamtschwierigkeitsgrad des Spiels ist recht hoch. Wäre „Power Lords“ erschienen, wäre es wahrscheinlich schneller als die Actionfiguren in der Schnäppchenschachtel gelandet.
Pressure Cooker (USA)	In Pressure Cooker sind Sie ein Koch, dessen Aufgabe es ist, Burger-Bestellungen bei „The Grille“ auszuführen. Am unteren Bildschirmrand sehen Sie Bestellungen für verschiedene Burgersorten. Sie können auch Tomaten, Zwiebeln, Salat und Käse bestellen. Sie müssen die entsprechenden Zutaten sammeln, sie auf einen Burger legen und fallen lassen.
Private Eye (USA)	Private Eye ist ein Spiel, das auf dem Atari VCS 2600 veröffentlicht wurde. Sie spielen die Rolle eines Detektivs, der einen Kriminellen festnehmen will. Dazu müssen Sie Beweise sammeln, aber auch den Komplizen des Kriminellen aus dem Weg gehen, die Sie eliminieren wollen.
Pursuit of the Pink Panther (USA) (Proto) [b]	„Pursuit of the Pink Panther“ basiert auf der berühmten Zeichentrickserie und wurde von den „Pink Panther“-Filmen mit Peter Sellers als Inspektor Clouseau inspiriert. Dieses Spiel begann eigentlich als Trail of the Pink Panther von U.S. Games (basierend auf dem damals aktuellen Film), aber als U.S. Games sein Geschäft aufgab, verkauften sie die Rechte an North American Phillips (NAP), die beschlossen, eine eigene Version zu veröffentlichen des Spiels durch ihre Probe 2000-Abteilung. Es ist nicht bekannt, ob bereits an der U.S. Games-Version gearbeitet wurde oder ob eine dieser Ideen in der Probe 2000-Version des Spiels verwendet wurde. Obwohl Pursuit of the Pink Panther auf der CES im Juni 1983 stark beworben wurde, wurde es nie veröffentlicht, höchstwahrscheinlich weil der spezielle RAM/ROM-Chip, den NAP verwendete, um alle Grafik- und Gameplay-Elemente in das Spiel zu integrieren, nicht zuverlässig hergestellt werden konnte. Als die erste Charge Chips defekt vom Hersteller zurückkam, beschloss NAP, das Spiel abzubrechen, anstatt zu versuchen, eine neue Quelle für die Chips zu finden. Der damalige bröckelnde Spielemarkt war auch ein wichtiger Faktor für die Entscheidung, nicht weiterzumachen.
Pygmy (Europe)	Lock 'n' Chase ist ein Arcade-Spiel im Action-Stil, das Pac-Man ähnelt. Sie spielen einen Dieb, der in einem Labyrinth gefangen ist. Um das Labyrinth zu verlassen, müssen Sie alle Goldpunkte einsammeln, die sich im Labyrinth befinden. Ihre Aufgabe wird nicht einfach sein, denn im Tresorraum des Kofferraums befinden sich vier Polizisten, die ständig versuchen, Sie zu fangen! Während Sie durch das Labyrinth gehen, haben Sie die Möglichkeit, vorübergehend eine Tür zu schließen, um die Polizei aufzuhalten. Es können immer nur zwei Türen gleichzeitig geschlossen werden, alle geschlossenen Türen öffnen sich nach kurzer Zeit automatisch. Wenn das gesamte Gold im Labyrinth eingesammelt ist, wird der Ausgang zur Truhe geöffnet und Sie können entkommen und zum nächsten Safe weitergehen. Von Zeit zu Zeit erscheint im Labyrinth ein Bonusgegenstand wie ein Geldbeutel, eine Krone oder ein Koffer, den man einsammeln kann, um noch mehr Punkte zu sammeln.
Q-bert (USA)	Q*bert ist ein isometrisches Plattformspiel mit Puzzleelementen, bei dem der Spieler den Titelprotagonisten aus der Third-Person-Perspektive steuert. Q*bert beginnt jedes Spiel an der Spitze einer Würfelpyramide und bewegt sich, indem er diagonal von Würfel zu Würfel springt. Wenn Sie auf einem Würfel landen, ändert er seine Farbe, und wenn Sie jeden Würfel auf die Zielfarbe ändern, kann der Spieler zur nächsten Stufe übergehen.
Q-bert's Qubes (USA)	Q*Bert Qubes ist ein Plattformspiel, das auf dem Atari VCS 2600 veröffentlicht wurde. Der Held Q*Bert wird von riesigen Ratten und anderen Feinden gejagt: Um ihnen zu entkommen, kann er auf Blöcke springen, die ihre Farbe ändern Auswirkungen auf seine Verfolger.
Quadrun (USA)	Quadrun ist ein Einzelspieler-Actionspiel im Arcade-Stil. Planet Quad wurde überfallen und alle „Runts“ sind eingesperrt; Ihr Ziel ist es, sie zu retten! Der Bildschirm ist in vier Sektoren unterteilt (einer an jedem Bildschirmrand), wobei sich das Gefängnis in der Mitte befindet. Dein Charakter ist mit drei Phaserbällen ausgestattet; Auf dem Bildschirm sehen Sie, wie sich die Entführer vertikal auf und ab bewegen, und Sie müssen sie mit einem Phaserball treffen. Sobald er getroffen wird, wird der Fänger zerstört und einer der Zwerge kann entkommen. Die Runts kommen und gehen horizontal und du musst sie fangen, bevor sie die tödliche Wand am Rand des Bildschirms treffen.
Quest for Quintana Roo (USA)	Quest for Quintana Roo ist ein Arcade-Spiel, das auf dem Atari VCS 2600 veröffentlicht wurde. Sie spielen Sam, einen Entdecker, der in einem Tempel nach Schätzen sucht. Um es zu finden, müssen Sie Schlüssel und spezielle Gegenstände einsammeln, die von allen möglichen Feinden bewacht werden.
Quick Step (Europe)	In Quick Step treten ein Känguru und ein Eichhörnchen gegeneinander an, um durch Trampolinspringen Punkte zu sammeln. Der Bildschirm besteht aus einer Reihe von Trampolinen, die nach unten scrollen. Wenn Trampoline oben auf dem Bildschirm erscheinen, sind sie grau; Sobald es rosa wird, ist das Trampolin nun im Spiel. Jedes Mal, wenn ein Lebewesen auf ein Trampolin springt, ändert sich die Farbe in die Farbe des Lebewesens (grün für das Känguru oder blau für das Eichhörnchen). Wenn Sie auf einem rosa Trampolin springen, erhalten Sie 3 Punkte; Wenn ein Trampolin in Ihrer Farbe vom unteren Bildschirmrand fällt, erhalten Sie 6 Punkte (obwohl Sie also keine Punkte erhalten, wenn Sie auf die Farbe Ihres Gegners springen, sollten Sie versuchen, so viele Trampoline wie möglich in Ihrer Farbe zu bekommen, um zu verdienen Punkte, wenn sie den Boden erreichen).
Quick Step! (USA)	In Quick Step treten ein Känguru und ein Eichhörnchen gegeneinander an, um durch Trampolinspringen Punkte zu sammeln. Der Bildschirm besteht aus einer Reihe von Trampolinen, die nach unten scrollen. Wenn Trampoline oben auf dem Bildschirm erscheinen, sind sie grau; Sobald es rosa wird, ist das Trampolin nun im Spiel. Jedes Mal, wenn ein Lebewesen auf ein Trampolin springt, ändert sich die Farbe in die Farbe des Lebewesens (grün für das Känguru oder blau für das Eichhörnchen). Wenn Sie auf einem rosa Trampolin springen, erhalten Sie 3 Punkte; Wenn ein Trampolin in Ihrer Farbe vom unteren Bildschirmrand fällt, erhalten Sie 6 Punkte (obwohl Sie also keine Punkte erhalten, wenn Sie auf die Farbe Ihres Gegners springen, sollten Sie versuchen, so viele Trampoline wie möglich in Ihrer Farbe zu bekommen, um zu verdienen Punkte, wenn sie den Boden erreichen).
Racer (USA) (Proto)	Racer war ein Originalspiel, das von Roklan für Atari entwickelt wurde (eigentlich ihr erstes) und nicht auf einem bestehenden Arcade-Spiel basierte. Roklan war in den 80er Jahren ein bedeutender Drittentwickler von Spielen, allerdings veröffentlichte Roklan im Allgemeinen keine Spiele unter seinem eigenen Namen, sodass die meisten nie wussten, dass sie existierten. Racer war Roklans erster Titel für den Atari 2600 und daher ein eher einfaches Spiel. Der Spieler steuert ein Auto, das er über den Bildschirm manövrieren und dabei vermeiden muss, gegen die Wände zu stoßen. Der Bildschirm scrollt nach unten, sodass Sie sich ständig vorwärts bewegen. Daher gibt es weder einen Gasknopf noch einen Bremsknopf. Alles, was Sie tun können, ist, sich an den Wänden festzuhalten und ihnen auszuweichen! Zu Beginn des Spiels bewegen sich die Wände eher langsam. Tatsächlich ist es fast unmöglich, gegen eine Wand zu krachen, es sei denn, Sie versuchen es absichtlich. Allerdings wird das Spiel etwa alle 30 Sekunden schneller und die Mauern werden immer schneller, bis sie für jeden, der kein Jedi ist, unausweichlich werden. Dies geschieht normalerweise etwa bei der fünften Beschleunigung.
Racing Car (USA)	Steuern Sie Ihr Auto bei einem Rennen auf einer großen Autobahn. In „Racing Car“ beschleunigt der Spieler sein Auto, während er den anderen Fahrzeugen auf dieser großartigen Autobahn ausweicht. Seien Sie jedoch vorsichtig, da einige Autos möglicherweise sehr langsam fahren oder, schlimmer noch, auf Sie zukommen.
Racquetball (USA)	Racquetball auf dem Atari VCS 2600 ist ein Spiel, das auf der gleichnamigen Sportart basiert und auf halbem Weg zwischen Tennis und Squash liegt, sodass dieselben Regeln gelten. Die Besonderheit des Spiels besteht darin, dass es in 3D und nur im Mehrspielermodus ist.
Radar (USA)	In Cruise Missile steuern Sie zunächst ein Raumschiff über die Oberfläche und schießen dabei auf die Verteidigungstürme in Ihrem Weg. Die größeren Türme sind zu groß, um herumzufliegen, und sie müssen an der Stelle getroffen werden, an der sie abfeuern. Wenn Sie eine bestimmte Strecke zurückgelegt haben, finden Sie eine Öffnung zum unterirdischen Gang. Dort zerstörst du weiterhin die verschiedenen herumfliegenden Dinge.
Radar Lock (USA)	Die Sicherheit eines nahegelegenen Flugzeugträgers liegt in Ihren Händen. Sie sind das Ass einer Überschall-F-22, der neuesten und stärksten Luftlandewaffe, die jemals entwickelt wurde. Unten ist der Flugzeugträger und oben ist der Feind. Deine Freunde sind nirgends zu sehen und es liegt an dir, den Himmel von bösen Abfangjägern, Tarnkappenjägern und Bombern zu befreien. Ihr Flugzeug ist mit Lenkflugkörpern, Maschinengewehren, Annäherungsraketen und dem neuesten streng geheimen RADAR LOCK-Trackingsystem ausgestattet. Denken Sie daran, dass die Crew auf Sie zählt. Viel Glück, Pilot!
Raft Rider (USA)	In Raft Rider schweben Sie auf einem Floß aus Baumstämmen einen Fluss hinunter. Ihr Ziel ist es, das Floß so weit wie möglich flussabwärts zu steuern und dabei den vielen Hindernissen auszuweichen. Sie werden auf gefährliche Felsen, Bäume, Biber (die Bäume fällen und so noch mehr Hindernisse schaffen!) und sogar einen Elch stoßen, die Ihr Floß versenken können. Für jeden Flussabschnitt, den Sie befahren, erhalten Sie 125 Punkte. Zusätzliche Bonuspunkte können durch das Sammeln von Goldnuggets verdient werden, die Ihnen von Zeit zu Zeit im Fluss begegnen. Sie beginnen das Spiel mit drei Flößen (Bonusflöße können verdient werden) und das Spiel endet, wenn alle Flöße versenkt sind. Es stehen mehrere Schwierigkeitsgrade zur Verfügung, die die Geschwindigkeit der Strömung sowie die Geschwindigkeit von Biber und Elch steuern.
Raiders of the Lost Ark (USA)	Sie und Indiana Jones haben eine Mission: Finden Sie die Bundeslade. Um die Arche zu finden, müssen Sie durch das alte Ägypten reisen und den Hinweisen folgen, die zum Brunnen der Seelen führen. Benutzen Sie Indys Peitschen und Ihren eigenen Verstand, um der Gefahr zu entkommen – und achten Sie auf Schlangen.
Ram It (USA)	Du bist der Ramroid, du befindest dich auf einer Strecke in der Mitte des Bildschirms. Sie können nach links und rechts zielen, um zu schießen. Auf beiden Seiten befinden sich farbige Balken, die sich zufällig zur Mitte hin bewegen. Sie müssen an diesen Stangen ziehen, um sie vom Bildschirm weg zu bewegen, vorzugsweise vom Bildschirm. Wenn ein Balken zu blinken beginnt, handelt es sich um einen Bonusbalken. Wenn Sie darauf schießen, erhalten Sie zusätzliche Punkte und können ihn außerdem vollständig vom Bildschirm entfernen. Beachten Sie jedoch, dass die Leiste manchmal auf der gegenüberliegenden Seite des Bildschirms erneut angezeigt wird.
Rampage! (USA)	George, Lizzy und Ralph waren ganz normale Amerikaner, bis ein Experiment schief ging und sie in einen Gorilla, eine Echse bzw. einen Werwolf verwandelte. Daraufhin planen die drei, Gebäude zu zerstören, und bis zu 3 menschliche Spieler können mitmachen.Wenn Sie lange genug auf die Kanten der Gebäude einschlagen, stürzen diese ein. Die Polizei und das Militär sind hinter Ihnen her und werden auf Sie schießen, also versuchen Sie, sie zu zerstören (wenn das nicht gelingt, können Sie den Kugeln ausweichen). Sie müssen regelmäßig essen, mit Dingen wie Pflanzen im Angebot, um zu vermeiden, schrumpfen zurück zu sein menschlich.
Raumpatrouille (USA)	X'Mission ist ein Spiel mit verwirrender Grafik und alles andere als unterhaltsam. Es braucht Zeit, bis der Spieler es versteht. Aber wenn man erst einmal gelernt hat, wie das Spiel funktioniert, wird alles zu einfach. Der Spieler steuert eine Art fliegende Untertasse. Sein Hauptziel besteht darin, die Struktur zu erreichen, die sich in der Ecke des Bildschirms bewegt. Bei richtiger Berührung befestigt der Spieler sein Schiff an der Struktur und bringt es in das nächste Level. In der Mitte des Weges trifft der Spieler auf verschiedene Feinde, die je nach Wunsch des Spielers nach mehr Punkten zerstört werden können oder nicht.
Reactor (USA)	Du steuerst ein Raumschiff in einem Kernreaktor, dessen Schmelzen du verhindern willst! Der Reaktorkern in der Mitte des Bildschirms ist von einer tödlichen Wand umgeben. Positronen, Neutrinos und Photonen rasen durch den verfügbaren Raum und versuchen, Ihr Schiff gegen die Wand zu stoßen.
RealSports Baseball (USA) (NTSC)	Dies ist bis auf einige Ausnahmen regulärer Basketball. Es gibt keine Dreipunktewürfe, keine Foul-Line-Schüsse, keine Auszeiten, keine Strafen, keine Wurfuhr und weder der Spieler noch der Ball dürfen ins Aus gehen. Sie steuern zwei Spieler gleichzeitig. Du spielst Bälle untereinander, indem du den Knopf drückst und den Joystick in Richtung des anderen Spielers schiebst. Sie schießen auf die gleiche Weise, drücken jedoch den Joystick in Richtung Korb. Um den Ball zu stehlen, berühren Sie einfach den gegnerischen Spieler, der den Ball hat. Versuchen Sie einfach, mehr Körbe als Ihre Gegner zu erzielen, bevor die Zeit abläuft. Jedes Spiel ist in vier Viertel unterteilt. Nachdem alle vier Viertel gespielt sind, ist das Spiel vorbei.
RealSports Basketball (Europe) (Proto)	Dies ist bis auf einige Ausnahmen regulärer Basketball. Es gibt keine Dreipunktewürfe, keine Foul-Line-Schüsse, keine Auszeiten, keine Strafen, keine Wurfuhr und weder der Spieler noch der Ball dürfen ins Aus gehen. Sie steuern zwei Spieler gleichzeitig. Du spielst Bälle untereinander, indem du den Knopf drückst und den Joystick in Richtung des anderen Spielers schiebst. Sie schießen auf die gleiche Weise, drücken jedoch den Joystick in Richtung Korb. Um den Ball zu stehlen, berühren Sie einfach den gegnerischen Spieler, der den Ball hat. Versuchen Sie einfach, mehr Körbe als Ihre Gegner zu erzielen, bevor die Zeit abläuft. Jedes Spiel ist in vier Viertel unterteilt. Nachdem alle vier Viertel gespielt sind, ist das Spiel vorbei.
RealSports Boxing (USA, Europe) (En,Fr,De,Es,It)	Später im Leben von Ataris branchenprägender 2600-Konsole veröffentlicht, versetzt RealSports Boxing den Spieler in die Rolle eines aufstrebenden Boxers. Betreten Sie den quadratischen Kreis, um gegen einen Freund oder einen computergesteuerten Gegner anzutreten. Wirf schnelle Jabs und harte Körperschläge, bis nur noch ein Mann übrig ist. Achten Sie auf die brutale Technik von Lefty O'Leary. Hüte dich vor Jabbin' Jacks Blitzschnelligkeit. Die Spieler kämpfen sich die Leiter hinauf, wobei jeder Sieg zu einem herausfordernderen Gegner führt, bis ihr Boxer es an die Spitze schafft. Bewährte Faustkämpfer können dann die begehrte Meisterschaft gegen eine Menge erbitterter Konkurrenten verteidigen.
RealSports Football (USA, Europe) (En,Fr,De,Es,It)	RealSports Football ist eine Fußballsimulation für einen oder zwei Spieler, die auf einem seitlich scrollenden Feld mit fünf Spielern in jeder Mannschaft gespielt wird. Wie im echten Fußball geht es darum, durch die Kombination von Pass- und Laufspielen ein Spielfeld von 100 Metern abzudecken.
RealSports Soccer (USA, Europe) (En,Fr,De,Es,It)	Das Spiel wird aus einem schrägen Blickwinkel auf das Feld gespielt, das scrollt, um der Aktion zu folgen. Wenn Ihr Team den Ball hat, steuern Sie den Spieler, der gerade den Ball dribbelt, ansonsten können Sie einen beliebigen Spieler gleichzeitig steuern, während der Computer den Rest Ihres Teams steuert. Für jedes Spiel sind verschiedene Zeitlängen wählbar, man kann den Ball tief, mittel oder hoch treten, es gibt Einwürfe, Eckbälle, Abstöße. Beim Spielen gegen den Computer stehen verschiedene Schwierigkeitsstufen zur Verfügung.
RealSports Tennis (USA, Europe) (En,Fr,De,Es,It)	Realsports Tennis ist ein Tennisspiel für zwei Spieler oder einen Spieler gegen den Computer. Das Spiel folgt den Standard-Tennisregeln und ermöglicht es Ihnen, Vorhand- oder Rückhandschläge in alle Bereiche des Platzes sowie Aufschläge und Lobs zu treffen. Sie können ein Einzel- oder Doppelspiel spielen, und mehrere Schwierigkeitsstufen sind enthalten.
RealSports Volleyball (USA, Europe) (En,Fr,De,Es,It)	Volleyball ist ein Actionspiel, das von einem oder zwei Spielern gespielt werden kann. Das Spiel folgt traditionellen Volleyballregeln; Das erste Team, das 15 Punkte erzielt, gewinnt! Du kontrollierst beide Spieler im Team, die die Fähigkeit haben, zu dienen, zu setzen, zu spitzen und zu blocken. Es sind mehrere Spielvarianten enthalten; zwei Spielschwierigkeiten und zwei Spielergeschwindigkeiten. In der einfacheren Version des Spiels wird der Ball automatisch über das Netz zurückgeschickt, wenn er getroffen wird. In der erweiterten Version des Spiels können Sie den Ball auch zwischen Mitspielern platzieren. In jeder Version des Spiels mit entweder einem oder zwei Spielern kann die Geschwindigkeit, mit der die Spieler laufen, auf schnell oder langsam eingestellt werden, um eine zusätzliche Herausforderung zu schaffen oder ein Team zu behindern.
Red Sea Crossing (USA)	Red Sea Crossing ist ein christliches Videospiel für den Atari 2600, das 1983 von Steve Slack bei Inspirational Video Concepts entwickelt wurde. Von dem Spiel sind nur zwei Exemplare bekannt, was es zu einem der seltensten existierenden Videospiele macht. Das Spiel beginnt damit, dass Moses das Rote Meer teilt, mit dem Ziel, die Sinai-Halbinsel zu erreichen. Der Spieler schlüpft in die Rolle von Moses und versucht dann, verschiedenen Unterwasserhindernissen wie Algen und Riesenmuscheln auszuweichen und die Ägypter zu verfolgen. Das Gameplay ist ein Side-Scrolling-Plattformer, bei dem der Spieler als Moses über Hindernisse springt, um eine höhere Punktzahl zu erzielen, die in schwarzer Schrift am unteren Bildschirmrand angezeigt wird. Wenn es getötet wird, schließt sich das Rote Meer und kehrt in seinen ursprünglichen Zustand zurück. Das Spiel wurde 1983 unabhängig veröffentlicht und ausschließlich über Anzeigen in Christianity Today verkauft. Der Anzeige zufolge wurde das Spiel von einem Malbuch und einer erklärenden Audiokassette begleitet, die von Dale Evans Rogers erzählt wurde.
Rescue Terra I (USA)	Terra I versorgt die Erde mit Zenbar-Kristallen, mit denen sie 72 % ihrer Energie an die Erde liefert. Normalerweise steuert ein Computer die Verteidigungssysteme, aber er scheint sabotiert worden zu sein. Weltraumpiraten sind in der Gegend und Abfangroboter arbeiten gegen uns. Ihr Befehl lautet, Ihre F-117 Starwarrior in Richtung Terra I zu fliegen und alles zu zerstören, was Ihnen Schaden zufügen möchte.
Revenge of the Beefsteak Tomatoes (USA)	Über den Tomatenpflanzen müssen Sie drei Mauern errichten. Sie müssen auch den Tomatenbomben ausweichen, die von den Tomatenpflanzen abgefeuert werden, auf die Ranken schießen, die an irgendeinem Teil der Wand wachsen, auf die Kirschtomaten schießen (oder ihren Schüssen einfach ausweichen) und auf die Fleischtomaten schießen oder ihnen ausweichen.
Riddle of the Sphinx (USA)	Als Sohn des Pharaos liegt es an dem Spieler, den Fluch von Anubis, dem Gott der Toten, aufzuheben, indem er den Tempel von Ra erreicht und das Rätsel der Sphinx löst.
River Patrol (USA)	Sie sind der Kapitän eines Bootes, das den Fluss hinauffährt, während Sie versuchen, ertrinkende Menschen zu retten, die in einem von neun Flüssen umgekommen sind. Sie müssen Ihr Boot entlang des Flusses führen, ohne das Ufer, Steine, Treibholz, andere Boote oder TNT zu berühren, da Sie dadurch sofort versinken.
River Raid (USA)	River Raid ist ein vertikal scrollendes Actionspiel. Sie fliegen einen Jet einen Fluss hinauf und versuchen, Brücken zu zerstören, die für den Feind lebenswichtig sind. Der Fluss ist jedoch schwer bewacht, mit Ballons, Schiffe, Hubschrauber und feindliche Flugzeuge versuchen, Sie zu stoppen. Unterwegs müssen Sie Tankstellen überfliegen, um Ihren Jet aufzutanken und weiterzufliegen. Das Flugzeug ist mit einer Kanone mit unbegrenzter Munition bewaffnet. Mit ihr können Sie feindliche Fahrzeuge und Brücken zerstören, aber ein unvorsichtiger Spieler kann versehentlich eine Tankstelle zerstören. Die Kollision mit den Flussufern oder mit dem feindlichen Flugzeug zerstört Ihr Flugzeug und lässt Sie ein Leben verlieren.
River Raid II (USA)	Sie sind der Pilot eines F-14-Angriffsflugzeugs, dem die gefährliche Mission übertragen wurde, eine feindliche Brücke auf einem streng bewachten Fluss zu zerstören. In River Raid II ähnelt das Gameplay dem ursprünglichen River Raid, jedoch mit einigen Ergänzungen. Bei jeder Mission starten Sie auf einem Flugzeugträger. Nach einem erfolgreichen Start müssen Sie den feindlichen Streitkräften über dem Meer entkommen, die den Flusseingang bewachen. Stellen Sie sicher, dass Sie reichlich Treibstoff aus den Versorgungsdüsen sammeln, denn sobald Sie den Fluss erreichen, wird der Treibstoff knapp! Dann müssen Sie den tückischen Flusskanal hinaufsteigen, bis Sie schließlich die Brücke erreichen und hoffentlich zerstören.
Road Runner (USA)	Sie spielen den Road Runner. Sie müssen entlang der Straße laufen und dabei LKWs, Landminen, fallenden Steinen usw. ausweichen und dürfen sich nicht von Wile E. Coyote fangen lassen. Auf dem Weg müssen Sie auch Vogelfutter essen, sonst werden Sie schwächer und Wile E. erwischt Sie. Sie erhalten Punkte für das Essen von Vogelfutter und dafür, dass Wile E. von Lastwagen, herabfallenden Steinen usw. getroffen wird. Die Amstrad CPC-, Commodore 64- und ZX Spectrum-Versionen sind nur für einen Spieler. Die Atari 2600-Version ist für einen oder zwei Spieler, abwechselnd. Die Atari 2600-Version hat noch einen weiteren Unterschied: Sie MÜSSEN das Vogelfutter nicht essen, aber Sie können es für die Punkte. Dies kann an den Programmiereinschränkungen auf dem Atari 2600 gelegen haben.
Robin Hood (USA)	Robin Hood ist ein Actionspiel, in dem Sie Maid Marian retten müssen, die vom Sheriff von Nottingham in einem Schloss festgehalten wird (und nebenbei noch etwas Gold stehlen müssen, um es den Armen zu geben)! Das Gameplay findet auf mehreren verschiedenen Bildschirmen mit unterschiedlichen Zielen statt. Zuerst müssen Sie sich durch den Sherwood Forest bewegen. Hier verstecken sich zahlreiche Handlanger, also schießen Sie mit Ihren Pfeilen auf sie. Der nächste Abschnitt, der im Wald überlebt, findet außerhalb der Burg statt; Natürlich bewachen mehrere Handlanger das Burgtor. Während Sie den Pfeilen ausweichen, müssen Sie den Handlanger oft genug erschießen, um das Tor zu öffnen.
Robot Tank (USA)	Viele feindliche Panzer durchqueren das Land und zerstören alles, was ihnen in den Weg kommt! Ihre Aufgabe ist es, einem Roboterpanzer zu befehlen, sie aufzuhalten. Robot Tank ist ein Actionspiel im Arcade-Stil aus der Ego-Perspektive. Es gilt zwölf Panzergeschwader zu zerstören, von denen jede zwölf Panzer enthält. Jedes Mal, wenn Sie ein komplettes Geschwader zerstören, erhalten Sie einen zusätzlichen Reservepanzer, bevor Sie zum nächsten, schwierigeren Geschwader übergehen. Das Spiel findet rund um die Uhr statt; Das Gameplay wechselt vom frühen Morgen über den Nachmittag bis in die späte Nacht. Neben einem ständigen Wechsel der Tageszeit kann sich auch das Wetter unerwartet ändern. Gelegentlich treten Schnee, Regen und Nebel auf, was es schwieriger macht, Ihre Ziele zu erkennen. Glücklicherweise ist Ihr Panzer mit einem Radar ausgestattet, das Ihnen hilft, den Feind bei schlechter Sicht zu lokalisieren. Wenn Ihr Panzer Schaden nimmt, verlieren Sie bestimmte Fähigkeiten wie Geschwindigkeit, Radar oder Ihre Waffen. Wenn Ihr Panzer zu viel Schaden erleidet, wird er zerstört; Das Spiel endet, wenn alle Ihre Reservepanzer aufgebraucht sind.
Roc 'n Rope (USA)	In Roc 'N Rope auf Atari VCS 2600 schlüpfen Sie in die Rolle eines Kletterers bei verschiedenen Montagen. Ziel ist es, so schnell wie möglich den Gipfel zu erreichen, ohne von Hindernissen getroffen zu werden oder zu fallen.
Rocky & Bullwinkle (USA) (Proto)	Im Katalogeintrag heißt es: „Rocky und Bullwinkle müssen die bösen Boris und Natasha davon abhalten, einen Zug voller unschätzbarer Wertsachen auszurauben. Während Boris die Wertsachen mithilfe von „Upsidasium“ zu Natashas wartendem Hubschrauber schweben lässt, muss Rocky herumfliegen und sie abfangen.“ Als Rocky die Wertsachen erbeutet, gibt er sie Bullwinkle zur sicheren Aufbewahrung.“ Jetzt weiß ich, dass die Show die meiste Zeit nicht wirklich Sinn ergab, aber was zum Teufel haben die Jungs von Mattel geraucht, als sie sich diese Handlung ausgedacht haben?
Room of Doom (USA)	Du bist in einem Raum mit einem Monster gefangen. Als ob das nicht genug wäre, gibt es außerhalb des Raums Schützen, die auf Sie schießen, wenn sich die Portale öffnen. Um voranzukommen, müssen Sie den Schützen erschießen, wenn die Portale geöffnet sind. Du kannst auf das Monster schießen, aber es wird nur betäubt und wenn du zu lange im selben Raum bleibst, wird das Monster immun gegen deine Waffe. Es gibt 64 Variationen des Spiels. In einigen schießen die Schützen nur in einer geraden Linie, andere zielen, wo immer Sie sind, andere sind langsam, andere schnell, bei anderen sind alle Portale gleichzeitig geöffnet. Zeit und bleiben offen , andere verschiedene Portale öffnen und schließen sich.
Rubik's Cube (USA)	Helfen Sie Marvin, dem Würfelmeister, den magischen Zauberwürfel zu lösen. Er nimmt auf Ihren Befehl Farben auf und lässt sie fallen – und Sie haben Milliarden möglicher Kombinationen! Rubik's Cube ist ein rasanter Spaß für die ganze Familie.
Rubik's Cube 3-D (USA) (Proto)	Helfen Sie Marvin, dem Würfelmeister, den magischen Zauberwürfel zu lösen. Er nimmt auf Ihren Befehl Farben auf und lässt sie fallen – und Sie haben Milliarden möglicher Kombinationen! Rubik's Cube ist ein rasanter Spaß für die ganze Familie.
Rush Hour (USA) (Proto)	Es ist Hauptverkehrszeit und Sie haben es eilig, aber es gibt einen großen Stau. Sie rasen über eine fünfspurige Autobahn, steuern ein mit Waffen ausgerüstetes Auto und haben die Mission, bestimmte Trägerfahrzeuge zu zerstören, die Staus verursachen. Um Ihr Ziel zu erreichen, müssen Sie sich mit hoher Geschwindigkeit durch den Verkehr schlängeln und langsam fahrende Autos auf Ihrem Weg in die Luft jagen. Unterwegs müssen Sie auch Hindernissen wie zerstörten Autos, Barrikaden, Nägeln und Ölteppichen auf der Straße ausweichen. Ein Radar verfolgt den Feind und warnt vor drohender Gefahr. Kollisionen mit anderen Fahrzeugen und Gegenständen führen zu Schäden an Ihrem Fahrzeug und zu Fehlfunktionen. Das Auto wird sich im Laufe der Zeit langsam selbst reparieren, oder Sie können für eine schnelle Reparatur anhalten, aber Sie können Ihr Ziel entkommen lassen, wenn Sie zu lange brauchen. Sie haben nur ein Auto und das Spiel ist vorbei, wenn dieses Auto verloren geht.
S.A.C. Alert (USA) (Proto)	S.A.C. Alert (S.A.C. steht für Strategic Air Command) ist der vollständigste der fünf aufgetauchten Amiga-Prototypen, leider ist er auch am uninteressantesten, da er dem M-Network-Spiel Air Raiders ziemlich ähnlich ist. Nachdem Sie „Auswählen“ gedrückt haben, um zwischen einer Boden- oder einer Seemission zu wählen (der einzige Unterschied besteht in der Farbe des „Bodens“ und der Art der Feinde, denen Sie begegnen), wird Ihnen gezeigt, wie Sie auf der wohl kürzesten Landebahn in der Geschichte der Videospiele starten . Sobald Sie in der Luft sind, müssen Sie sowohl auf Luft- als auch auf Boden-/Seeziele schießen. Natürlich werden die feindlichen Ziele auf Sie zurückschießen, daher müssen Sie auch den ankommenden Kugeln ausweichen.
Saboteur (USA) (Proto) (1983-09-02)	Du bist Hotot, eine kybernetische Lebensform von einem ruhigen Planeten in einer fernen Galaxie. Leider ist selbst in einer weit entfernten Galaxie nicht alles so friedlich, wie es scheint, da Hotot auf seinem Planeten eine versteckte außerirdische Raketenbasis entdeckt hat. Diese bösen Eindringlinge, die von seltsamen blauen Außerirdischen bewohnt werden, nutzen Ihren Planeten als Startplatz für ihren tödlichen Sprengkopf, der die Energiequelle der Galaxie zerstören soll. Mit Hilfe des Gorfons-Vogels müssen Sie den Sprengkopf zerstören und die Zerstörung der Galaxie verhindern! Viel Glück, Hotot. Du bist der Saboteur. Auf dem ersten Bildschirm versuchen Sie, die Qotile-Bauroboter und Yar-Sklaven daran zu hindern, eine Rakete fertigzustellen. Die Gorfrons helfen Ihnen. Während die Qotile-Bauroboter und Yar-Sklaven die Rakete bauen, stehlen die Gorfrons Teile, um sie abzusenken. Hüten Sie sich vor dem Robotermeister auf dem oberen Laufsteg, denn er wird versuchen, Sie und die Gorfrons zu erschießen, um Ihr Eingreifen zu verhindern. Nachdem Sie die Raketenbaustelle fertiggestellt haben, können Sie mit dem Zusammenbau der Sprengköpfe fortfahren.
Save Mary! (USA) (Proto)	Rette Maria! war einer dieser 2600 Revival-Titel, die hätten veröffentlicht werden sollen, ging aber letztendlich verloren, als Atari 1990 seinen Atari 2600-Betrieb einstellte. Save Mary! war möglicherweise länger in der Entwicklung als jedes andere Atari 2600-Spiel (einigen Quellen zufolge über zwei Jahre). Ein Grund dafür war, dass das Atari-Management ständig Änderungen an einem bereits komplexen Spiel vornahm, aber ein weiterer Grund für den langen Entwicklungszyklus war, dass der Programmierer Tod Frye (bekannt durch Pac-Man) zu diesem Zeitpunkt möglicherweise nur Teilzeit für Atari gearbeitet hat und dies auch tat arbeitet auch an einem weiteren unveröffentlichten 2600-Spiel Shooting Arcade. Egal was die Gründe waren, es ist eine Schande, Save Mary! wurde nie veröffentlicht, da es ein unterhaltsames und äußerst originelles Spiel ist.
Save Our Ship (USA)	Sie sind der Kapitän eines Großkampfschiffs, das auf dem spanischen Main segelt. Plötzlich werden Sie von Horden unerbittlicher Piraten angegriffen. Dutzende von ihnen tummeln sich an Bord und nur Sie, mit Ihrem treuen Entermesser, können unser Schiff retten!
Save the Whales (USA) (Proto)	Während der SEAL mit einem Haufen schwimmender Eisblöcke im streng kalten arktischen Ozean nach Kristallen sucht, kommt ein Schwarm WALE umher und wartet auf einen günstigen Moment, um den schwachen und schüchternen SEAL zu betrüben. Jetzt müssen Sie dem SEAL helfen, die Eisblöcke zu schieben und versuchen, die Eisblöcke zu schieben und die Wale zu Tode zu zerquetschen, damit der SEAL alle drei Kristalle finden und in einer Reihe anordnen kann. Können Sie dem SEAL helfen? Das Ergebnis hängt von Ihnen ab!
SCRMNN (USA) (Proto)	Die Identität dieses mysteriösen Activision-Prototyps wurde 1998 von Ben Liashenko auf einem Schrottplatz gefunden. Die Identität dieses mysteriösen Activision-Prototyps blieb den Sammlern jahrelang verborgen. Dieser Prototyp spielt sich wie eine Mischung aus einem Zauberwürfel und dem alten Schiebepuzzlespiel. Ziel des Spiels ist es, alle Farben in jeder Reihe von hell nach dunkel anzuordnen. Wenn Sie es richtig gemacht haben, sollte das Board wie der Startbildschirm aussehen, wobei die Farben von Rot nach Lila wechseln. Aufgrund der einzigartigen Art und Weise, wie sich die Quadrate über das Spielbrett bewegen, ist es jedoch leichter gesagt als getan, alle Farben aneinanderzureihen.
Sea Battle (USA)	Sea Battle ist ein Strategiespiel nur für zwei Spieler. Jeder Spieler kontrolliert eine Flotte von Schiffen, darunter U-Boote, Zerstörer und Schlachtschiffe. Das Ziel besteht darin, feindliche Schiffe anzugreifen und zu versenken. Sieger ist der Spieler, der das Truppentransportschiff in den gegnerischen Hafen steuert. Es gibt zwei Phasen in Sea Battle; die Strategiephase und die Kampfphase. Die Strategiephase umfasst das Manövrieren Ihrer Flotte in verschiedene strategische Positionen auf der Karte, das Legen von Minen und die Reparatur von Flotten. In der Kampfphase liefern sich die Gegner einen Schiff-zu-Schiff-Krieg, der durch die ENGAGE-Taste ausgelöst wird. Jeder der verschiedenen Schiffstypen hat seine eigenen Stärken und Schwächen, wie etwa Waffenreichweite und Manövrierfähigkeit.
Sea Hawk (USA)	In diesem militärischen Gefecht kommandierst du das Kampfflugzeug Sea Hawk! Ihre Mission besteht darin, feindliche Hubschrauber und Schiffe zu zerstören, die das Kampfgebiet passieren. Aber Vorsicht ! Feindliche Schiffe greifen Ihren Sea Hawk mit See-Luft-Raketen an, die Sie überraschen können. Und feindliche Hubschrauber schicken Ihnen einen ständigen Strom von Maschinengewehrfeuer. Der Sieg hängt von Ihrer ruhigen Hand und Ihrem schnellen Denken ab. Wenn Ihr Sea Hawk getroffen wird, springt Ihr Pilot mit dem Fallschirm ab. Aber es liegt an Ihnen, ihn zu retten, indem Sie ihn zu einem Ihrer Schiffe führen. Wenn er im Meer oder auf einem feindlichen Schiff landet, stirbt er.
Sea Hunt ~ Scuba Diver (USA)	Du tauchst nach Schätzen in gefährlichen Gewässern voller menschenfressender Fische und bösartiger Seeungeheuer! Sie müssen darauf achten, den richtigen Zeitpunkt für den Sprung ins Wasser zu wählen, da Sie sich beim Tauchen nicht verteidigen können.
Sea Monster (USA)	In Sea Monster steuerst du ein Schiff auf offener See. Unter den Wellen tummeln sich zahlreiche Seeungeheuer, von denen viele dein Schiff angreifen! Ihr Schiff befindet sich oben auf dem Bildschirm und Ihr Ziel ist es, so viele Punkte wie möglich zu sammeln, indem Sie die verschiedenen Seeungeheuer abschießen, die in der Nähe schwimmen. Je tiefer das Monster im Ozean ist, desto mehr Punkte ist es wert. Das Spiel endet, wenn alle Ihre Schiffe zerstört wurden. Das Spiel ist für einen oder zwei Spieler gedacht und es stehen mehrere Spielvarianten zur Verfügung, um Geschwindigkeit und Schwierigkeitsgrad zu steuern.
Seaquest (USA)	Ihre Taucher sind im Meer und sammeln Schätze. Nachdem sie nun gefunden haben, wonach sie suchen, müssen Sie ein U-Boot steuern und sie sicher an die Oberfläche zurückbringen!
Seaquest - International Edition (Europe)	Ihre Taucher sind im Meer und sammeln Schätze. Nachdem sie nun gefunden haben, wonach sie suchen, müssen Sie ein U-Boot steuern und sie sicher an die Oberfläche zurückbringen!
Secret Agent (USA) (Proto)	Sie haben dir eine Nummer gegeben und deinen Namen weggenommen – „Secret Agent Man“ von Johnny Rivers. Sie, der Geheimagent, müssen die herunterfallenden Agentengegenstände wie US-Dokumente, Geldkoffer und Geldsäcke auffangen und gleichzeitig unerwünschte Gegenstände wie Insekten, Granaten und Waffen meiden. Nach einiger Zeit ertönt ein Ton. Dies ist der Zeitpunkt, an dem die Boote auf dem Wasser unter Ihnen aufhören, sich zu bewegen, und Sie über sie steigen und „die Hand wegmachen“ müssen. Seien Sie jedoch vorsichtig, denn die Boote haben zwar aufgehört, sich zu bewegen, die herabfallenden Gegenstände jedoch nicht. Bei Spielen zu zweit wechseln sich die Spieler ab.
Secret Quest (USA)	Seaquest ist ein Simulationsvideospiel, das von Steve Cartwright entwickelt und 1983 von Activision für den Atari 26002 veröffentlicht wurde. Der Spieler übernimmt das Kommando über ein U-Boot, dessen Aufgabe es ist, Taucher zu bergen, die den Meeresboden auf der Suche nach Schätzen erkunden. Zur Erfüllung seiner Mission muss das U-Boot regelmäßig auftauchen, um die Taucher wieder ins Freie zu bringen und seine Sauerstoffvorräte zu erneuern. Er muss sich auch Haien stellen, die versuchen, die Taucher zu fressen, und feindlichen U-Booten, die Torpedos einsetzen, um ihn zu zerstören, und die ein Schlachtschiff herbeirufen können, um zu verhindern, dass das U-Boot des Spielers auftaucht.
See Saw (Europe)	Als Zirkusclown musst du versuchen, so viele Ballons wie möglich zu fangen, ohne aus der Wackelpartie zu stürzen. Wenn Sie gut zielen, springen Sie zurück und haben eine weitere Chance, Ballons zu ergattern.
Sentinel (USA)	Sentinel ist ein Schießspiel, das auf dem Atari VCS 2600 veröffentlicht wurde. An Bord eines Raumschiffs müssen Sie den Sentinel, einen kleinen Energieball, der von Außerirdischen überfallene Welten versorgt, gegen alle Arten von Weltraumfeinden verteidigen.
Shootin' Gallery (USA)	Shootin' Gallery ist ein ähnlicher Shooter aus Segas Carnival. Sie steuern eine Waffe am unteren Bildschirmrand, während sich verschiedene Arten von Zielen nach links und rechts darüber bewegen. Mit einer begrenzten Munitionsmenge müssen Sie durch das Schießen auf Ziele (Züge, Schnecken, Frösche, Kängurus, Affen usw.) so viele Punkte wie möglich sammeln.
Shooting Arcade (USA) (Proto)	Shooting Arcade ist eines von nur zwei 2600-Spielen, die die Light Gun verwenden (Sentinel war das andere), wurde aber nie veröffentlicht. Das ist schade, denn Shooting Arcade ist ein kreatives Zielschießspiel ähnlich der Point Blank-Reihe und wäre unter den 2.600 Spielen einzigartig gewesen. Interessanterweise scheint Shooting Arcade nicht in den USA, sondern in Mexiko von einer Firma namens Heuristica entwickelt worden zu sein. Es ist nicht bekannt, wie Axlon daran beteiligt war, aber möglicherweise haben sie das Spiel einfach an Heuristica ausgelagert, anstatt es selbst zu machen.
Shuttle Orbiter (USA)	Sie müssen zehn Münzen von einer Fabrik im Orbit zu einer unvollständigen Raumstation bringen. Leider ist ein Komet in der Nähe der Erde vorbeigezogen und hat ein Feld aus Weltraumschrott hinterlassen, dem Sie ausweichen müssen. Nach dem Start sehen Sie die Erde umkreist, aber vier farbige Punkte. Unten werden die verstrichene Zeit, der verbleibende Kraftstoff und vier Anzeigebalken angezeigt. Diese Balken stellen die Höhen Ihrer Umlaufbahn dar und ihre Farben entsprechen den Farben der Punkte im Orbit: Weiß für das Shuttle, Gold für die Station, Rot für die Fabrik im Orbit und Grün für das Treibstoffdepot.
Sinistar (USA) (Proto)	Ein noch nie dagewesener Prototyp des klassischen Arcade-Titels. Der Spieler steuert ein isoliertes Raumschiff und muss „Sinibomben“ erschaffen, indem er auf treibende Planetoiden schießt und die freigesetzten Kristalle fängt. Sinibomben werden benötigt, um den Boss des Spiels, Sinistar, zu besiegen, ein animiertes Raumschiff mit einem dämonischen Totenkopfgesicht. Sinistar existiert zu Beginn des Spiels noch nicht und wird ständig von feindlichen Arbeitsschiffen gebaut. Obwohl die Zeit entscheidend ist, führt ein zu schneller Schürfversuch dazu, dass ein Planetoid zerstört wird, ohne dass Kristalle freigesetzt werden. Gleichzeitig sammeln feindliche Arbeiterschiffe auch Kristalle (oft indem sie sie dem Spieler stehlen), die sie zum Bau des Sinistar verwenden. In der Zwischenzeit können feindliche Kriegsschiffe das Schiff des Spielers auch direkt angreifen. Der Spieler hat einen Vorsprung, bevor feindliche Schiffe über genügend Kristalle verfügen, um mit dem Bau zu beginnen. Das Spiel endet, wenn alle Schiffe des Spielers zerstört sind.
Sir Lancelot (USA)	Eine Jungfrau in Not wird von einem feuerspeienden Drachen in einem Schloss festgehalten! Wie Sir Lancelot müssen Sie zur Rettung auf Ihrem geflügelten Pferd Pegasus reiten. Jedes Level dieses Actionspiels besteht aus zwei Bildschirmen. Zuerst befinden Sie sich außerhalb der Burg, die von vielen fliegenden Kreaturen bewacht wird. Sie müssen über den Bildschirm fliegen und alle Kreaturen zerstören, indem Sie sie mit Ihrem Speer treffen (seien Sie vorsichtig, wenn sie stattdessen Sie treffen, verlieren Sie ein Leben). Nachdem alle Kreaturen verschwunden sind, betrittst du den zweiten Bildschirm, der sich im Inneren des Schlosses befindet. Hier gibt es eine große Lavagrube und einen fliegenden Drachen. Um den Drachen zu vernichten, musst du mit deinem Speer auf seinen Bauch treffen. Wenn Sie von einem der Feuerbälle des Drachen getroffen werden, werden Sie vorübergehend betäubt und können nicht fliegen. Wenn Sie in die Lava fallen, verlieren Sie ein Leben. Wenn Sie den Drachen besiegen können, wiederholt sich das Spiel auf einem höheren Schwierigkeitsgrad. Das Spiel endet, wenn Sie alle Ihre Leben verlieren.
Six Pack (USA) (Proto)	Glauben Sie mir, wenn ich sage, dass dieser Prototyp ein völliges Rätsel ist. Kein Programmierer, keine Modellnummer und nur eine Vermutung über die Firma. Wir kennen nicht einmal den Namen des Spiels. Über die Identität dieses Prototyps wissen wir nur den Namen Universal, der per Siebdruck auf die EPROM-Platine gedruckt ist. Wir spekulieren nun, dass es sich hierbei um ein TCF-Spiel handeln könnte, da kürzlich in einem TCF-Prototyp ein weiteres Board im Universal-Stil gefunden wurde. Wenn es sich tatsächlich um ein TCF-Spiel handelt, dann handelt es sich möglicherweise um das mysteriöse Six Pack, das in frühen Handbüchern erwähnt wurde (basierend auf dem gleichnamigen Rennfilm), der Drag-Racing-Aspekt passt jedoch eher zum TCF-Film Heart Like A Wheel (Pat (Wenn Sie sich tatsächlich an den Film erinnern, schreiben Sie bitte auf die Rückseite). Der einzige Fehler an dieser Theorie besteht darin, dass für diesen Film nie ein Spiel angekündigt wurde.
Skate Boardin' (USA)	In diesem Spiel haben Sie fünf Minuten Zeit, um von der Vordertreppe Ihres Hauses zur Vordertreppe der Schule zu gelangen. Sie müssen durch dieses Labyrinth und 30 Röhren und Rampen gehen UND zur Schule gelangen. Sie beginnen auf Ihrer Veranda. Um auf das Spielbrett zu gelangen, bewegen Sie sich nach links oder rechts und drücken Sie während der Bewegung den Feuerknopf. Wenn Sie sich auf Ihrem Board befinden, tippen Sie einfach auf die Richtung, in die Sie fahren möchten. Drücken Sie den Feuerknopf, um zu springen, und halten Sie den Feuerknopf gedrückt, um zu springen und in der Hocke zu landen. Sie werden auch Geländer, Mauern und Hecken sehen, aber Sie müssen ihnen aus dem Weg gehen, da Sie dadurch stürzen können.
Skeet Shoot (USA)	Bei Skeet Shoot auf Atari VCS 2600 müssen Sie durch das Schießen von Scheiben so viele Punkte wie möglich sammeln. Durch das Prinzip der Kugelfalle können Sie zu zweit oder allein in verschiedenen Spielmodi spielen.
Ski Hunt (Europe)	Ski. Schießen. Wiederholen.
Ski Run (USA)	Wenn Sie Ski Run einschalten, werden Sie von einem unangenehmen Geräuschgewirr bombardiert. Nicht der beste erste Eindruck! Ihr Ziel ist es, einen streng definierten Bergkurs hinunterzufahren, der von Orangenbäumen, Felsen und Schneemännern gesäumt ist. Ihr Skifahrer wird farbig dargestellt und nutzt sogar seine Stöcke, um sich von einer Seite auf die andere zu drehen. Mir gefällt auch, wie die Berge in der Ferne langsam steigen und fallen. Sie können Ihre Geschwindigkeit anpassen, während Sie über den vertikal scrollenden Bildschirm nach unten gleiten und dabei Bäumen, Felsen, verspielten Hirschen, Luchsen und tanzenden Bären ausweichen.
Skiing (USA)	Skifahren für Atari VCS 2600 ist ein von Activision entwickeltes Sportspiel. Das Ziel dieses Spiels ist es, mit Skiern einen Berg hinunterzufahren und dabei Bäumen und Unebenheiten auszuweichen. Es gibt zwei Spielmodi: Slalomrennen und Geschwindigkeitsrennen. Jeder Modus verfügt über 5 Schwierigkeitsstufen, die sich auf die Länge des Kurses auswirken.
Skindiver (Europe)	Gold ! Diamanten! Rubin! Smaragde! Unter den Wellen erwartet Sie sagenhafter Reichtum. Aber Vorsicht ! Menschenfressende Haie, Seeungeheuer und andere Gefahren lauern unten, um diesen versunkenen Schatz zu schützen. Viele haben diese Gewässer ausprobiert und gewonnen. Wer verliert, kommt nie zurück. Kommen Sie und holen Sie es sich, wenn Sie sich trauen.
Sky Diver (Europe)	Sky Diver ist ein Actionspiel für zwei Spieler. Das Ziel ist es, die meisten Punkte zu erzielen, indem Sie aus einem Flugzeug springen, Ihren Fallschirm öffnen und Ihren Fallschirmspringer sicher zu einem Landeplatz führen. Je länger du mit dem Öffnen deines Fallschirms wartest, desto mehr Punkte verdienst du für eine erfolgreiche Landung, aber warte nicht zu lange, sonst öffnet sich dein Fallschirm überhaupt nicht! Bei jedem Sprung gibt es unterschiedliche Windverhältnisse, die Ihren Fallschirmspringer vom Kurs abbringen. Ein Windsack am unteren Rand des Bildschirms hilft Ihnen, die Windgeschwindigkeit und -richtung zu bestimmen, damit Sie dies ausgleichen können. Es gibt insgesamt neun Sprünge, und der Spieler mit den meisten Punkten am Ende gewinnt.
Sky Diver ~ Dare Diver (USA)	Sky Diver ist ein Actionspiel für zwei Spieler. Das Ziel ist es, die meisten Punkte zu erzielen, indem Sie aus einem Flugzeug springen, Ihren Fallschirm öffnen und Ihren Fallschirmspringer sicher zu einem Landeplatz führen. Je länger du mit dem Öffnen deines Fallschirms wartest, desto mehr Punkte verdienst du für eine erfolgreiche Landung, aber warte nicht zu lange, sonst öffnet sich dein Fallschirm überhaupt nicht! Bei jedem Sprung gibt es unterschiedliche Windverhältnisse, die Ihren Fallschirmspringer vom Kurs abbringen. Ein Windsack am unteren Rand des Bildschirms hilft Ihnen, die Windgeschwindigkeit und -richtung zu bestimmen, damit Sie dies ausgleichen können. Es gibt insgesamt neun Sprünge, und der Spieler mit den meisten Punkten am Ende gewinnt.
Sky Jinks (USA)	Sky Jinks ist ein Renn-/Geschicklichkeitsspiel auf dem Atari VCS 2600, bei dem Sie in einem Flugzeug zwischen Pfählen Slalom fahren und dabei anderen Hindernissen ausweichen müssen. Ziel ist es, die beste Zeit zu erreichen, indem man die meisten Pfeiler passiert. Wenn Sie auf ein Hindernis stoßen, verlieren Sie kein Leben, werden aber stark verlangsamt.
Sky Patrol (USA) (Proto)	Das Spiel wurde von den Erfahrungen des Designers Brad Stewart inspiriert, als er während seines Studiums der Bodenmannschaft eines Heißluftballons half, und war als Rennen zwischen zwei Ballons (mit einer 2-Spieler-Option) geplant. Obwohl das Kunstwerk Doppeldecker/Dreidecker aus der Zeit des Ersten Weltkriegs zeigt, waren keine geplant. Die Spielfläche ist 2 Bildschirme hoch und 27 Bildschirme breit.
Sky Skipper (USA)	Sie steuern ein Flugzeug und müssen Tiere aus den Käfigen retten, in denen Gorillas sie untergebracht haben. Dazu fliegt man über einen Gorilla und wirft eine Bombe ab, die den Gorilla umwirft. Sobald dies erledigt ist, sind die Tiere aus ihren Käfigen und Sie müssen nur noch jedes einzelne berühren, um es zu retten. Die Tierkäfige werden nur für eine begrenzte Zeit geöffnet sein, dann kommt der Gorilla wieder auf die Beine. Dann musst du ihn wieder runterholen. Es darf nicht zu lange dauern, die Tiere zu retten, sonst geht Ihnen der Treibstoff aus. Wenn Ihnen der Treibstoff ausgeht, Sie auf einen Gorilla oder die Kurswände oder seltsamerweise auf eine Wolke stoßen, verlieren Sie ein Flugzeug. Sie beginnen das Spiel mit vier Flugzeugen.
Skydiver (Europe)	Vor Spielbeginn muss der Spieler entscheiden, ob er pro Level 15.000, 10.000 oder 5.000 Kilometer zurücklegen möchte (je mehr Kilometer machen jedes Level länger). Danach beginnt die Action: Der Spieler muss einen Fallschirmspringer zum Kontinent führen und dabei Hubschraubern, Vögeln und Heißluftballons ausweichen, die durch den Himmel streifen. Jedes Level endet damit, dass man auf dem Boden aufschlägt und dabei dem Soldaten aus dem Weg geht, der das Gebiet patrouilliert. Landet der Fallschirmspringer in der Mitte des Bildschirms, erhält er 1000 Punkte für die Leistung und ein Extraleben. Wenn Sie weit vom Zentrum entfernt landen, erhalten Sie zwar weniger Punkte, aber Sie erhalten trotzdem ein geschenktes Leben.
Slot Machine ~ Slots (USA)	Slot Machine für Atari VCS 2600 ist ein von Atari entwickeltes Spielautomaten-Simulationsspiel. Das Ziel des Spiels, das alleine oder mit anderen gespielt werden kann, ist es, so viel Geld wie möglich zu verdienen. Das Spiel endet, wenn einer der Spieler (oder die Spielerin) kein Geld mehr hat.
Slot Racers (Europe)	Slot Racers für Atari VCS 2600 ist ein von Atari entwickeltes Actionspiel. Jeder Spieler steuert ein Auto, das mit einem Raketenwerfer ausgestattet ist. Das Ziel besteht darin, sich durch eines der vier angebotenen Labyrinthe zu bewegen und nach Möglichkeit Raketen auf den Gegner abzufeuern. Der erste, der seinen Gegner 25 Mal trifft, gewinnt.
Slot Racers ~ Maze (USA)	Slot Racers für Atari VCS 2600 ist ein von Atari entwickeltes Actionspiel. Jeder Spieler steuert ein Auto, das mit einem Raketenwerfer ausgestattet ist. Das Ziel besteht darin, sich durch eines der vier angebotenen Labyrinthe zu bewegen und nach Möglichkeit Raketen auf den Gegner abzufeuern. Der erste, der seinen Gegner 25 Mal trifft, gewinnt.
Smurf (Europe)	Gargamel hat Schlumpfine gekidnappt. Als Schlumpf muss der Spieler vom Schlumpfdorf durch einen Wald und eine Höhle auf dem Weg zu Gargamels Schloss laufen, wo Schlumpfine auf Rettung wartet. Der Spieler hat einen Energiebalken, der sich mit der Zeit langsam entleert. In jedem Side-Scrolling-Bildschirm gibt es verschiedene Hindernisse, über die der Spieler präzise springen (z. B. Zäune, Stalagmiten) oder auf denen er landen muss (z. B. Vorsprünge). Wird ein Sprung nicht ausgeführt, führt dies zum sofortigen Tod. In höheren Schwierigkeitsgraden kommen fliegende Fledermäuse und Spinnen hinzu, denen der Spieler ebenfalls ausweichen muss. Die ColecoVision-Version von Smurf: Rescue in Gargamel's Castle enthält ein Easter Egg. Wenn der Spieler den Bildschirm von Schlumpfine erreicht, kann er zum vorherigen Bildschirm zurückkehren. Kurz bevor der Bildschirm wechselt, sieht es so aus, als ob sich das Oberteil von Schlumpfettes Kleid löst, wodurch sie oben ohne erscheint.
Smurf - Rescue in Gargamel's Castle (USA)	Gargamel hat Schlumpfine gekidnappt. Als Schlumpf muss der Spieler vom Schlumpfdorf durch einen Wald und eine Höhle auf dem Weg zu Gargamels Schloss laufen, wo Schlumpfine auf Rettung wartet. Der Spieler hat einen Energiebalken, der sich mit der Zeit langsam entleert. In jedem Side-Scrolling-Bildschirm gibt es verschiedene Hindernisse, über die der Spieler präzise springen (z. B. Zäune, Stalagmiten) oder auf denen er landen muss (z. B. Vorsprünge). Wird ein Sprung nicht ausgeführt, führt dies zum sofortigen Tod. In höheren Schwierigkeitsgraden kommen fliegende Fledermäuse und Spinnen hinzu, denen der Spieler ebenfalls ausweichen muss. Die ColecoVision-Version von Smurf: Rescue in Gargamel's Castle enthält ein Easter Egg. Wenn der Spieler den Bildschirm von Schlumpfine erreicht, kann er zum vorherigen Bildschirm zurückkehren. Kurz bevor der Bildschirm wechselt, sieht es so aus, als ob sich das Oberteil von Schlumpfettes Kleid löst, wodurch sie oben ohne erscheint.
Smurfs Save the Day (USA)	In diesem Kinder-Lernspiel lernen Sie Musik, Sortieren und Farbmischen. Bei Harmony Smurf spielt der Computer vier, fünf oder sechs Noten und Sie müssen sie wiederholen. Nachdem die Noten gespielt wurden, fallen sie zu Boden und Sie müssen sie an die richtige Stelle legen. Die höchste Stufe hat unsichtbare Noten, Sie müssen nur nach Ton zuordnen.
Snail Against Squirrel (Europe)	Wären Sie so freundlich, einem kleinen Eichhörnchen zu helfen, das oft im Wald spielt? Ich bin ein sehr, sehr freundliches Eichhörnchen, ich schwöre, ich habe nie vor, dieser armen Schnecke etwas anzutun. Da es immer kälter wird, wünsche ich mir nichts sehnlicher, als ein paar Nüsse in meinen Höhlen aufzubewahren, damit sie nach dem Winter nicht verschwinden. Aber warum versteckt sich diese gierige Schnecke immer irgendwo, um meine Nüsse zu stehlen, wie diese Männer auf der Straße? Erkennst du, in welchem ​​Dilemma ich stecke? Soll ich die Nuss in meine Höhle tragen oder eine frisch reife abholen, um mich von dieser listigen Schnecke fernzuhalten?
Sneak 'n Peek (USA)	Sneak 'n Peek ist eine computergestützte Version des Spiels &quot;Verstecken&quot;. Das Spiel wird von zwei Spielern (oder einem Spieler gegen den Computer) gespielt; ein Spieler schließt die Augen, während sich der andere Spieler irgendwo versteckt. Nachdem der zweite Spieler versteckt ist, muss der erste Spieler ihn in der kürzest möglichen Zeit finden. Nachdem der zweite Spieler geortet wurde, werden die Rollen getauscht. Das Spiel findet in einem alten Haus statt, in dem drei Zimmer sowie der Vorgarten zum Verstecken zur Verfügung stehen; jeder dieser vier Orte enthält fünf verschiedene Versteckmöglichkeiten. Das Spiel kann mit festen oder variablen Verstecken gespielt werden; beim festen Spiel befinden sich die Verstecke immer an der gleichen Stelle, beim variablen Spiel werden die Verstecke bei jedem Betreten eines Raumes umgestellt. Es stehen zwei Schwierigkeitsstufen zur Verfügung; in der härteren Einstellung ist der Eingang zu den Verstecken enger und damit schwieriger zu finden.
Snoopy and the Red Baron (USA)	Der heimtückische Rote Baron hat den Alliierten während des Krieges wichtige Lebensmittelvorräte gestohlen. Hamburger, Eistüten, Popcorn und andere Leckereien wurden von diesem bösen Flieger und Scharfschützen gestohlen. Ihre Aufgabe ist es, Snoopy dabei zu helfen, den Roten Baron abzuschießen und die gestohlenen Vorräte wiederzubeschaffen. Sie beginnen Ihre Mission mit vier Hundehütten. Es sind acht direkte Treffer erforderlich, um den Roten Baron zu Fall zu bringen, und der Rote Baron muss Snoopys Hundehütte zum Einsturz bringen. Wenn der Rote Baron eine Hundehütte zerstört, gehen alle angesammelten Leckereien verloren. Drücken Sie die Controller-Taste, um Snoopys Maschinengewehr abzufeuern.
Snow White and the Seven Dwarfs (USA) (Proto)	Ach nein! Die böse Königin hat einen Giftapfel erschaffen und möchte ihn Schneewittchen schenken! Wir, die sieben Zwerge, müssen Prinz Charming finden, damit er sie retten kann! Du spielst als einer der sieben Zwerge. Zuerst bewegen Sie sich durch Ihre Diamantenmine und sammeln Diamanten. Sie können bis zu zwölf Diamanten sammeln, müssen aber einen Rubin sammeln, um die Mine zu verlassen. Vermeiden Sie in der HART-Einstellung Hindernisse und herabfallende Steine. Nachdem Sie sich den Rubin geschnappt haben, müssen Sie auf einem Baumstamm einen Fluss überqueren. Hüten Sie sich in der HARD-Einstellung vor der Fledermaus, die versuchen wird, Steine auf Sie fallen zu lassen. Sie können Ihren Knopf drücken, um die Fledermaus mit der Magie eines Diamanten für kurze Zeit abzuschrecken. Nach dem Fluss müssen Sie Ihren Weg durch den Wald finden, ohne von den bösen Bäumen gepackt zu werden. In der HARD-Einstellung müssen Sie auch darauf achten, dass der Schläger keine Steine fallen lässt. Sie können es wiederum mit Diamanten vertreiben. Sie müssen die blinkende weiße Linie treffen, um den Wald zu verlassen. Danach kehren Sie mit allen tanzenden Zwergen zum Bildschirm zurück, während die böse Königin von Schneewittchen vertrieben wird.
Solar Fox (USA)	In Solar Fox besteht Ihre Mission darin, ein Raumschiff durch eine Solarzellenmatrix zu steuern und so viele Solarzellen wie möglich einzusammeln. Wenn alle Zellen einer Matrix gesammelt wurden, geht es weiter zur nächsten Runde. Jede Matrix wird von zwei Wächtern bewacht, die versuchen, Sie aufzuhalten. Die Wächter wandern um die Matrix herum und schießen Feuerbälle auf Ihr Raumschiff, die es zerstören können. Sie sind unbewaffnet, also besteht Ihre einzige Verteidigung gegen die Feuerbälle darin, ihnen auszuweichen. Um Ihnen ein bisschen zu helfen, Ihr Schiff kann mit zwei verschiedenen Geschwindigkeiten fliegen. Jede Runde beginnt mit einem „Skip-a-Rack“-Timer; Wenn Sie alle Solarzellen sammeln, bevor dieser Timer abgelaufen ist, erhalten Sie Bonuspunkte und springen ein Level weiter. Das Spiel endet, wenn Sie alle Ihre Raumschiffe verloren haben.
Solar Storm (USA)	Solar Storm ist ein Arcade-Spiel, das auf dem Atari VCS 2600 veröffentlicht wurde. Der Spieler steuert ein Raumschiff, dessen Aufgabe es ist, seinen Planeten gegen andere feindliche Schiffe und gegen die Trümmer einer Sonnenexplosion zu verteidigen.
Solaris (USA)	Die Zylonen sind zurück und versuchen eine weitere Übernahme der Galaxie! Ihr Ziel ist es, alle Zylon-Kämpfer zu zerstören, denen Sie begegnen, Kadetten zu retten, die auf Zylon-Planeten gefangen sind, und den Planeten Solaris zu finden, um ihn vor den Zylons zu schützen. Ihr Raumschiff ist mit einer galaktischen Karte ausgestattet, mit der Sie in verschiedene Sektoren der Galaxie warpen können. Die Karte zeigt die Position von Zylon-Staffeln, Zylon-Planeten, Föderations-Sternenbasen, Wurmlöchern, Sternhaufen und Solaris, wenn Sie sie finden. Indem Sie in den richtigen Sektor warpen, können Sie die zahlreichen Arten von Zylon-Kämpfern bekämpfen, um sie davon abzuhalten, Föderationsbasen und Planeten anzugreifen. Ihr Raumschiff hat eine begrenzte Menge an Treibstoff; Wenn Sie sehen, dass die Treibstoffanzeige zu niedrig wird, müssen Sie zu einer Föderations-Sternenbasis warpen, um aufzutanken (stellen Sie sicher, dass Sie genug Treibstoff zum Warpen lassen). Wenn Sie über einen von Zylon kontrollierten Planeten fliegen, werden Sie Ihre Kadetten auf der Oberfläche sehen. Wenn Sie alle Kadetten retten, während Sie vorbeifliegen, erhalten Sie Bonuspunkte und ein zusätzliches Raumschiff. Die Zylons haben viele verschiedene Arten von Kämpfern, denen Sie begegnen werden, sowie einige enge Korridore mit Blockaden, die Sie räumen müssen, um neue Orte in der Galaxie zu erreichen.
Sorcerer (USA)	Sorcerer ist ein Arcade-Actionspiel, das vor langer Zeit spielt, als Zauberer und Zauberer die Erde beherrschten. Die bösen Zauberer haben beschlossen, die Erde zu erobern, und haben zahlreiche Kreaturenwellen ausgesandt, um alle guten Zauberer aufzuhalten. Ihr Ziel ist es, die verschiedenen Kreaturen zu vernichten! Auf dem Startbildschirm des Spiels gibt es eine fliegende Plattform: Sie müssen springen und diese Plattform fangen, die es Ihnen ermöglicht, überall auf dem Bildschirm zu fliegen. Als nächstes müssen Sie Bildschirm für Bildschirm gegen gefährliche Kreaturen kämpfen, indem Sie eine Energieladung auf sie abfeuern. Nachdem Sie die Kreaturen auf dem aktuellen Bildschirm erfolgreich zerstört haben, bleibt ein Schatz zurück, der für Bonuspunkte eingesammelt werden kann, und Sie können dann zum nächsten Bildschirm übergehen. Von Zeit zu Zeit kann es auch vorkommen, dass Sie einer Wolke mit tödlichen Blitzen begegnen, denen Sie ausweichen müssen! Je länger Sie überleben, desto schneller werden die Feinde. Es stehen zwei Schwierigkeitsgrade sowie ein Übungsmodus zur Verfügung.
Sorcerer's Apprentice (USA)	Basierend auf dem Disney-Animationsklassiker „Fantasia“ überträgt Sorcerer's Apprentice den Spielern die Verantwortung für Mickey Mouse, der Sterne und Meteore sammelt und auf Berggipfel schießt, um zu verhindern, dass die wandelnden Besen die Höhle des Zauberers darunter füllen. Für jeden eingefangenen Stern erscheint ein Eimer, der einen Teil des Wassers aus der Höhle entfernt. Mickey hat auch die Möglichkeit, die Besen zu fangen, bevor sie das Ende der Treppe erreichen und die Höhle weiter überfluten. Wenn Mickey nicht genügend Eimer bereitstellt oder die Besen stoppt, überschwemmt er die Höhle und das Spiel ist vorbei.
Sound (USA, Europe) (Demo) (Atari Anthology)	Ein Programm, das eine farbige Uhr anzeigt, die mit beweglichen und mehrfarbigen Zeichen verknüpft ist.
Space Attack (USA)	Das Ziel des Spiels ist es, Ihr Mutterschiff vor Außerirdischen zu verteidigen. Sie haben 3 Staffeln mit 3 Schiffen in jeder Staffel. Die Außerirdischen haben 6 Flotten unterschiedlicher Größe. Zerstöre alle außerirdischen Flotten und du wirst gewinnen!
Space Cavern (USA)	Sie sind der Kommandant eines intergalaktischen Schiffs auf einer Mission: der Erkundung seltsamer neuer Planeten. Nachdem Sie auf einem neuen Planeten gelandet sind und begonnen haben, die vielen Höhlen zu erkunden, entdecken Sie, dass der Planet von den sterblichen Elektrosauri bewohnt ist. Diese Kreaturen können tödliche elektrische Ladungen erzeugen und sind jetzt hinter Ihnen her!
Space Invaders (USA)	Die Erde wird von Reihen von Aliens angegriffen, die Bomben abwerfen, und Sie müssen sie verteidigen! Die Alien Reihen beginnen oben auf dem Bildschirm, und Sie steuern eine Laserkanone unten auf dem Bildschirm. Ihr Ziel ist es, Punkte zu sammeln, indem Sie die Aliens erschießen, bevor sie landen können. Die Außerirdischen marschieren hin und her und jedes Mal, wenn das Ende des Bildschirms erreicht ist, kommen sie eine Reihe näher. Schieße sie alle ab und du gehst zum nächsten (härteren) Level über, aber wenn auch nur einer von ihnen landet, ist das Spiel vorbei. Von Zeit zu Zeit kommt eine fliegende Untertasse am oberen Bildschirmrand vorbei. Schieße darauf, um zusätzliche Punkte zu verdienen. Direkt über Ihrer Laserkanone befinden sich drei Schilde. Diese können verwendet werden, um sich vor den Bomben des Außerirdischen zu verstecken, blockieren aber auch Ihre eigenen Schüsse. Es steht nur eine begrenzte Anzahl von Laserkanonen zur Verfügung.
Space Jockey (USA)	Space Jockey ist ein Shooter, bei dem es Ihr Ziel ist, so viele Punkte wie möglich zu sammeln, indem Sie Ihre Untertasse die verschiedenen vor ihr fliegenden Feinde abschießen lassen. Panzer, Jets, Propellerflugzeuge, Hubschrauber, Wetterballons und sogar Bäume und Häuser werden über den Bildschirm paradieren und versuchen, Ihre Untertasse zu zerstören.
Space Shuttle - A Journey into Space (USA)	Space Shuttle ist ein Simulationsspiel, in dem Sie der Pilot des Space Shuttles Discovery sind. Ihr Ziel ist es, das Space Shuttle Discovery zu starten, eine Umlaufbahn um die Erde einzurichten, die Frachtraumtüren zu öffnen, einen Satelliten für Reparaturen zu bergen und schließlich das Shuttle erfolgreich zu landen und dabei so wenig Treibstoff wie möglich zu verbrauchen. Jedes Mal, wenn die gesamte Mission erfüllt ist, wird sie in einem höheren Schwierigkeitsgrad wiederholt (in höheren Schwierigkeitsgraden hat der Satellit eine erratischere Flugbahn). Das Spiel wird aus der Ich-Perspektive im Cockpit des Space Shuttles gespielt, wo Sie alles kontrollieren können, von den Triebwerken des Shuttles bis hin zu den Frachtraumtüren. Am Ende des Spiels erhalten Sie eine Rangliste, die auf der Anzahl der erfolgreichen Andockungen und der Menge des verbrauchten Treibstoffs basiert.
Space Tunnel (USA)	Sie sind der Kapitän einer Raumflotte und betreten versehentlich einen Tunnel im Universum, wo Sie von allen Seiten von außerirdischen Sternen und UFOs angegriffen werden, die eine Art Energieraketen auf Sie abfeuern.
Space War (Europe)	Space War für den Atari 2600 gehörte zu den ersten Heimadaptionen des klassischen Arcade-Spiels Spacewar!. Die Cartridge enthält zwei verschiedene Spielmodi: Space War und Space Shuttle. Space War ist das klassische Eins-gegen-Eins-Spiel, in dem sich Raumschiffe duellieren, und erfordert zwei Spieler. Das Ziel ist es, den Gegner mit Raketen für einen Punkt pro Kill abzuschießen. Das Schiff jedes Spielers trägt acht Raketen und eine begrenzte Menge Treibstoff für seine Triebwerke. Ist die Munition aufgebraucht, wird automatisch nachgefüllt, allerdings nur, wenn der andere Spieler auch keine Schüsse mehr hat. Die Steuerung folgt dem Spacewar!/Asteroids-Modell der Impulserhaltung: Einmal beschleunigt, fliegt das Schiff weiter in die gleiche Richtung, bis seine Triebwerke erneut zünden. Es stehen sieben verschiedene Varianten von Space War zur Verfügung, die jeweils unterschiedliche Optionen umschalten: Die Bildschirmbegrenzung ist entweder fest und Schiffe und Schüsse prallen ab, oder sie kann durchquert werden und die Schiffe und Raketen erscheinen auf der anderen Seite des Bildschirms wieder. Wenn der Hyperraum verfügbar ist, kann ein Spieler vorübergehend unsichtbar werden, was jedoch viel Treibstoff verbraucht und die Waffen deaktiviert. Befindet sich eine Sonne in der Mitte des Spielfelds, zieht ihre Schwerkraft die Schiffe zu ihr hin und ein Zusammenstoß bringt dem Gegner einen Punkt ein. Wenn eine Sternenbasis vorhanden ist, können Schiffe an ihr vorbeifliegen, um Treibstoff und Munition nachzufüllen.
Space War ~ Space Combat (USA)	Space War für den Atari 2600 gehörte zu den ersten Heimadaptionen des klassischen Arcade-Spiels Spacewar!. Die Cartridge enthält zwei verschiedene Spielmodi: Space War und Space Shuttle. Space War ist das klassische Eins-gegen-Eins-Spiel, in dem sich Raumschiffe duellieren, und erfordert zwei Spieler. Das Ziel ist es, den Gegner mit Raketen für einen Punkt pro Kill abzuschießen. Das Schiff jedes Spielers trägt acht Raketen und eine begrenzte Menge Treibstoff für seine Triebwerke. Ist die Munition aufgebraucht, wird automatisch nachgefüllt, allerdings nur, wenn der andere Spieler auch keine Schüsse mehr hat. Die Steuerung folgt dem Spacewar!/Asteroids-Modell der Impulserhaltung: Einmal beschleunigt, fliegt das Schiff weiter in die gleiche Richtung, bis seine Triebwerke erneut zünden. Es stehen sieben verschiedene Varianten von Space War zur Verfügung, die jeweils unterschiedliche Optionen umschalten: Die Bildschirmbegrenzung ist entweder fest und Schiffe und Schüsse prallen ab, oder sie kann durchquert werden und die Schiffe und Raketen erscheinen auf der anderen Seite des Bildschirms wieder. Wenn der Hyperraum verfügbar ist, kann ein Spieler vorübergehend unsichtbar werden, was jedoch viel Treibstoff verbraucht und die Waffen deaktiviert. Befindet sich eine Sonne in der Mitte des Spielfelds, zieht ihre Schwerkraft die Schiffe zu ihr hin und ein Zusammenstoß bringt dem Gegner einen Punkt ein. Wenn eine Sternenbasis vorhanden ist, können Schiffe an ihr vorbeifliegen, um Treibstoff und Munition nachzufüllen.
Spacechase (USA)	Sie befinden sich auf einer mondbasierten Aufklärungsmission in einem Mark 16 Starcruiser. Plötzlich teleportieren sich feindliche Schiffe und starten Neutronenraketen, die ihn zerstören können. Sie müssen feindliche Schiffe zerstören, bis Verstärkung eintrifft. Der Feind verfügt außerdem über lasergesteuerte Protonenraketen, die sparsam abgefeuert werden. Seien Sie sich bewusst, dass die Außerirdischen im Verlauf des Kampfes immer verzweifelter werden und Protonenraketen einsetzen.
SpaceMaster X-7 (USA)	Sie befinden sich auf einem Angriffsschiff, das die Militärstützpunkte von Hyperion zerstören sollte. Sie müssen so oft auf die Basen schießen, dass die Energieanzeige unten von „+“ auf „-“ wechselt. Sobald die U-Bahn bei „-“ ankommt, wird die Basis explodieren. Offensichtlich ist die Basis kein leichtes Ziel. Es gibt ein Kraftfeld, das sich ausdehnt und zusammenzieht, Basisverteidiger und, in hohen Runden, Schilde. Das Kraftfeld hat ein Loch, durch das Sie schießen können, oder Sie können innerhalb des Feldes manövrieren und die Basis aus nächster Nähe beschießen. Aber seien Sie vorsichtig, denn Sie könnten im Feld stecken bleiben. Wenn Sie einen Schild, das Kraftfeld, die Basis berühren oder von einem Verteidiger getroffen werden, geht ein Leben verloren.
Spider Fighter (USA)	Spider Fighter ist ein Actionspiel im Arcade-Stil, das Space Invaders etwas ähnelt. Sie steuern einen Blaster am unteren Bildschirmrand und müssen die drei Früchte oben rechts auf dem Bildschirm verteidigen. Verschiedene Arten angreifender Spinnen bewegen sich schnell und versuchen, Ihren Blaster zu zerstören und die Früchte zu stehlen.
Spider Maze (USA)	Dieses seltene Spiel von K-Tel Vision wurde wahrscheinlich ausschließlich in Kanada verkauft. Im PAL-Format ist es leichter zu finden, da es im Ausland häufiger verbreitet wurde.
Spider-Man (USA)	Green Goblin hat eine Superbombe auf einem Hochspannungsmast auf einem Wolkenkratzer platziert! Als Spider-Man müssen Sie das Gebäude erklimmen und die Bombe entschärfen. Benutzen Sie Ihr Netz, um das Gebäude zu erklimmen, aber achten Sie auf die Handlanger des Grünen Kobolds, die durch die Fenster auftauchen und Sie aufhalten.
Spike's Peak (USA)	Spike's Peak ist ein Arcade-Spiel, das auf dem Atari VCS 2600 veröffentlicht wurde. Bei jedem Schwierigkeitsgrad besteht das Ziel darin, den Gipfel des Berges zu erreichen und dabei Feinden auszuweichen.
Spinning Fireball (USA) (Proto)	Firebug ist ein halbherziger Versuch eines 3D-Zielschießspiels. Das ist wahrscheinlich etwas, was man beim 2600 nie hätte versuchen sollen, aber Vidco hat beschlossen, es trotzdem zu versuchen. Das Ergebnis ist ein Spiel, das anständig aussieht, sich aber schrecklich spielt. Das Ziel des Spiels besteht darin, dass Ihr Zauberer einen Feuerball erschafft und auf das Katapult schießt, das über den oberen Bildschirmrand läuft.
Spitfire Attack (USA)	Sie sind ein amerikanischer Kampfpilot. Ihre Mission ist es, feindliche Flugzeuge abzuschießen. Wenn Sie zu tief fliegen, erhalten Sie eine Warnung vor geringer Flughöhe. Wenn Sie nicht korrigieren, kommt es zum Absturz.
Springer (USA)	Du bist Springer, der Hase. Sie müssen von Wolke zu Wolke springen und alles sammeln, was Sie können, um die Sonne zu erreichen. Sie müssen von einer Wolke zur anderen springen und die Gegenstände oder Eier berühren, um sie einzusammeln. Wenn aus einem Ei ein Drache schlüpft, kannst du den Drachen treten, um es einzusammeln. Es gibt einen Bonus-Timer mit einem Countdown auf dem Bildschirm, damit Sie nicht zögern. Sobald Sie oben die Sonne erreichen, passieren Sie ein schwierigeres Level.
Springteufel, Die (Germany)	Sie sind ein Geheimagent, der auf eine wichtige Mission geschickt wurde, um feindliche Dokumente zu bergen. Es gibt feindliche Attentäter, die versuchen, Sie aufzuhalten.
Sprint Master (USA)	Sprintmaster ist ein Action-Rennspiel ähnlich wie Super Sprint. Das Spiel wird mit Blick von oben auf die Rennstrecke gespielt, und der erste von zwei Spielern, der die erforderliche Rundenzahl um die Strecke rast, gewinnt! Gelegentlich erscheint ein Bonus auf der Fahrbahn; Sammeln Sie diese, um die Traktionsfähigkeiten Ihres Autos zu erhöhen oder einen vorübergehenden Geschwindigkeitsschub zu erhalten. Auf der Fahrbahn können auch andere Hindernisse wie Ölteppiche auftreten, die dazu führen, dass Sie die Kontrolle und Geschwindigkeit verlieren. Es gibt insgesamt neun verschiedene Strecken mit unterschiedlichen Schwierigkeitsgraden, auf denen Sie Rennen fahren können, und Sie können zwischen Asphalt, Schmutz oder Eis als Gelände wählen.
Spy Hunter (USA)	In Spy Hunter auf Atari VCS 2600 steuern Sie ein mit Maschinengewehren bewaffnetes Auto, um Ihr Ziel zu erreichen. Dazu müssen Sie die zahlreichen Feinde auf Ihrem Weg eliminieren und innerhalb des Zeitlimits so weit wie möglich kommen.
Squeeze Box (USA)	In Squeeze Box ist es Ihr Ziel, aus dem Gefängnis zu entkommen! Dazu müssen Sie sich einen Weg durch die Wand auf der linken oder rechten Seite des Bildschirms bahnen. Sobald sich ein Loch gebildet hat, das groß genug ist, um hindurchzugehen, können Sie es nutzen, um zum nächsten Bildschirm zu entkommen.
Squirrel ~ O Esquilo (USA)	Wären Sie so freundlich, einem kleinen Eichhörnchen zu helfen, das oft im Wald spielt? Ich bin ein sehr, sehr freundliches Eichhörnchen, ich schwöre, ich habe nie vor, dieser armen Schnecke etwas anzutun. Da es immer kälter wird, wünsche ich mir nichts sehnlicher, als ein paar Nüsse in meinen Höhlen aufzubewahren, damit sie nach dem Winter nicht verschwinden. Aber warum versteckt sich diese gierige Schnecke immer irgendwo, um meine Nüsse zu stehlen, wie diese Männer auf der Straße? Erkennst du, in welchem ​​Dilemma ich stecke? Soll ich die Nuss in meine Höhle tragen oder eine frisch reife abholen, um mich von dieser listigen Schnecke fernzuhalten?
Squoosh (USA) (Proto)	Ähnlich wie Apollos anderes bekanntermaßen unvollendetes Spiel Pompeii ist Squoosh eine nicht spielbare Demo, die zeigt, wie der Spielbildschirm ausgesehen hätte. Sie steuern einen Franzosen (komplett mit Baskenmütze), der sich nach links und rechts auf dem Bildschirm bewegen und mit dem Feuerknopf springen kann. In der Mitte des Bildschirms befindet sich eine riesige Presse mit einer überdachten Grube darunter. Wenn Sie das Spiel starten, springt eine Weintraube von der rechten Seite des Bildschirms herein und rollt über den Boden hin und her. Das Konzept dieses Spiels bestand darin, Ihren Mann dazu zu bringen, Weintrauben in die Mitte des Bildschirms zu treten oder zu bewegen, wo die Presse herunterfährt und sie zu Wein „zerquetscht“ (der sich in der Grube darunter sammelt).
Sssnake (USA)	Sie waren im Amazonas auf der Jagd, als Sie den prähistorischen Kreaturen zum Opfer fielen. Du hast eine Festung mit einer großen Kanone gefunden. Jetzt müssen Sie den Schlangen ausweichen, die ein- und ausgehen und die Kreaturen durch die Löcher in den Ziegeln der Festung ziehen.
Stampede (USA)	Stampede ist ein Action-/Geschicklichkeitsspiel, bei dem der Spieler zu Pferd Kälber mit seinem Lasso fangen und dabei Hindernissen ausweichen muss. Ziel ist es, das bestmögliche Ergebnis zu erzielen.
Star Fox (USA)	Star Fox ist ein horizontal scrolling Action-Spiel. Sie steuern ein Raumschiff auf einem fremden Planeten mit dem Ziel, wertvolle Kristalle zu sammeln. Die Kristalle befinden sich auf der Planetenoberfläche oder irgendwo in der Atmosphäre. Wenn du einen Kristall lokalisierst, musst du in die Atmosphäre des Planeten hinunterfliegen, um ihn zurückzuholen (sei vorsichtig, dein Schiff hat nur eine begrenzte Manövrierfähigkeit während der Atmosphäre). Natürlich wird Ihre Mission nicht einfach sein. Für die Bewachung des Planeten gibt es zahlreiche feindliche Kämpfer. Um sich vor feindlichen Angriffen zu schützen, ist Ihr Schiff mit Lasern ausgestattet. Das Spiel endet, wenn alle Schiffe zerstört wurden. Viel Glück!
Star Raiders (USA)	Star Raiders ist ein Weltraumkampfsimulationsvideospiel, das von Atari Inc. für den Atari 8-Bit, Atari 2600, Atari 5200 und Atari ST veröffentlicht wurde. Das von Doug Neubauer programmierte Spiel simuliert einen 3D-Kampf zwischen dem mächtigen Schiff, das vom Spieler geführt wird, und einer Flotte außerirdischer Schiffe (den Zylonen). Star Raiders zeichnete sich durch seine Grafik aus, die neben verschiedenen Karten und einem Langstreckenscanner eine Ego-Perspektive nach vorne und hinten bot, wobei die Bewegungen durch ein kontinuierliches 3D-Sternfeld übertragen wurden, wenn der Spieler ein feindliches Raumschiff angreift.
Star Ship ~ Outer Space (USA)	Star Ship ist ein Arcade-Spiel, das auf dem Atari VCS 2600 veröffentlicht wurde und drei Minispiele enthält. Im ersten Teil musst du alle deine Feinde an Bord eines Raumschiffs vernichten. Im zweiten müssen Sie die maximale Distanz zurücklegen und dabei Asteroiden ausweichen. Schließlich müssen Sie im letzten Teil Ihr Schiff auf einem sich bewegenden Mond landen.
Star Strike (USA)	Star Strike ist eindeutig von der Todesstern-Kampfsequenz im Star Wars-Film inspiriert. Sie fliegen ein Raumschiff in den feindlichen Startgraben. Ihre Mission: Zerstören Sie die außerirdische Station, bevor die Erde direkt über den Startgraben fliegt. Sie müssen den außerirdischen Schiffen entkommen, die den Startgraben verteidigen, und gleichzeitig darauf achten, die glühenden „heißen Ziele“ zu bombardieren.
Star Trek - Strategic Operations Simulator (USA)	Star Trek: Strategic Operations Simulator ist ein Arcade-Actionspiel, in dem Sie die Kontrolle über das Raumschiff Enterprise übernehmen. Ihre Mission ist es, die NOMAD-Föderation zu retten! Bevor Sie NOMAD zerstören können, müssen Sie sich durch zehn Level kämpfen. In jeder Runde können Sie klingonischen Kämpfern, tödlichen Antimaterie-Untertassen, Asteroidenfeldern und tödlichen Meteoren begegnen, die alle in der Lage sind, der Enterprise Energie zu entziehen.
Star Voyager (World)	Star Voyager ist ein Actionspiel ähnlich wie Star Raiders. Sie steuern das Raumschiff Star Voyager aus der Ego-Perspektive; Ihr Ziel ist es, sich durch sieben Sternenportale zu kämpfen, um den Hauptstadt-Sternenhafen zu retten und dabei feindliche Schiffe zu zerstören.
Star Wars - Jedi Arena (USA)	Jedi Arena ist ein Arcade-Spiel, das auf dem Atari VCS 2600 veröffentlicht wurde. Sie spielen als Jedi, der sich in einer Arena gegen eine ganze Reihe von Gegnern beweisen muss.
Star Wars - Return of the Jedi - Death Star Battle (USA)	Star Wars: Die Rückkehr der Jedi-Ritter, Death Star Battle ist ein Arcade-Spiel auf dem Atari VCS 2600. Es basiert auf Episode VI der Saga und der Spieler muss den Todesstern zerstören, bevor es finalisiert wird.
Star Wars - Return of the Jedi - Ewok Adventure (USA) (Proto)	Star Wars: Die Rückkehr der Jedi-Ritter: Ewok Adventure, auch bekannt als Revenge of the Jedi: Game I, ist ein Shoot'em-Up-Videospiel aus dem Jahr 1983, das auf dem Star Wars-Film Die Rückkehr der Jedi-Ritter aus dem Jahr 1983 basiert. Das Spiel wurde von Atari Games entwickelt und sollte von Parker Brothers auf dem Atari 2600 veröffentlicht werden. Obwohl es fertiggestellt war, wurde das Spiel nie zum Verkauf freigegeben, da die Marketingabteilung von Parker Brothers die Bestellungen als zu schwierig erachtete.
Star Wars - The Arcade Game (USA)	Star Wars: The Arcade Game ist ein Arcade-Spiel, das auf dem Atari VCS 2600 veröffentlicht wurde. Luke Skywalker muss Horden von Feinden töten, bevor er den Todesstern angreifen kann.
Star Wars - The Empire Strikes Back (USA)	Star Wars: Das Imperium schlägt zurück stellt eine Szene aus dem gleichnamigen Film nach. Sie befinden sich auf dem gefrorenen Planeten Hoth und imperiale Wanderer nähern sich dem Rebellen-Energiegenerator. Als Pilot eines Snowspeeders müssen Sie so viele Wanderer wie möglich entfernen. Streuner sind schwer gepanzert und es erfordert viel Feuerkraft, einen zu zerstören! Das Spiel wird auf einem großen Scrollbildschirm mit einem Radarbildschirm am unteren Rand gespielt, um den Überblick zu behalten, wo sich der Feind befindet. Wenn ein Beißer den Stromgenerator erreicht oder Ihnen die Raser ausgehen, ist das Spiel vorbei. Viel Glück und möge die Macht mit dir sein!
Stargate (USA)	Rette in der Fortsetzung von Defender die Humanoiden vor den drohenden Außerirdischen. Die Aufgabe besteht immer noch darin, Humanoide zu retten, bevor Lander sie in Mutanten verwandeln können, während Sie anderen Feinden ausweichen und sie erschießen, aber Sie müssen jetzt Humanoide durch das Stargate des Titels in Sicherheit bringen. Wenn Sie dieses Sternentor betreten, werden Sie nicht nur zum nächsten gefährdeten Humanoiden gewarpt, sondern können Sie (in den ersten 15 Levels) auch nach vorne verzerren, wenn Sie es mit 4 oder mehr Humanoiden betreten, und Ihnen zusätzliche Leben geben, wenn Sie mit 10 Humanoiden warpen. Es gibt also einen Kompromiss zwischen der Gewährleistung der Sicherheit existierender Humanoider und dem Versuch, Ihre Position zu verbessern Es gibt mehr Feinde auf dem Bildschirm als je zuvor. Die Inviso-Taste macht Sie unsichtbar für Feinde, aber auch für sich selbst, sodass Sie Ihren Kugeln folgen müssen, um herauszufinden, wo Sie sich auf dem Bildschirm befinden.
Stargunner (USA)	Stargunner ist ein Spiel auf dem Atari 2600, bei dem der Spieler eindringende Schiffe zerstören und dabei feindlichem Feuer ausweichen muss. Der Avatar bewegt sich frei auf dem Bildschirm, um den verschiedenen Wellen zu begegnen, die von den Rändern des Bildschirms kommen.
StarMaster (USA)	Bereiten Sie sich darauf vor, die Welt so zu verlassen, wie Sie sie kennen. Sie haben die Kontrolle über das anspruchsvollste und leistungsstärkste Weltraumvideospiel, das je gemacht wurde. Während Sie durch die Dunkelheit des Weltraums navigieren, sehen Sie die galaktische Karte auf Ihrem Bildschirm. Das Radar zeigt, dass sich feindliche Jäger einer der Sternenbasen nähern, deren Schutz Sie geschworen haben. Ihre Bordcomputer berechnen sofort die zum Abfangen erforderliche Energie. Starten Sie Ihre Motoren und fliegen Sie in den Hyperraum. Sterne und Meteorschauer ziehen am Eingang eines feindlichen Sektors umher. Dann beginnt der Kampf. Ihre Laserkanonen schießen auf feindliche Jäger. Aber warte ! Schadensberichte zeigen, dass feindliches Feuer Ihre Verteidigungsschilde zerstört hat. Schnell, aber vorsichtig manövrieren Sie durch die Galaxie, um zur Reparatur an Ihrer Sternenbasis anzudocken. Und unbeeindruckt kehren Sie zurück, um Ihre Mission zu erfüllen.
Starmaster - International Edition (Europe)	Bereiten Sie sich darauf vor, die Welt so zu verlassen, wie Sie sie kennen. Sie haben die Kontrolle über das anspruchsvollste und leistungsstärkste Weltraumvideospiel, das je gemacht wurde. Während Sie durch die Dunkelheit des Weltraums navigieren, sehen Sie die galaktische Karte auf Ihrem Bildschirm. Das Radar zeigt, dass sich feindliche Jäger einer der Sternenbasen nähern, deren Schutz Sie geschworen haben. Ihre Bordcomputer berechnen sofort die zum Abfangen erforderliche Energie. Starten Sie Ihre Motoren und fliegen Sie in den Hyperraum. Sterne und Meteorschauer ziehen am Eingang eines feindlichen Sektors umher. Dann beginnt der Kampf. Ihre Laserkanonen schießen auf feindliche Jäger. Aber warte ! Schadensberichte zeigen, dass feindliches Feuer Ihre Verteidigungsschilde zerstört hat. Schnell, aber vorsichtig manövrieren Sie durch die Galaxie, um zur Reparatur an Ihrer Sternenbasis anzudocken. Und unbeeindruckt kehren Sie zurück, um Ihre Mission zu erfüllen.
Steeplechase (USA)	Steeplechase für Atari VCS 2600 ist ein von Atari entwickeltes Sportspiel. Der Spieler spielt einen Jockey, der an einem Hindernisparcours teilnimmt. Ziel des Spiels ist es, als Erster das andere Ende der Strecke zu erreichen, bevor die Zeit abgelaufen ist. Wenn ja, gewinnt der Spieler, der in Führung liegt. Es stehen mehrere Schwierigkeitsgrade zur Verfügung. Sie beeinflussen die Leistung der KI und den Abstand zwischen den Hürden.
Stellar Track (USA)	Dies ist eine Atari 2600-Version eines Star Trek. Es gibt keine Grafiken, nur Text. Sie bewegen den Joystick nach links oder rechts, um den gewünschten Befehl auszuwählen, und drücken dann die rote Taste. Anschließend bewegen Sie den Joystick nach links oder rechts, um ggf. eingestellte Parameter für diesen Befehl auszuwählen. Sie beginnen, indem Sie „Zurücksetzen“ oder „Auswählen“ drücken, um auszuwählen, wie viele Feinde Sie in wie vielen Sternen töten müssen.
Stone Age (USA)	Sie sind in der Zeit vor Millionen von Jahren in die wilde Steinzeitwelt zurückgekehrt, wo es nichts außer riesigen Steinen und hungrigen Dinosauriern gibt. Ihre Mission ist es, alle Dinosaurier zu töten und die Welt für Ihren Nachwuchs sicherer zu machen. Wenn Sie das nicht können, wird die Welt nie das sein, was sie heute ist. Das Schicksal der Welt liegt in Ihren Händen. Sie müssen mutig sein und Ihre Mission erfüllen. Viel Glück!
Strahlen der Teufelsvogel (Germany)	Die verlorene Stadt Atlantis wird angegriffen! Es nähert sich eine Welle nach der anderen von Gorgon-Schiffen, die mit Waffen bewaffnet sind, die einen Teil der Stadt zerstören können. Sie sind verantwortlich für die Kommandoposten am Rande der Stadt und verteidigen sie vor den Eindringlingen. Die verschiedenen Gorgonen werden in verschiedenen Mustern fliegen. Zuerst fliegen sie hoch am Himmel, aber dann stufenweise tiefer. Wenn ein Feind es niedrig genug macht, bevor du es zerstörst, wird es seine Waffen benutzen und eines der Gebäude in Atlantis zerstören. Je weiter Sie im Spiel vorankommen, desto schneller wird der Gegner. Das Spiel endet, wenn du in der Stadt bist.
Strategy X (USA)	Sie sind ein Panzer, der Hindernisse überwinden und feindlichem Feuer ausweichen muss, um am Ende des Kurses eine Basis zu erreichen. Sie sollten jedoch nicht länger warten, da Ihnen sonst der Treibstoff ausgeht. Entlang der Route gibt es Treibstoffdepots, die Sie auftanken können, aber seien Sie sich bewusst, dass sie manchmal von feindlichen Kanonen zerstört werden, bevor Sie sie einsammeln können.
Strawberry Shortcake - Musical Match-Ups (USA)	„Strawberry Shortcake Musical Match-Ups“ ist ein Puzzlespiel, bei dem Sie versuchen, innerhalb eines vorgegebenen Zeitlimits durcheinander geratene Charaktere aus „Strawberryland“ wieder in Ordnung zu bringen. Wenn das Spiel beginnt, erscheint ein verwechselter Charakter auf dem Bildschirm und Sie müssen Kopf, Körper und Beine austauschen, bis sie alle von einem einzigen Charakter stammen. Wenn eine vollständige Figur richtig geformt ist, führt die Figur einen Tanz auf und Sie hören ihr musikalisches Thema; Wenn ein unvollständiger Charakter gebildet wird, stammt das musikalische Thema, das Sie hören, teilweise von jedem der Charaktere, die Sie erstellt haben. Es sind mehrere Schwierigkeitsgrade enthalten, die das Zeitlimit vorgeben und festlegen, welcher Charakter erstellt werden muss. In den einfacheren Levels wird der Charakter, den Sie erstellen müssen, durch einen Text am unteren Bildschirmrand angezeigt. In den schwierigeren Levels müssen Sie einen Charakter basierend auf dem abgespielten Titelsong erstellen.
Street Racer - Speedway II (Europe)	Speedway II / Street Racer ist ein Action-Rennspiel für ein bis vier Spieler, das aus der Vogelperspektive gespielt wird. Der Bildschirm ist in zwei Bahnen aufgeteilt, in Spielen mit einem oder zwei Spielern hat jeder Spieler eine Bahn. In Spielen mit drei und vier Spielern müssen sich die Spieler die Bahnen teilen. Jedes Spiel hat ein Zeitlimit von zwei Minuten und sechzehn Sekunden, und Ihr Ziel ist es, bis zum Ende dieser Zeit so viele Punkte wie möglich zu sammeln. Neben der Basis-Rennversion sind noch einige andere Spielvarianten enthalten. Dies eine umbenannte Version von Street Racer, veröffentlicht und verkauft unter dem Namen Tele-Games von Sears.
Street Racer ~ Speedway II (USA)	Speedway II / Street Racer ist ein Action-Rennspiel für ein bis vier Spieler, das aus der Vogelperspektive gespielt wird. Der Bildschirm ist in zwei Bahnen aufgeteilt, in Spielen mit einem oder zwei Spielern hat jeder Spieler eine Bahn. In Spielen mit drei und vier Spielern müssen sich die Spieler die Bahnen teilen. Jedes Spiel hat ein Zeitlimit von zwei Minuten und sechzehn Sekunden, und Ihr Ziel ist es, bis zum Ende dieser Zeit so viele Punkte wie möglich zu sammeln. Neben der Basis-Rennversion sind noch einige andere Spielvarianten enthalten. Dies eine umbenannte Version von Street Racer, veröffentlicht und verkauft unter dem Namen Tele-Games von Sears.
Stronghold (USA)	Sie werden geschickt, um eine verlassene Asteroidenbasis namens Stronghold zu besichtigen. Wenn Sie sich nähern, werden Drohnen von der Oberfläche abgefeuert. Es mag aufgegeben werden, aber offenbar funktioniert das automatische Abwehrsystem immer noch. Sie müssen auf die Drohnen schießen oder ihnen ausweichen. Wenn die Drohnen geklont sind und in Gruppen unterwegs sind, werden durch das Abschießen einer beliebigen Drohne im Set alle Drohnen im Set zerstört, sofern sie zerstörbar sind (siehe Spielvarianten). Sie können sich in jede Richtung bewegen, aber nicht direkt nach links oder rechts schießen. Sie können jedoch auch in jede andere Richtung schießen. Nachdem Sie an den Drohnen vorbeigekommen sind, bilden sich am unteren Bildschirmrand drei Schilde. Außerdem tauchen Abfang- und Patrouillenschiffe auf. Die Abfangjäger verfolgen Sie und die Patrouillenschiffe bewegen sich einfach über den Schilden hin und her.
Stunt Cycle (USA) (Proto)	Stunt Cycle ist ein von Atari entwickeltes und 1976 veröffentlichtes Arcade-Videospiel. Sie spielen einen Motocross-Fahrer. Das Spiel wird von einem speziell entwickelten Terminal gehostet, das über einen imitierten Lenker verfügt. Dieser verfügt über drehbare Griffe, mit denen Sie die Geschwindigkeit des Players auf dem Bildschirm ändern können. Auf dem Bildschirm sind drei übereinander angeordnete Schienen zu sehen, die durch zwei auf das Glas gedruckte Rohre verbunden sind. Das Motorrad des Spielers bewegt sich selbstständig vorwärts, zunächst von links nach rechts, und ändert bei jedem Übergang zwischen zwei Strecken die Richtung. Auf dem dritten und letzten Gleis steht eine Reihe von Bussen, die von zwei Rampen eingerahmt werden. Ziel des Spiels ist es, seine Geschwindigkeit so zu modulieren, dass das Motorrad über das Hindernis springt und erfolgreich landet. Am Ende des dritten Titels erscheint der Spieler wieder am Anfang des ersten und der Vorgang wiederholt sich, bis das Motorrad zwischen den beiden Rampen fällt oder landet (wobei er weiß, dass die Busreihe mit zunehmendem Fortschritt des Spielers länger wird).
Stunt Man (USA)	Die Spieler schlüpfen in die Rolle eines Stuntmans, der verschiedenen Gefahren entkommen und es zu einem fliegenden Hubschrauber schaffen muss. Stuntman ist in drei zeitgesteuerte Phasen unterteilt. Auf der ersten Stufe klettert der Stuntman an Seilen, um zu einem Hubschrauber zu gelangen, und weicht gleichzeitig fliegenden Vögeln aus. In der zweiten Phase klettert der Stuntman erneut auf Seile, bewaffnet ihn nun aber mit einem Schwert und verlangt von ihm, die fliegenden Teufelsgesichter zu besiegen, bevor er entkommen kann. Auf der dritten Stufe klettert der Stuntman erneut an Seilen hoch, um Feinden auszuweichen, muss aber auch alle Ballons auf der Bühne festhalten, bevor er fliehen kann. Die Stufen wiederholen sich dann in dieser Reihenfolge noch zweimal, wobei die späteren Stufen die Herausforderung durch das Hinzufügen weiterer Feinde erhöhen. Nach Abschluss der neun Etappen wiederholt sich das Spiel mit der nächsthöheren Geschwindigkeitsstufe. Insgesamt gibt es sechs Geschwindigkeitsstufen und die gewünschte Geschwindigkeitsstufe kann auch von Anfang an ausgewählt werden.
Sub-Scan (USA)	In Ihren Gewässern wurden feindliche U-Boote entdeckt. Sie befehligen einen Zerstörer, der bis zu vier Ladungen gleichzeitig abfeuern kann. Ihre Mission ist es, so viele feindliche U-Boote wie möglich zu versenken.
Submarine Commander (USA)	Sie sind der Kommandant eines U-Bootes in feindlichen Gewässern. Nutzen Sie Ihre Fähigkeiten, Ihr Radar und Ihr Glück, um die feindlichen Schiffe auszuschalten. Mit 8 Schwierigkeitsstufen gibt es einen Großteil des Spiels zu meistern, da Sie mit zunehmendem Schwierigkeitsgrad beginnen müssen, Ihren Treibstoff, Ihre Torpedos, Ihr Radar und Ihren Feind im Auge zu behalten und gleichzeitig Wasserbomben auszuweichen. Sie können bis zu zwei Torpedos gleichzeitig abfeuern. Während feindliche Shows an Ihrem Periskop vorbeiziehen, versenken Sie so viele wie möglich. Das Periskop kann um 360 Grad gedreht werden und in den Horizont oder in die Nähe Ihres U-Boots blicken. Einige Schiffe bewegen sich langsamer als andere, und eines der Schiffe bewegt sich so schnell, dass die einzige Möglichkeit, es zu treffen, darin besteht, es per Radar statt visuell zu verfolgen.
Subterranea (USA)	Subterranea ist ein Arcade-Spiel, das auf dem Atari VCS 2600 veröffentlicht wurde. Auf verschiedenen Schwierigkeitsgraden spielt der Spieler einen Taucher, der Monster in einer Unterwasserhöhle töten und dann einen Kristall bergen muss.
Suicide Mission (USA)	Suicide Mission ist ein Arcade-Actionspiel ähnlich wie Asteroids. Sie steuern ein mikroskopisch kleines U-Boot, das durch den Blutkreislauf einer Person navigiert, die mit einem Virus infiziert ist. Ihr Ziel ist es, das Virus zu zerstören! Jedes Mal, wenn Sie auf eine mit dem Virus infizierte Zelle schießen, zerfällt diese in kleinere Stücke. Irgendwann werden die Stücke so klein sein, dass sie zerstört werden können. Wenn alles zerstört ist, können Sie zum nächsten, schwierigeren Level übergehen. Das Spiel verfügt über drei Schwierigkeitsstufen und Sie können zwischen zwei Schießstilen für Ihr U-Boot wählen (Einzeltorpedos oder Schnellfeuer).
Summer Games (USA)	Summer Games ermöglicht bis zu acht Spielern, in einer Reihe von sommerlichen, olympischen Themenwettbewerben gegeneinander anzutreten. Das Spielprinzip ist ähnlich wie bei den anderen Spielen der Epyx &quot;Games&quot;-Serie. Jeder Spieler kann ein Land wählen, das er vertreten möchte, und tritt dann abwechselnd in verschiedenen Disziplinen an, um zu sehen, wer die Goldmedaille gewinnt! Das Spiel erlaubt es Ihnen, in allen Disziplinen nacheinander anzutreten, einige Disziplinen zu wählen, nur eine Disziplin zu wählen oder eine Disziplin zu üben. Die verfügbaren Disziplinen variieren je nach Plattform leicht und können Folgendes umfassen: 1. Stabhochsprung 2. Turmspringen 3. 4x400-Meter-Staffel 4. 100-Meter-Lauf 5. Turnen 6. Freistilschwimmen 7. Tontaubenschießen 8. 100 Meter Freistil 9. Rudern
Super Baseball (USA)	Dieses Spiel ist eine veränderte Version der Atari 2600-Version von RealSports Baseball. Die Spielsteuerung ist identisch. Die Änderungen bestehen darin, dass die Grafiken und Farben geändert wurden. Außerdem wurden die Optionen auf einen oder zwei Spieler reduziert und ob bei einem Spieler der menschliche Spieler zuerst am Schlag ist oder nicht. Ansonsten ist alles andere gleich. Sie können immer noch Fastballs, Curve Balls, Sinkers usw. werfen, und Sie können immer noch Bunt, Fly Balls schlagen usw. Die Wertung bleibt gleich mit einem Unentschieden nach neun Innings, die in Extra Innings gehen. Die Schwierigkeitsschalter haben keinen Nutzen.
Super Breakout (USA)	Super Breakout bietet ein ähnliches Gameplay wie das Original, aber mit mehreren neuen Spielvarianten. Ihr Ziel ist es, so viele Punkte wie möglich zu verdienen, indem Sie die Steine oben auf dem Spielfeld zerstören. Dazu müssen Sie das Paddel am unteren Rand des Bildschirms verwenden, um einen springenden Ball innerhalb des Spielfelds zu halten. Es sind vier verschiedene Spielvarianten enthalten. Das erste ist „Breakout“ und spielt sich genauso wie das Originalspiel. Damit bleiben drei neue Gameplay-Konzepte übrig. In „Progressiv“ sinken die Mauern langsam zum unteren Rand des Bildschirms und der Ball bewegt sich immer schneller und schneller. Wenn Platz ist, erscheint oben eine neue Ziegelschicht. Die anderen beiden Spiele fügen ein zweites Paddel hinzu. Bei „Double Breakout“ haben Sie zwei Bälle, mit denen Sie im Spiel bleiben und punkten können. In „Cavity“ ist zu Beginn ein einzelner Ball im Spiel, aber zwei zusätzliche Bälle sind in den Steinen eingeschlossen. Diese werden befreit, wenn die sie umgebenden Steine zerstört werden.
Super Challenge Baseball (USA)	Ziel des Spiels ist es, die meisten Runs in 9 Innings oder zusätzlichen Innings zu erzielen, um eine Entscheidung zu treffen. Es gelten die meisten professionellen Baseballregeln: 3 Strikes für ein Out, 4 Bälle für einen Walk, die ersten 2 gefoulten Bälle zählen als Strikes. Jeder Spieler kontrolliert ein 8-Mann-Team. Ein Team stellt auf, während das andere Team am Schlagen ist. Es können Home Runs, Force-Outs, Double- und Triple Plays durchgeführt werden. Schlag auf!
Super Challenge Football (USA)	Ziel des Spiels ist es, den Gegner zu übertreffen. Es gibt Pässe, Läufe, Blocks und Touchdowns! Simulation von 15-Minuten-Schichten. Sie definieren sowohl Angriff als auch Verteidigung. Individuelle Steuerung des Quarterbacks und Linebackers.
Super Cobra (USA)	Du bist ein Hubschrauberpilot auf einer Überwachungsmission im feindlichen Gebiet. Dein Ziel ist es, die verschiedenen Hindernisparcours lebend zu überstehen und so viele Punkte wie möglich zu sammeln. Hohe Gebäude, Berge, enge Tunnel und verschiedene Feinde (z. B. Panzer, Raketen, Minen und vieles mehr) können sich dir in den Weg stellen und deinen Hubschrauber zerstören, wenn du nicht aufpasst. Um sich zu verteidigen, ist der Hubschrauber mit einem Maschinengewehr und Bomben bewaffnet, die zur Zerstörung der feindlichen Panzer und Raketen eingesetzt werden können. Erschwerend kommt hinzu, dass Ihr Hubschrauber nur über eine begrenzte Menge an Treibstoff verfügt. Überall in den Landschaften befinden sich Treibstofftanks; wird einer von ihnen abgeschossen oder bombardiert, erhalten Sie zusätzlichen Treibstoff. Im Laufe der Levels werden die Feinde aggressiver, der Treibstoff wird knapper und die Landschaft wird schwieriger zu navigieren.
Super Football (USA)	Spieler 1 startet immer in der Offensive und trägt rote Trikots. Der Computer (oder Spieler 2) beginnt in der Verteidigung und trägt blaue Trikots. Sie haben die Wahl zwischen Passen oder Laufen. In der Offensive kontrollieren Sie den Quarterback, bis er den Ball zuspielt. Anschließend steuern Sie den Receiver. Der Quarterback kann nicht passen, nachdem er die Scrimmage-Linie überschritten hat. In der Verteidigung kontrollierst du die Ecke.
Super-Ferrari (Germany)	Typisches Rennspiel. Sie müssen mit Ihrem Formel-1-Auto den anderen Autos ausweichen, um bei diesem Grand Prix Erster zu werden. Es ist allerdings cool, wie sich Tag und Nacht und das Wetter ändern. Es stammt von den berühmten „Quelle“-Spielen (Quelle war ein großer deutscher Versandhändler, der auch Videospiele für den Atari 2600 herstellte). Obwohl Super-Ferrari eine Kopie des Rennspiels „Enduro“ von Activision ist, macht es Spaß, es zu spielen. Quelle-Spiele sind in Europa und insbesondere in Deutschland bei Sammlern äußerst unbeliebt. Interessante Tatsache: James Rolfe, der Angry Video Game Nerd, besitzt mindestens eines dieser Spiele.
Superman (USA)	Superman auf Atari VCS 2600, ein von Atari entwickeltes Actionspiel. In seiner ersten Adaption für Konsolen besteht Supermans Mission darin, Metropolis vor dem Einfluss von Lex Luthor zu retten. Er muss zwischen den Wolkenkratzern der Stadt umherfliegen, den Hindernissen ausweichen, die ihm in den Weg gelegt werden, und die Banditen, denen er begegnet, ins Gefängnis schicken.
Surf's Up (USA) (Proto)	Sie steuern ein kleines gelbes Surfbrett (das zufällig die gleiche Größe und Form wie das JoyBoard hat), das Sie über den Bildschirm bewegen können, um zu versuchen, „auf der Welle zu reiten“. Sie können sich zum oberen Ende der Welle bewegen (dargestellt durch eine rote Linie), um Punkte zu erzielen. Wenn Sie jedoch zu lange dort bleiben, werden Sie ausgelöscht. Darüber hinaus können Sie sich auf dem Bildschirm nach links und rechts bewegen, erhalten dafür aber keine Punkte. Es gibt eine zweite rote Linie, die sich auf dem Bildschirm auf und ab bewegt, aber scheinbar nichts bewirkt (vielleicht simuliert sie die Bewegung der Welle?). Sobald Sie sich über den Bildschirm bewegt und ein- oder zweimal ausgelöscht haben, haben Sie alles gesehen, was es im Spiel zu sehen gibt.
Surfer's Paradise - But Danger Below! (Europe)	In Surfer's Paradise besteht das Ziel des Spielers darin, so lange wie möglich oben auf einer Welle zu bleiben. Von Zeit zu Zeit nähert sich ein Hai dem Spieler, der wiederum springen kann, um dem Hai auszuweichen. Wenn sie scheitern oder es ihnen nicht gelingt, oben auf der Welle zu bleiben, fallen sie ins Wasser.
Surround (Europe)	Willkommen in der spannenden und kompetitiven Welt von Surround. Ihr grundlegendes Ziel ist es, Ihren Gegner zu umzingeln, damit ihm der Bewegungsraum ausgeht, und gleichzeitig nicht selbst auf etwas zu stoßen. Sie können eine Blockade errichten, ihn in eine Ecke zwingen oder alleine davonlaufen und hoffen, dass er von alleine auf etwas stößt. Dann gibt es Video Graffiti. Es ist nur zum Spaß ohne den Wettbewerbsvorteil. Mit Video Graffiti können Sie tatsächlich auf dem Bildschirm zeichnen. Surround war einer der neun Launch-Titel des Atari 2600, die im September 1977 veröffentlicht wurden.
Surround ~ Chase (USA)	Willkommen in der spannenden und kompetitiven Welt von Surround. Ihr grundlegendes Ziel ist es, Ihren Gegner zu umzingeln, damit ihm der Bewegungsraum ausgeht, und gleichzeitig nicht selbst auf etwas zu stoßen. Sie können eine Blockade errichten, ihn in eine Ecke zwingen oder alleine davonlaufen und hoffen, dass er von alleine auf etwas stößt. Dann gibt es Video Graffiti. Es ist nur zum Spaß ohne den Wettbewerbsvorteil. Mit Video Graffiti können Sie tatsächlich auf dem Bildschirm zeichnen. Surround war einer der neun Launch-Titel des Atari 2600, die im September 1977 veröffentlicht wurden.
Survival Run (USA)	In diesem Spiel betrittst du unterirdische Höhlen auf einem anderen Planeten. Auf Ihrem Weg müssen Sie feindliche Schiffe und Kraftfelder zerstören. Sie bewegen das Fadenkreuz des Ziels, indem Sie den Joystick bewegen, indem Sie die rote Taste drücken. Sie können sehen, wie sich die Schiffe nähern, aber wenn sie zu nahe kommen, schießen sie auf Sie, wodurch Sie Energie verlieren. Wenn Sie ein Kraftfeld sehen, sehen Sie rechts ein Quadrat. Schieße auf das Quadrat, um das Feld zu deaktivieren. Wenn Ihr Schiff das Feld berührt, verlieren Sie Energie. Sie gewinnen Energie, indem Sie ein Schiff zerstören oder ein Kraftfeld deaktivieren. Verwenden Sie die Karte oben auf dem Bildschirm, um zu bestimmen, welchen Weg Sie einschlagen sollen, links oder rechts. Wenn Sie den falschen Weg wählen oder keine Energie mehr hat, ist das Spiel vorbei.
Sweat! The Decathlon Game (USA)	Schweiß! sollte Starpaths Version von Activisions Decathlon für den Supercharger sein. Angesichts der Tatsache, dass der Supercharger mehr Speicher und größere Spiele ermöglichte, ist Sweat! Wäre es fertig gewesen, wäre es wahrscheinlich ein fantastisches Spiel geworden. Dies geschah natürlich nie, da der Videospielmarkt schnell zusammenbrach und die Leute kein Geld für normale Videospiele ausgaben, geschweige denn für Spiele, die spezielle Hardware erforderten. Ungefähr zu dieser Zeit fusionierte die finanziell angeschlagene Starpath mit Epyx. Die meisten Programmierer von Starpath wechselten zu Epyx und verwendeten das Spielkonzept von Sweat!, um Summer Games zu erstellen.
Swordfight (USA)	En garde! Angriff, Finte, Block, Schlag! Dies ist ein Eins-gegen-eins-Schwertkampf für nur zwei Spieler. Drücken Sie die Taste, um hinein- und herauszuspringen, und bewegen Sie den Joystick, um das Schwert zu schwingen und zu blockieren. Ihr Schwert basiert offensichtlich auf einem Lichtschwert, was die Art und Weise der Klingenausdehnung und die Soundeffekte angeht.
SwordQuest - EarthWorld (USA)	SwordQuest: EarthWorld war ein Abenteuerspiel, das für den Atari 2600 produziert wurde. Das Spiel läuft darauf hinaus, von Raum zu Raum zu gehen, Gegenstände zu finden und fallen zu lassen, Aktionsschritte zu absolvieren, um weitere Gegenstände zu finden, und zu sehen, wie die ungerade Anzahl von Ziffern aufblitzt, wenn man die bekommt richtige Kombination von Gegenständen in den richtigen Räumen. Zahlensätze, zum Beispiel 16-4, waren eigentlich eine Kombination aus einer Seitenzahl und einer Panelnummer im Comic, der dem Spiel beilag. Auf der vom Spiel angegebenen Seite finden Sie irgendwo im nummerierten Panel ein verstecktes Wort. Wenn alle richtigen Wörter gefunden wurden, können Sie sie an Atari senden, in der Hoffnung, den SwordQuest-Wettbewerb zu gewinnen, für den dieses Spiel entwickelt wurde.
SwordQuest - FireWorld (USA)	SwordQuest: FireWorld, das zweite Spiel der SwordQuest-Reihe, war wahnsinnig identisch mit dem ersten Spiel, EarthWorld. In dieser Folge werden Sie von Raum zu Raum gehen, Gegenstände finden und fallen lassen, die Aktionsstufen absolvieren, um mehr Gegenstände zu finden, und die seltsamen Zahlen sehen, die Ihnen aufblitzen, wenn Sie die richtige Kombination von Gegenständen in den richtigen Räumen finden . Die Zahlensätze, zum Beispiel 16-4, waren eigentlich eine Kombination aus einer Seitennummer und einer Panelnummer im Comic, das dem Spiel beilag. Auf der vom Spiel angezeigten Seite finden Sie irgendwo im nummerierten Feld ein verstecktes Wort. Wenn alle richtigen Wörter gefunden wurden, konnte man sie an Atari schicken, in der Hoffnung, den SwordQuest-Wettbewerb zu gewinnen, für den dieses Spiel entwickelt wurde.
SwordQuest - WaterWorld (USA)	Ähnlich wie die Spiele SwordQuest: EarthWorld und davor SwordQuest: FireWorld. In SwordQuest: WaterWorld geht es darum, durch Räume zu gehen, Gegenstände aufzuheben, Aktionsstufen zu meistern, um weitere Gegenstände freizulegen, und zu sehen, wie die seltsamen Zahlen aufblitzen, wenn man die richtigen Gegenstände in den richtigen Räumen hat. Die Zahlensätze, zum Beispiel 8-4, waren eigentlich eine Kombination aus einer Seitennummer und einer Panelnummer im Comic, das dem Spiel beilag. Auf der vom Spiel angezeigten Seite finden Sie irgendwo im nummerierten Feld ein verstecktes Wort. Wenn alle richtigen Wörter gefunden wurden, konnte man sie an Atari schicken, in der Hoffnung, den SwordQuest-Wettbewerb zu gewinnen, für den dieses Spiel entwickelt wurde.
Tac-Scan (USA)	Feindliche Luftschiffe nähern sich Ihrer Kommandobasis! Sie müssen Ihr Geschwader aus fünf Flugzeugen in die Schlacht fliegen, um es zu verteidigen. Tac-Scan ist eine Umsetzung des Arcade-Spiels. Sie steuern ein Geschwader von fünf Schiffen am unteren Bildschirmrand. Ihr Ziel ist es, so viele Punkte wie möglich zu sammeln, indem Sie die verschiedenen angreifenden Feinde zerstören. Wenn eines der Schiffe Ihres Geschwaders von feindlichem Feuer getroffen wird, wird es zerstört. Das Spiel endet, wenn alle fünf Schiffe zerstört wurden. Im Laufe des Spiels haben Sie gelegentlich die Möglichkeit, fehlende Schiffe aufzufüllen. Jedes Mal, wenn Sie eine Runde abschließen, indem Sie zehn Feinde abschießen, schwebt ein zusätzliches Schiff auf dem Bildschirm vorbei. Sie können dieses Schiff zu Ihrem Geschwader hinzufügen, indem Sie es an einem leeren Platz in der Formation fangen. Jedes Mal, wenn Sie vier Runden abschließen, geht das Spiel mit erhöhtem Schwierigkeitsgrad zum nächsten Level über!
Tanks but No Tanks (USA)	Phantom Tank macht die Verteidigung einer Energiebasis zu einem immer härter werdenden Panzergefecht. In drei Phasen kämpfst du dich von einer schützenden Stadtlandschaft über eine offene Brückenzone bis zu einem kompromisslosen Schlussangriff ohne Deckung. Da immer nur ein Schuss gleichzeitig möglich ist, zählt jeder Treffer, und selbst feindliche Geschosse müssen gezielt abgefangen werden. Gerade dieser steigende Druck bis zur letzten Verteidigungslinie verleiht dem Spiel seinen spannenden Reiz.
Tapeworm (USA)	Du bist Slinky, der Regenwurm. Sie müssen sich über den Bildschirm bewegen und Bohnen essen. Jedes Mal, wenn Sie eine Bohne essen, werden Sie größer. Bohnen erscheinen zufällig auf dem Bildschirm und müssen gegessen werden, bevor sich der Käfer von links nach rechts bewegt, um den Countdown auf Null zu bringen. Wenn der Käfer rechts vor der Bohne ankommt, erscheinen zwei zusätzliche Samen auf dem Bildschirm und werden zum Zählen hinzugefügt. Manchmal fliegen der Beeky Bird oder die Spanky Spider über den Bildschirm. Du verlierst ein Leben, wenn du deinen Kopf berührst, wenn du Wände oder Hindernisse auf deinem Weg triffst.
Tapper (USA)	Das Tapper-Spiel auf Atari VCS 2600 versetzt Sie in die Lage eines Barkeepers. Sie müssen Ihren Kunden Getränke servieren, bevor diese Sie erreichen. Für jeden bedienten Kunden erhalten Sie Punkte. Ziel ist es, die meisten Punkte zu erzielen.
Tax Avoiders (USA)	Du bist John Q und willst reich sein. In diesem Spiel beginnen Sie auf dem Einkommensbildschirm, wo Sie versuchen, Geld einzusammeln und dabei den bürokratischen Aufwand der Regierung (der wie rote Schlangen aussieht) vermeiden. Sie haben nur ein Jahr Zeit, um Ihr Geld zurückzubekommen und es anzulegen. Jede Sekunde vergeht ein Tag.
Taz (USA)	Obwohl der Name in den Vereinigten Staaten nichts bedeutet, ist Asterix ein bekannter Comic-Held. Asterix und sein Kumpel Obelix sind zwei schelmische Krieger, die ständig die Versuche römischer Soldaten vereiteln, Gallien zu erobern. Asterix wurde ursprünglich 1959 erstellt und ist bis heute beliebt, was ihn zu einem der ältesten Comics überhaupt macht.
Telepathy (USA) (Proto)	Telepathy ist eines von zwei bekannten Prototyp-Spielen, die für Ataris gescheiterten Mindlink-Controller entwickelt wurden. Der Mindlink war ein Stirnband, das der Spieler auf dem Kopf trug und an den Joystick-Anschluss anschloss. Die Idee war, dass die Sensoren des Mindlinks alle Gesichtsbewegungen oder Muskelzuckungen des Spielers erfassen würden. Atari sagte tatsächlich, dass der Mindlink die Gedanken des Spielers las (natürlich hat er das getan ...). Das Problem bestand darin, dass Mindlink in den ersten Testläufen nicht sehr gut funktionierte, und selbst wenn es funktionierte, klagten die Spieler über Kopfschmerzen und Schwindel, weil sie den ganzen Tag im Gesicht zuckten. Nach enttäuschenden Testergebnissen wurde der Mindlink-Controller klugerweise gestrichen. Telepathy wurde eigentlich als Demo entwickelt, um zu zeigen, welche Art von Spielen Mindlink leisten kann. Diese „Demo“ besteht aus sieben verschiedenen Action-Bildschirmen, die durch ein lockeres „Mine“-Thema zusammengehalten werden. Zum Glück kann Telepathy ohne den Mindlink-Controller gespielt werden (im Gegensatz zu Bionic Breakthrough), indem man die Joystick-Taste drückt. Es ist nicht bekannt, ob Atari daran dachte, Telepathy ohne Mindlink zu veröffentlichen, oder ob der Joystick-Code zu Testzwecken in das Spiel eingefügt wurde.
Tempest (USA) (Proto)	Auf der Liste der Spiele, die man wahrscheinlich nie auf dem 2600 hätte ausprobieren sollen, dürfte Tempest ganz oben stehen. Warum Atari beschlossen hat, ein 3D-Vektorspiel auf dem 2600 zu reproduzieren, ist mir ein Rätsel, aber die Ergebnisse waren nicht sehr schön. Manchmal muss man die Grenzen des 2600 respektieren.
Tennis (USA)	Tennis ist ein Einzeltennisspiel, das von einem Spieler gegen den Computer oder von zwei Spielern gegeneinander gespielt werden kann. Das Spiel folgt den Standard-Tennisregeln und ermöglicht es Ihnen, eine Vielzahl von Vorhand- und Rückhandschlägen an jeder Stelle des Platzes zu treffen. Es sind zwei Schwierigkeitsstufen enthalten; ein langsameres Übungsspiel und das anspruchsvollere Full-Speed-Spiel.
Tennis - International Edition (Europe)	Tennis ist ein Einzeltennisspiel, das von einem Spieler gegen den Computer oder von zwei Spielern gegeneinander gespielt werden kann. Das Spiel folgt den Standard-Tennisregeln und ermöglicht es Ihnen, eine Vielzahl von Vorhand- und Rückhandschlägen an jeder Stelle des Platzes zu treffen. Es sind zwei Schwierigkeitsstufen enthalten; ein langsameres Übungsspiel und das anspruchsvollere Full-Speed-Spiel.
Texas Chainsaw Massacre, The (USA)	Eine reißende Kettensäge steht Ihnen zur Verfügung, während Sie die Ledermaske eines Verrückten tragen! Ihre Opfer werden mit einem lebenden Albtraum konfrontiert, während Sie die ultimative Waffe einsetzen – eine unerbittliche Kettensäge! Lassen Sie Ihren schlimmsten Fantasien freien Lauf! Erleben Sie die totale Freude der Zerstörung, während Sie Ihre Opfer mit den messerscharfen Zähnen einer hungrigen Kettensäge verfolgen! Die Geschichte ist wahr, der Film ist gruselig, das Videospiel ist schrecklich! Dieses Spiel ist sehr schwer zu finden, da viele Einzelhändler sich geweigert haben, es zu führen. Andere bewahrten das Spiel außerhalb der Reichweite von Kindern hinter der Theke auf. Wizard Video sah sich bei der Veröffentlichung dieses Spiels mit Protesten konfrontiert, wobei einige soziale Gruppen behaupteten, dass es Gewalt befürworte. Mit der Verpackung und dem Handbuch ist es sehr schwer zu finden.
Threshold (USA)	Threshold ist ein Shoot'em-Up-Spiel. Sie steuern ein Raumschiff am unteren Bildschirmrand und müssen mehrere feindliche Formationen am oberen Bildschirmrand abschießen. Um die Sache noch schwieriger zu machen, gibt es ein begrenztes Zeitlimit in Form eines Treibstofftanks, der wieder aufgefüllt wird, nachdem Sie eine bestimmte Anzahl von Wellen geschafft haben. Darüber hinaus ist sein Raumschiff mit einem Laser ausgestattet, der zur Überhitzung neigt. Jeder Treffer erhöht die Hitzeleiste des Lasers leicht. Sobald es sein Maximum erreicht hat, können Sie nicht mehr schießen und müssen warten, bis es abgekühlt ist, während Sie Ihre Tankanzeige im Auge behalten.
Thunderground (USA)	Auf der Oberfläche des Planeten gibt es sechs Atombasen. Man muss unter der Erde graben und sie zerstören. Aber seien Sie gewarnt, sie werden von Core-Ranger-Panzern beobachtet, die Sie zerstören werden, wenn sie Sie im Visier haben.
Thwocker (USA) (Proto)	Thwocker ist ein Spiel, das so seltsam ist wie sein Name. Thwocker wurde von Charlie Heath (von Reactor) geschrieben und als „Turnier mit Musikinstrumenten“ beschrieben. Das ist zwar keine schlechte Beschreibung, aber sie veranschaulicht nicht wirklich alle Gameplay-Elemente, die Thwocker zu einem so interessanten Spiel machen. Sie steuern einen kleinen Dirigenten (der zufällig wie eine Bowlingkugel aussieht), der durch ein Labyrinth hüpfen und Noten für sein Lied sammeln muss. Unterwegs müssen Sie verschiedenen Musikinstrumenten aus dem Weg gehen, die es auf Sie abgesehen haben (können wir nicht einfach alle miteinander auskommen?). Sie können sich jedoch nicht einfach irgendwelche Noten schnappen, sondern müssen sie in der richtigen Reihenfolge einsammeln. Der aktuell benötigte Notiztyp wird unten auf dem Bildschirm angezeigt. Wenn Sie die falsche Art von Note berühren, prallen Sie von ihr ab und Ihr Dirigent fliegt über den Bildschirm (normalerweise in einen wartenden Feind). Nachdem Sie alle Noten gesammelt haben, müssen Sie das Violinschlüsselsymbol oben im Labyrinth ergreifen, um das Lied zu starten. Sobald das Lied zu spielen beginnt, kann Ihr Charakter bis zum Ende des Liedes Feinde berühren und Punkte sammeln (stellen Sie sich das wie eine Energiekugel vor). Nachdem Sie das Lied beendet haben, können Sie das Level verlassen, indem Sie das Ausgangsquadrat berühren.
Time Pilot (USA)	Time Pilot ist ein Shooter im Arcade-Stil. Als Pilot deines treuen Raumschiffs musst du Staffeln angreifender feindlicher Schiffe zerstören! In jedem Level gibt es eine bestimmte Anzahl an Feinden, die vernichtet werden müssen. Nachdem Sie Ihre Quote erreicht haben, erscheint ein Endgegner des Levels. Sobald es zerstört ist, gelangen Sie zum nächsten Level. Das Spiel beginnt im Jahr 1910 und jedes Mal, wenn ein Level abgeschlossen wird, bewegen Sie sich in der Zeit vorwärts. Im Jahr 1910 muss man sich nur mit relativ unbewaffneten Doppeldeckern auseinandersetzen, aber mit fortschreitendem Level entwickelt sich die Technologie weiter. Jedes neue Level bringt härtere und schwerer bewaffnete Flugzeuge mit sich, darunter Jets, Hubschrauber und sogar fliegende Untertassen! Gelegentlich werden Sie auf einen Fallschirm stoßen; Wenn Sie darauf stoßen, erhalten Sie Bonuspunkte.
Time Warp (USA)	In diesem Spiel sitzt du in einer Art Raumschiff (das Cover sieht aus wie ein futuristisches Passagierflugzeug mit angebrachten Waffen), das durch eine Höhle fliegt, während du es mit mehreren Feinden aufnimmst, die dich von der rechten Seite des Bildschirms angreifen . Nachdem Sie ein paar Runden überlebt haben, begeben Sie sich in eine unterirdische Höhle, wo Sie durch einen tückischen Korridor fliegen und versuchen, an einer Tankstelle anzudocken. Danach geht es wieder ans Sprengen von Zielen. Aufschäumen, ausspülen, wiederholen.
Title Match Pro Wrestling (Europe)	Die Schreie der Menge erschüttern die Arena, während die Anwärter auf den Titelgürtel gegeneinander antreten. Mad Dog macht den ersten Schritt, indem er seine Fäuste auf die Brust des keuchenden Skin Head schlägt und dann mit einem Tritt gegen das Schienbein reagiert. Mad Dog knurrt und packt Skin Head von hinten, um ihn durch den Ring zu ziehen und herumzuwirbeln. Er lässt ihn fallen, sodass er in die Seile fliegt und zurückprallt, um Mad Dogs Betonunterarm an seinem Hals zu treffen ... eine perfekt ausgeführte Wäscheleine.
Title Match Pro Wrestling (USA)	Die Schreie der Menge erschüttern die Arena, während die Anwärter auf den Titelgürtel gegeneinander antreten. Mad Dog macht den ersten Schritt, indem er seine Fäuste auf die Brust des keuchenden Skin Head schlägt und dann mit einem Tritt gegen das Schienbein reagiert. Mad Dog knurrt und packt Skin Head von hinten, um ihn durch den Ring zu ziehen und herumzuwirbeln. Er lässt ihn fallen, sodass er in die Seile fliegt und zurückprallt, um Mad Dogs Betonunterarm an seinem Hals zu treffen ... eine perfekt ausgeführte Wäscheleine.
Tomarc the Barbarian (USA)	Tomarc der Barbar ist ein Spiel, das auf dem Atari VCS 2600 veröffentlicht wurde. Der Spieler verkörpert abwechselnd Tomarc, der in Höhlen voller Feinde nach seinem magischen Schwert sucht, und Senta, das gefangene junge Mädchen, das er befreien muss und das gegen riesige Fledermäuse und andere kämpfen muss Gegner.
Tooth Protectors (USA)	In diesem Spiel bist du T.P., der Zahnschützer, und versuchst, einige Zähne durch Snack-Attacken vor Karies zu schützen. Snack Attack bewegt sich über den oberen Bildschirmrand und lässt Snackkrümel in Richtung der Zähne fallen. Sie bewegen sich zum unteren Bildschirmrand, direkt über den Zähnen. Sie müssen die Krümel nach oben ablenken, in der Hoffnung, Snack Attack oder einen fallenden Krümel zu treffen, um Punkte zu erhalten. Jede Runde ist zeitlich begrenzt. Sie spielen, bis die Zeit abgelaufen ist, und erhalten dann Bonuspunkte, abhängig vom Wetter, den verlorenen Zähnen und der Anzahl der Zähne. Gelegentlich versucht Snack Attack herunterzukommen und dich zu packen. Wenn man erwischt wird, verliert man einen Mann. Wenn einer oder mehrere Ihrer Zähne vom Verlust bedroht sind, was durch das Blinken angezeigt wird, können Sie den Feuerknopf drücken, um an Zahnbürste, Zahnseide von Johnson & Johnson und Zahnspülung mit Fluorid von Act zu gelangen, um diesen/diese Zähne/Zähne zu retten. Sie erhalten zu Beginn drei dieser Reinigungen, erhalten aber alle 50.000 Punkte Bonusreinigungen. Das Spiel ist vorbei, wenn Sie drei Ihrer Männer oder drei Ihrer Zähne verloren haben.
Top Gun (Germany)	Ein einfacher Flugsimulator und ein Luftkampfspiel. Schießen Sie auf die Flugzeuge, vermeiden Sie die Flak. Sie haben eine begrenzte Menge an Munition und Treibstoff. Schießen Sie 10 Flugzeuge ab und Sie können landen, um aufzutanken, aber Sie können Munition verlieren. Sie erhalten nur so viel Munition, wie Sie beim letzten Mal erfolgreich Flugzeuge abgeschossen haben.
Towering Inferno (USA)	Ein Wolkenkratzer in der Innenstadt hat Feuer gefangen, viele Menschen sind eingeschlossen und Sie müssen zur Rettung kommen! Ihr Ziel ist es, so viele Überlebende wie möglich aus den vielen Stockwerken des Gebäudes zu retten.
Track and Field (USA)	Track & Field ist ein Sportspiel, das auf dem Atari VCS 2600 veröffentlicht wurde. Der Spieler kann verschiedene olympische Disziplinen wie 400 m, Weitsprung, Hammerwurf und andere ausprobieren.
Treasure Below (Europe)	Dort unten wartet ein sagenhafter goldener Schatz darauf, geborgen zu werden. Es besteht auch große Gefahr, da Quallen, Tintenfische, Haie und andere Unterwasserlebewesen in der Tiefe patrouillieren. Sie haben Ihr treues Messer und Ihre Harpune zum Schutz. Seien Sie vorsichtig, manchmal umgeben Sie diese Seeungeheuer und Sie müssen sich Ihren Weg nach oben erkämpfen, um Ihren goldenen Schatz zusammen mit Ihrer Suche zu behalten. Die Aktion wird immer schneller. Sie testen alle Videofähigkeiten, die Sie kennen, und erfinden ein paar neue, aber den Schatz bekommen Sie ...
Treasure Island (Europe)	Sie steuern ein Schiff auf der linken Seite des Bildschirms und passen die Flugbahn Ihrer Kanone an, während Sie Kanonenkugeln auf Schiffe und Meerestiere abfeuern. Treasure Island hat ein paar schöne visuelle Schnörkel, wie Schiffe, die von winzigen Rudern durch das Wasser getrieben werden.
Trick Shot (USA)	Trick Shot ist ein Billardspiel für einen oder zwei Spieler. Sie haben die Wahl zwischen Billard (der erste Spieler mit 25 oder 50 Punkten gewinnt), Tricks (Versuch, Punkte zu sammeln, indem Sie alle Bälle auf dem Brett auf einmal versenken) oder einem Trainingsspiel mit verschiedenen Tricks.
TRON - Deadly Discs (USA)	Basierend auf dem Film von Walt Disney spielen Sie einen Mann, der in einer Computerwelt gefangen ist und in Bewegung bleiben muss, um nicht verletzt zu werden. Drei Feinde auf einmal werden auf Sie zukommen und Scheiben auf Sie werfen. Sie müssen in Bewegung bleiben, um ihnen auszuweichen, und gleichzeitig Scheiben auf sie abfeuern. Sie können verschiedene Türen betreten, die Sie in einen anderen Teil des Raums teleportieren und Ihnen die Chance geben, die Feinde unvorbereitet zu erwischen. Es gibt zwei Schwierigkeitsstufen und je höher Ihre Punktzahl, desto schwieriger wird das Spiel. Wenn Sie Gutes tun, bewegen sich Ihre Feinde schneller, werden präziser und die Scheiben werden viel schneller.
Tunnel Runner (USA)	Tunnel Runner ist ein fortschrittliches 3D-Labyrinth-Spiel, im Wesentlichen so, wie eine First-Person-Version des Pac-Man-Spiels aussehen würde. Da &quot;Tunnel Runner&quot; mit einem eingebauten erweiterten Speicherchip (RAM Plus!) entwickelt wurde, können seine 12 KB Speicher das Labyrinth in drei Dimensionen darstellen. Daher ist das Spielfeld ein farbenfrohes, dreidimensionales Labyrinth, sodass Sie sich nie selbst sehen ... nur die Wände auf beiden Seiten von Ihnen, die die Korridore bilden, durch die Sie reisen. Wenn Sie sich durch die Gänge bewegen, erscheinen auf beiden Seiten zusätzliche Tunnel, in die Sie einbiegen können, indem Sie nach links und rechts drücken. Ihr Hauptziel ist es, den versteckten Schlüssel zu finden und einzusammeln, der sich an einer anderen Stelle in jedem Labyrinth befindet. Mithilfe eines MAP können Sie sich im Labyrinth bewegen. Während Sie versuchen, den Schlüssel zum Verlassen des Levels zu finden, müssen Sie auch den hungrigen Zots ausweichen. Sie werden diese feindlichen Kreaturen im gesamten Labyrinth entdecken. Das erfolgreiche Wiedererlangen des Schlüssels, ohne von den Zots abgefangen zu werden, öffnet das Portal zum nächsten Level. Wenn Sie jedes Level bestehen, werden Sie feststellen, dass die Komplexität und Schwierigkeit zunimmt, während Ihre KARTE nach und nach immer weniger Informationen preisgibt … letztendlich wird Ihre Karte von geringem Nutzen sein und Sie müssen nur durch Instinkte und schnelles Denken überleben!
Turmoil (USA)	Turmoil ist ein rasanter Shooter. Sie steuern ein Schiff, das in einer Kammer mit sieben Tunneln gefangen ist. Ihr Schiff kann sich nur in einem vertikalen Korridor, der die Tunnel verbindet, auf und ab bewegen. Du bist jedoch nicht allein. Eine Vielzahl von Feinden durchstreift diese Tunnel und ist auf deine Zerstörung konzentriert. Daher besteht das ultimative Ziel von „Turmoil“ darin, den Mittelgang zu vergrößern und zu verkleinern und dabei die Außerirdischen in die Luft zu jagen.
Tutankham (USA)	Sie sind ein Erforscher des Grabes von König Tut und haben die Mission, so viele wertvolle Schätze zu bergen, wie Sie finden können. Zusätzlich zu den Schätzen finden Sie in jedem der Räume auch einen Schlüssel. Dies ist notwendig, um den Eingang zur nächsten, schwierigeren Kammer freizuschalten. Seien Sie vorsichtig, das Grab wird von vielen gefährlichen Kreaturen bewacht!
Universal Chaos (USA)	Übernehmen Sie die Kontrolle über einen Panzer im feindlichen Gebiet. Während Sie durch Spalten und Linien navigieren, müssen Sie vermeiden, feindliche Panzer zu treffen und sie in kleine Stücke zu sprengen. Schnappen Sie sich den Bonus bei Ihrer Suche nach ein paar Extrapunkten und einer kurzen Entspannung von der rasanten Action. Je mehr Panzer Sie umstoßen, desto wütender ist der Feind hinter Ihnen. Es gibt vier Schwierigkeitsstufen und die Möglichkeit, dass zwei Spieler abwechselnd gegeneinander antreten.
Up 'n Down (USA)	Up 'n Down ist ein Rennspiel, das auf dem Atari VCS 2600 veröffentlicht wurde. Ziel des Spiels ist es, ein Rennen gegen Konkurrenten zu gewinnen, dabei farbige Flaggen zu sammeln und Fallen zu vermeiden.
Vanguard (USA)	In Vanguard ist es dein Ziel, dein Raumschiff in die Stadt des Mysteriums zu steuern, die sich am Ende eines schwer bewachten Tunnels befindet, und dort angekommen, die Kreatur Gond zu vernichten. Der Tunnel ist in mehrere verschiedene Zonen unterteilt, die als Bergzone, Regenbogenzone, Stockzone, Streifenzone, Dunkelzone und Stadt des Mysteriums bezeichnet werden. Jede Zone bietet verschiedene Arten von feindlichen Raumschiffen, mit denen Sie umgehen müssen, und kann horizontal oder vertikal scrollen. In der Bergzone oder der Streifenzone können Sie auch auf eine Energiekapsel stoßen, die mit einem &quot;E&quot; gekennzeichnet ist. Wenn Sie durch diese fliegen, wird Ihr Raumschiff vorübergehend unbesiegbar für die tödlichen Wände der Höhle und die vielen Feinde, die versuchen, Sie aufzuhalten.
Venetian Blinds Demo (USA) (Demo)	Wie der Name schon sagt, handelt es sich bei der Venetian Blinds-Demo nicht um ein Spiel, sondern um eine Demo, die ein Paar Jalousien simuliert! Mit dem Joystick können die Jalousien durch Hoch- oder Runterdrücken angehoben und abgesenkt werden. Wenn die Jalousien hochgezogen sind, ist aus dem Fenster ein wunderschön gestalteter Sonnenuntergang zu sehen. Die Geschichte hinter der Venetian Blind-Demo ist ziemlich interessant. Wie die meisten Menschen wissen, wurde Activision von mehreren ehemaligen Atari-Mitarbeitern gegründet, die das Unternehmen aufgrund der Atari-Richtlinien zur Anerkennung von Programmierern (oder deren Fehlen) verlassen hatten. Einer dieser Mitarbeiter war Bob Whitehead, Erfinder der „Venetian Blinds“-Technik, die erstmals in Ataris Videoschach verwendet wurde, um acht statt der üblichen sechs Objekte hintereinander anzuzeigen.
Venture (USA)	Venture ist ein Actionspiel auf Atari 2600, in dem Sie in mehreren Dungeons möglichst viele Schätze sammeln müssen. Du musst mit deiner Armbrust als einziger Waffe gegen verschiedene Kreaturen kämpfen, um dich durch diese Dungeons zu bewegen und deine Quest abzuschließen.
Video Checkers ~ Checkers (USA)	Video Checkers für Atari VCS 2600 ist eine Simulation des von Atari entwickelten Spiels Checkers. Die Software verwendet die klassischen Regeln des Damespiels. Es enthält mehrere Spielmodi: einen klassischen Modus, einen 2-Spieler-Modus und einen Variantenmodus, bei dem das Ziel des Spiels darin besteht, sich verlieren zu lassen.
Video Chess (USA)	Video Chess für Atari VCS 2600 ist ein von Atari entwickeltes Schachsimulationsspiel. Das Spiel basiert auf den klassischen Regeln des Brettschachs. Es gibt 8 Schwierigkeitsstufen, die die Zeit beeinflussen, die der Computer benötigt, um über seine Züge nachzudenken.
Video Jogger (USA)	Dies ist ein Spiel, das Ihnen beim Training mithilfe des Foot Craz-Pads und einer visuellen Darstellung auf dem Bildschirm hilft. Sobald Sie die Strecke umrundet haben, sind es ungefähr fünfunddreißig Meter. Treten Sie zunächst auf den grünen Punkt auf dem Pad. Es gibt zwei Gleise. Der obere ist langsamer und der untere ist schneller. Um zu spielen, treten Sie abwechselnd auf die blauen und orangefarbenen Punkte, damit das fröhliche Gesicht über die Strecke geht. Die Temposymbole, die die Strecke umkreisen, dürfen Sie nicht berühren, wenn sie rot sind, sondern nur, wenn sie grün sind. Um auf die untere Spur zu wechseln, treten Sie auf den roten Punkt. Um zur oberen Spur zurückzukehren, treten Sie auf den gelben Punkt.
Video Life (USA)	Video Life verwandelt Ihren Fernseher in ein Doodle-Tablet, auf dem Sie detaillierte Bilder, Muster und Symbole erstellen können. Video Life bringt Ihr Bild dann zum Pulsieren und wächst zu neuen und unerwarteten Mustern, begleitet von musikalischer Tonbegleitung. Ihre Fantasie gepaart mit der unermüdlichen Entwicklung beliebiger Muster durch den Spielcomputer sind eine ideale kreative Kombination. Die unzähligen Variationsmöglichkeiten sorgen dafür, dass es immer wieder neue und überraschende Muster zu entdecken gibt.
Video Olympics ~ Pong Sports (USA)	Video Olympics ist ein Actionspiel mit zahlreichen Variationen des Spiels Pong. Zwei Spieler (oder ein Spieler gegen den Computer) steuern Schläger auf dem Bildschirm und versuchen zu verhindern, dass ein springender Ball an ihnen vorbeikommt. In den einfachsten Spielvarianten hat jeder Spieler ein einzelnes Paddel und es gibt keine Hindernisse auf dem Bildschirm. Die anderen Spielvarianten fügen Schläger und Hindernisse hinzu, und einige sind lose von verschiedenen Sportarten inspiriert und verändern das Spielfeld, aber das Ziel bleibt dasselbe: Schlagen Sie den Ball an Ihren Gegnern vorbei ins Tor, um Punkte zu sammeln.
Video Pinball (Europe)	Video Pinball ist eine Flipper-Simulation für einen oder zwei Spieler. Sie beginnen das Spiel mit drei Bällen und müssen so viele Punkte wie möglich erzielen, indem Sie die verschiedenen Stoßfänger, Spinner und Überschläge auf dem Flippertisch treffen. Ein zusätzlicher Ball kann verdient werden, indem Sie viermal hintereinander auf das Atari-Logo-Rollover treffen! Es sind zwei Schwierigkeitsgrade und vier Spielvarianten enthalten.
Video Pinball ~ Arcade Pinball (USA)	Video Pinball ist eine Flipper-Simulation für einen oder zwei Spieler. Sie beginnen das Spiel mit drei Bällen und müssen so viele Punkte wie möglich erzielen, indem Sie die verschiedenen Stoßfänger, Spinner und Überschläge auf dem Flippertisch treffen. Ein zusätzlicher Ball kann verdient werden, indem Sie viermal hintereinander auf das Atari-Logo-Rollover treffen! Es sind zwei Schwierigkeitsgrade und vier Spielvarianten enthalten.
Video Reflex (USA)	Sie müssen auf den Punkt treten, der dieselbe Farbe hat wie das Quadrat, auf dem sich der Käfer befindet. Wenn Sie zu lange warten oder den falschen Punkt treffen, verlieren Sie eines Ihrer acht Leben. In späteren Levels gibt es einen Käfer und einen Schmetterling. Sie müssen auf den Käfer treten, aber nicht auf den Schmetterling. In anderen Levels gibt es zwei Käfer und einen Schmetterling und Sie können möglicherweise auf jeden Käfer treten oder müssen in einer bestimmten Reihenfolge darauf treten.
Vogel Flieh (Europe)	Dolphin ist ein Spiel, das auf dem Atari VCS 2600 veröffentlicht wurde. Der Spieler verkörpert einen Delphin, der einem riesigen Oktopus entkommen muss, indem er immer schneller schwimmt und Hindernissen ausweicht.
Wabbit (USA)	In Wabbit steuerst du die Bäuerin Billie Sue, die ihre Karottenernte schützen muss! Das Feld wird von Kaninchen heimgesucht und Sie müssen sie vertreiben. Auf beiden Seiten des Bildschirms befinden sich fünf Kaninchenlöcher; Die Kaninchen werden aus den Löchern kommen und versuchen, die Karotten zu stehlen. Man muss die Kaninchen mit faulen Eiern bewerfen, um sie zu verscheuchen. Jedes Mal, wenn die Kaninchen eine Karotte greifen, wird ihrer Punktzahl ein Punkt hinzugefügt. Jedes Mal, wenn Sie ein Kaninchen mit einem Ei treffen, erhalten Sie Punkte. Für jeweils 100 Punkte, die Sie verdienen, verlieren die Hasen 25 Punkte. Das Spiel endet, wenn die Hasen 100 Punkte erreicht haben. Es sind mehrere Spielvarianten enthalten, sodass ein, zwei oder drei Hasen gleichzeitig erscheinen können.
Walker ~ Schussel, der Polizistenschreck (Europe)	Das Ziel dabei ist ebenso banal wie der englische Titel selbst: Man läuft die Straße entlang und muss das andere Ende des Bildschirms erreichen, bevor einem die Zeit davonläuft. Dies wird nicht in Form von Balken angezeigt, sondern durch die Anzahl der Punkte. Mit jeder verstrichenen Sekunde werden konsequent Punkte abgezogen, sinkt dieser auf Null, endet das Spiel. Allerdings erreicht die Motivation vor Spielende ihren Nullpunkt, denn nach einer halben Minute hat man alles im Spiel gesehen. Ist der erste Bildschirm noch leer, findet man im zweiten einen stehenden Polizisten, der übersprungen werden muss. Im dritten Abschnitt sind es bereits zwei und so weiter. Der Vorteil besteht darin, dass sich die Sergeants bewegen, bis das Spiel nach sechs Bildschirmen von vorne beginnt. Die einzige Änderung ist der schnellere Ablauf des Zeitpads.
Wall Ball (USA)	Brechen Sie mit der „flachen“ Gewohnheit ab und entdecken Sie eine neue Dimension der Videospiele. Spielen Sie mit der Geschwindigkeit, Kontrolle und den Fähigkeiten des Handballs, aber ohne das Haus zu verlassen. Beginnen Sie langsam oder schnell, aber wundern Sie sich nicht, wenn Wall Ball Ihnen ein gutes Training bietet!
Wall Break (Europe)	Du bist der Verteidiger und hast nur eine Chance.
Wall-Defender (USA)	Wall-Defender ist ein Spiel, das auf dem Atari VCS 2600 veröffentlicht wurde. Ziel des Spiels ist es, Ihre Festung zu verteidigen, indem Sie auf die wogenden Wellen von Außerirdischen schießen.
Warlords (USA)	In Warlords musst du dich gegen drei menschliche und/oder Computer-Spieler verteidigen. Jeder der vier Spieler befindet sich in einer der Ecken des Bildschirms, die von einer Burg bewacht wird. Du steuerst einen kleinen Schild, der um den Rand der Burg bewegt werden kann. Um zu überleben, musst du mit dem Schild einen Ball abblocken, der über den Bildschirm hüpft. Wenn der Ball deine Burg trifft, wird er einige der Ziegelsteine zerstören. Wenn sich ein Loch in der Burgmauer bildet und der Ball durchkommt und deinen Warlord trifft, ist das Spiel für dich zu Ende. Der letzte Spieler, der noch am Leben ist, gewinnt die Schlacht, und der erste Spieler, der fünf Schlachten gewonnen hat, gewinnt das Spiel! Es sind mehrere Spieloptionen enthalten, mit denen du den Ball entweder fangen oder abprallen lassen kannst, wenn der Schild ihn berührt, und die die Geschwindigkeit des Spiels steuern.
Warplock (USA)	Am Rande der Galaxie, am Rande von Hyperraum und Hyperzeit, ist Ihr Raumschiff in einer seltsamen Raum-/Zeitverzerrung gefangen. Sie werden von einer Bande Weltraumpiraten umzingelt, die entschlossen sind, Sie und Ihre Crew zu zerstören.
Wing War (Europe)	Wing War ist ein Actionspiel, in dem du einen Drachen kontrollierst. Beginnend in Ihrer unterirdischen Höhle ist es Ihr Ziel, einen funkelnden Diamanten einzufangen. Um dies zu tun, musst du zuerst den Geheimgang aufschließen, indem du einen Kristall aus Feuer, Wasser und Luft zurück in deine Höhle bringst. Kristalle können gefunden werden, indem Sie die verschiedenen verfügbaren Orte erkunden. Normalerweise müssen Sie einen der vielen Feinde zerstören, damit er sich in einen Kristall verwandelt. Feuer- und Wasserkristalle können sich nicht gleichzeitig in der Höhle befinden, ein Luftkristall muss dazwischen platziert werden; dann musst du die Kristalle in der Reihenfolge Feuer, Luft, Wasser oder Wasser, Luft, Feuer zurückbringen. Danach wird ein Superkristall gebildet, um den Geheimgang zu öffnen, damit Sie versuchen können, den Diamanten zu bekommen! Dein Drache hat eine begrenzte Energiemenge; Wenn Sie von Feinden getroffen werden, wird die Energie verbraucht und das Spiel endet, wenn alle Ihre Drachen all ihre Energie verlieren.
Wings (USA) (Proto)	Wie Sie vielleicht schon bei einem Namen wie Wings erraten haben, dreht sich bei diesem Spiel alles um Flugzeuge. Wings ist ein Luftkampfsimulationsspiel, das dem Atari Lynx-Titel War Birds ähnelt. Wings war ursprünglich als 4K-Spiel gedacht, aber man entschied, dass der Versuch, einen kompletten Flugsimulator in eine winzige 4K-Kassette zu packen, zu schwierig sei. Daher wurde Wings zurückgestellt, bis die Entwicklung des RAM Plus-Chips (ein 10,5-KByte-RAM-Chip) dies ermöglichte. Man ging viele Jahre lang davon aus, dass Wings als Prototyp existierte, wurde aber erst Ende 2004 entdeckt. Ursprünglich ging man davon aus, dass Wings den Booster Grip-Controller für seine komplexen Steuerungen verwenden würde, aber als der Prototyp schließlich gefunden wurde, stellte sich heraus, dass dies der Fall war unterstützte nicht nur den Booster Grip, sondern stattdessen auch ein seltsames Zwei-Joystick-Schema (ähnlich dem späten Atari-Release Radar Lock).
Winter Games (USA)	Winterspiele sind eine Reihe von sieben spannenden Wettbewerben. An diesem internationalen Wettbewerb können bis zu acht Spieler teilnehmen, die jeweils ein Land auswählen, für das sie antreten möchten. Das Ziel besteht darin, dass Ihr Land die Nase vorn hat. Sie nehmen an reinen Geschwindigkeitswettbewerben wie Skaten und Geschwindigkeits- und Kontrollwettbewerben wie Slalom, Biathlon, Bob und Rennrodeln teil. Bei Distanz- und Stilwettbewerben wie dem Skispringen stellen Sie Ihr Können im Vergleich zu Konkurrenten unter Beweis. Sie gewinnen, indem Sie die beste Zeit erzielen oder die meisten Punkte sammeln. Die Nation, die die meisten Events gewinnt, gewinnt die Goldmedaille!
Wizard (USA) (Proto)	Wizard kann als eine Kreuzung zwischen Berzerk und Wizard Of Wor beschrieben werden. Du steuerst einen Zauberer, der versuchen muss, eine wirbelnde sternförmige Kreatur zu zerstören. Das Layout des Spielbretts gleicht einem riesigen Labyrinth, was es schwierig macht, vor der Kreatur davonzulaufen und einen sauberen Schuss zu erzielen.
Wizard of Wor (USA)	Wizard of Wor ist ein Arcade-Shooter, der aus der Top-Down-Perspektive gespielt wird. Der Spieler steuert einen Krieger, der in einem Verlies gefangen ist. Das Ziel besteht darin, so viele Punkte wie möglich zu sammeln, indem man die vielen feindlichen Kreaturen abschießt, die wie Korridore durch das Labyrinth wandern. Kreaturen bewegen sich mit unterschiedlichen Geschwindigkeiten, können Pfeile auf den Spieler schießen und einige haben sogar die Fähigkeit, vorübergehend zu verschwinden. Am unteren Bildschirmrand verfügt der Spieler über ein Radar, mit dem er unsichtbare Kreaturen lokalisieren kann.
Word Zapper (USA)	Der Spieler steuert einen raumschiffähnlichen „Zapper“, der sich über den Bildschirm bewegen und nach links und rechts hochschießen kann. Das Ziel besteht darin, die Buchstaben, die das aktuelle Wort bilden, der Reihe nach zu zeichnen und dabei den Asteroiden im unteren Teil des Bildschirms auszuweichen. Es gibt vier Arten von Asteroiden und jeder hat eine andere Wirkung, wenn er mit dem Zapper in Kontakt kommt. Der Asteroid „Doomsday“ beendet das Spiel. Der Asteroid „Scroller“ mischt die Laufbuchstaben fünf Sekunden lang. Die Asteroiden „Zonker“ und „Bonker“ treffen den Zapper von der Seite. Das Spiel endet nach dem Einschlag eines apokalyptischen Asteroiden, nachdem der Timer 99 Sekunden abgelaufen ist oder das ultimative Ziel, drei Wörter zu vervollständigen, erreicht wurde.
Words-Attack (Europe) (Proto)	Wir haben kein Handbuch für die Spielmechanik, aber es scheint wie folgt zu funktionieren. Wenn Sie zum ersten Mal starten, wird auf dem Titelbildschirm ein ABC-Song abgespielt, und der gesamte Song wird in seiner eigenwilligen, eigenwilligen Art abgespielt. Sie klicken auf „Zurücksetzen“, um zu beginnen. Unten erscheint Ihr Schiff zusammen mit der Anzahl der Leben, der Punktzahl und einer Zeile für 12 Buchstaben. In der oberen Reihe werden Sie ständig von drei Eindringlingen beschossen. Die Reihen zwischen Ihnen enthalten Buchstaben und Objekte wie Fruchtherzen und Kreaturen. Ihre Schüsse werden auf dem Bildschirm nach oben gelenkt, indem Sie Ihr Schiff nach links und rechts bewegen. Das Abschießen eines Buchstabens lässt ihn im Feld unter Ihrem Schiff erscheinen und ist einen Punkt wert. Sie haben hier Platz für 12 Buchstaben.
World Championship Baseball (Europe)	Dieses Baseballspiel ist vom ehemaligen Spieler der Cincinnati Reds, Pete Rose, lizenziert. Es ermöglicht dem Spieler, alle Positionen auf dem Spielfeld zu spielen. Es stehen verschiedene Schlag- und Pitching-Stile zur Verfügung.
World End (USA)	Sie sind der Kommandant einer Laserbasis und müssen einer feindlichen Invasion aus dem Weltraum entgegenwirken. Galaktische Roboter greifen mit galaktischen Todesstrahlen, Spinnen und Zerstörersonden an.
Worm War I (USA)	NEWS-FLASH: RIESIGE WÜRMER greifen die STADT TERIYAKI an! Sie befehligen einen Panzer am unteren Bildschirmrand. Sie können sich nach links oder rechts bewegen, aber Sie bewegen sich immer vorwärts. Sie können die Vorwärtsgeschwindigkeit steuern, indem Sie den Joystick nach oben oder unten drücken. Während sich die Würmer hin und her bewegen, müssen Sie sie abschießen, damit sie Ihr Aquarium nicht berühren. Schieße auch auf alle Blöcke auf deinem Weg. Versuchen Sie, nicht auf Treibstoffpagoden zu schießen. Berühre sie, um aufzutanken. Sie können ganz nach links oder rechts auf den Bildschirm gehen und nicht von einem Wurm berührt werden, aber Sie können ihn auch nicht abschießen, wenn Sie dort sind. Bei den Spielen für zwei Spieler haben Sie die Wahl zwischen kooperativem und kompetitivem Spiel. Im Koop-Modus haben Sie die gleichen Punkte und den gleichen Treibstofftank. Wenn ein Tank betankt wird, betankt er beide. Im Wettkampf hat jeder von euch eine Punktzahl und einen Treibstofftank. Sie konkurrieren um Feinde und Treibstoff.
Wustenschlacht (Germany)	In der Gegend der Pyramide werden viele wertvolle Schätze aufbewahrt. Die Piraten würden sie am liebsten heimlich mit ihren Helikoptern und Jets ausgraben. Die Keeping Culture Association kann nicht umhin, Panzer und Propeller einzusetzen, um die Piraten daran zu hindern, ihr Ziel zu erreichen. Sie beginnen dieses Spiel mit drei Propellern; Einer ist aktiv und die anderen sind Verstärkung. Wenn Sie den Helikopter und Jet des Gegners abschießen, erhalten Sie Punkte.
X-Man (USA)	Dieses Spiel hat nichts mit einem Marvel-Charakter zu tun. Du bist der Superhengst, der X-Man. Das Ziel besteht darin, durch ein zufälliges Labyrinth zu gelangen und dabei Krabben, Scheren oder Zähnen auszuweichen, um zu der heißen Frau hinter der Tür in der Mitte des Labyrinths zu gelangen. Sie haben 90 Sekunden Zeit, um dorthin zu gelangen. Sobald Sie das Baby erreicht haben, betreten Sie die Sexy Surprise, wo Sie ihr dann Sex geben müssen, damit sie zum Orgasmus kommt. Du hast 30 Sekunden Zeit, sie zu befriedigen, dann geht es weiter zum nächsten Labyrinth. Ihre Punkte sind die verbleibende Zeit, nachdem Sie das Labyrinthzentrum erreicht und ihren Höhepunkt erreicht haben, mal zehn und 20 Punkte für jede Erhöhung des sexuellen Erregungsmessers. Sie müssen den linken Schwierigkeitsschalter auf die A-Position stellen, um spielen zu können. Stellen Sie es auf B, um zu pausieren. Durch Zurücksetzen wird das Spiel neu gestartet. Auswählen und der rechte Schwierigkeitsgradschalter werden nicht verwendet.
Xenophobe (USA)	Xenophobe ist ein Schießspiel, das auf dem Atari VCS 2600 veröffentlicht wurde. Eine Gruppe von Wissenschaftlern muss die Xenos, säurespeiende Monster, eliminieren, bevor sie in das Universum eindringen.
Xevious (USA) (Proto) (1984-01-18)	Es ist gefährlich, es ist hinterhältig, es ist Xevious. Noch nie hat ein Slogan ein Videospiel so perfekt auf den Punkt gebracht. Xevious war eines der ersten (wenn nicht das erste) eines neuen Genres von Arcade-Spielen: des Scrolling-Shooters. Während wir diese Spiele heute als selbstverständlich betrachten, war ein solches Konzept 1982 noch undenkbar. Die meisten Spiele dieser Zeit hatten nur einen einzigen Bildschirm ohne Scrollen, was ihre Kreativität stark einschränkte. Ein Screen-Shooter wie Galaga und Galaxian war in Ordnung, aber die Spieler waren hungrig nach etwas anderem. Xevious stillt diesen Hunger.
Yars' Revenge (USA)	Yars' Revenge auf Atari VCS 2600 ist ein Shoot'em Up, bei dem der Spieler das riesige feindliche Schiff am Rand des Bildschirms zerstören muss. Sie müssen daher den Schild durchbrechen, bevor Sie auf das Schiff schießen und es eliminieren können.
Z-Tack (USA)	Du bist eine fliegende Untertasse, die versucht, die Städte unten zu zerstören. Sie können sich in jede Richtung bewegen und zum Schießen einfach den Knopf gedrückt halten und in diese Richtung drücken. Die Städte werden Raketen auf dich abfeuern, um dich aufzuhalten. In späteren Levels verwandeln sich die Raketen in Ballonbomben, denen Sie nicht begegnen dürfen, und in späteren Levels verwandeln sich die Ballonbomben in horizontal fliegende Raketen, wenn Sie sich auf gleicher Höhe mit dem Ballon befinden.
Zaxxon (USA)	Ziel des Spiels ist es, das Flugzeug durch die von „Zaxxon“ aufgestellten Verteidigungslinien zu steuern, um es zu erreichen und abschießen zu können. Zaxxon ist ein Arcade-Shoot'em-Up von Sega. Es ist nach seiner revolutionären Verwendung der axonometrischen Projektion benannt (obwohl es genauer gesagt die isometrische Projektion verwendet) und wurde 1982 auf Arcade-Hardware veröffentlicht. Zaxxon war das erste Videospiel, das eine isometrische Perspektive verwendete, einen grafischen Stil, der in den folgenden Jahren weit verbreitet sein sollte. Es war ein früher Versuch, dem Shoot-'em-up-Genre dreidimensionale Tiefe zu verleihen. Der Begriff „isometrische Perspektive“ wurde ursprünglich von Sega in Anlehnung an Zaxxon geprägt.
Zoo Fun (USA)	Beruhigen Sie aufgeregte Tiere in ihren Käfigen. In jedem Käfig gibt es ein Minispiel, bei dem Sie das Tier fangen müssen, um es zu beruhigen, und dann den Käfig verlassen müssen, um ein anderes Tier beruhigen zu können.
Zoo Keeper Sounds (USA) (Proto)	Ein Programm, das eine farbige Uhr anzeigt, die mit beweglichen und mehrfarbigen Zeichen verknüpft ist.
