#key	synopsis
3-D Genesis (USA) (Proto)	Dans un futur lointain, la planète est envahie par d'énormes super insectes qui se battent férocement pour survivre. Vous avez choisi un camp pour lequel vous battre, et l'ennemi a été conduit dans une profonde crevasse, mais maintenant vous êtes en infériorité numérique. Vous mettez leurs chiffres à l'épreuve. Ils disent que les doux hériteront de la Terre, mais combien de temps pouvez-vous la défendre? Il était initialement prévu que ce soit l'un des 3 jeux &quot;3-D&quot; sur la cartouche Power-Play Arcade n ° 1. Une capture d'écran a été affichée dans un catalogue pour le système d'alimentation d'Amiga, mais aucune description n'a été incluse. Il a été programmé par Dan McElroy et Jerry Lawson en 1983, mis sur les tablettes et mis à disposition pour une sortie limitée en 2010.
3-D Ghost Attack (USA) (Proto)	&quot;Ils disent que le manoir est hanté, mais personne ne le sait vraiment. Et vous devez juste le découvrir. Armé de votre photobeam, vous commencez votre recherche. Soudain, il y a un flash de lumière. Puis un autre. Et un autre.&quot; Tout autour de vous vient des murs, des portes, des fenêtres, de partout. Vous attrapez votre fidèle photobeam. Maintenant, quelqu'un le sait, c'est sûr ... &quot;
3-D Havoc (USA) (Proto)	Encore un jeu de tir, mais cette fois-ci, vous êtes aux commandes d'un vaisseau spatial qui se trouve en plein champ d'astéroïdes. Un joueur. Une version prototype existe mais elle n'est pas en 3D. Comme 3-D Genesis, il devait faire partie des jeux sur cassette livrés avec le Power Module puis de la compilation Power Play Arcade 1.
3-D Tic-Tac-Toe (USA)	3-D Tic-Tac-Toe pour Atari VCS 2600 est un jeu de société développé par Atari. Le principe du jeu est le même que le Tic-Tac-Toe sur papier, la seule différence étant que l'on peut également faire des alignements en profondeur. Le nombre de X ou O à aligner est de 4.
3-D Zapper (USA) (Proto) (1982-12-15)	3d Zapper est une version terminée d'un prototype non terminé durant son développement initial. Selon le programmeur Todd Marshall: «Il y avait un jeu spatial en 3-D sur lequel je travaillais (appelé 3-D Zapper dans les mémos de l'entreprise). Il y a eu un débat au JWDA sur la 3D. Pour une raison quelconque, Jim Wickstead envisageait de créer un jeu en 3-D. Je ne me souviens pas pourquoi. Quand j'ai arrêté, je pensais présenter l'idée de jeu en 3-D et le deuxième de ces chariots a un pistolet 3-D et des ennemis 3-D et une détection de coup.
32 in 1 Game Cartridge (Europe, Australia)	Cartouche contenant 32 jeux pour l'Atari 2600, dont voici la liste : 1. UFO (a renaming of U. S. Game's Space Jockey) 2. Flag Capture 3. Human Cannonball 4. Reversi (a renaming of Atari's Othello) 5. Activision's Checkers 6. Slot Racers 7. Blackjack 8. Fishing (a graphic hack of Activision's Fishing Derby in which you are fishing for crabs) 9. Freeway Rabbit (a graphic hack of Activision's Freeway in which you are a rabbit) 10. Space War 11. Fun with Numbers 12. Golf 13. 3-D Tic-Tac-Toe 14. Surround 15. Miniature Golf 16. Activision's Boxing 17. Football 18. Air-Sea Battle 19. Freeway Chicken (a renaming of Activision's Freeway) 20. Activision's Tennis 21. Activision's Skiing 22. Activision's Fishing Derby 23. Sky Diver 24. Bowling 25. Combat 26. Activision's Stampede 27. Activision's Laser Blast 28. Outlaw 29. Slot Machine 30. Basketball 31. Home Run 32. Ant Party (a renaming of CommaVid's Cosmic Swarm)
Acid Drop (Europe)	Acid Drop est un jeu sur Atari VCS 2600 dont le but consiste à créer des lignes horizontales ou verticales de trois blocs ou plus de même couleur.
Actionauts (USA) (Proto) (1984-06-22)	Le but d'Actionauts est de programmer votre robot pour effectuer une série de commandes. Utilisez le joystick pour définir les commandes afin que le robot parcourt un chemin. Sur le Commodore 64, vous pouvez modifier la grille pour définir un autre le chemin, la programmation se fait principalement sur la même page et vous pouvez choisir parmi quatre conceptions de robot. Sur l'Atari 2600, vous choisissez suelment parmi les labyrinthes prédéfinis, la programmation est sur un second écran et vous essayerez d'atteindre l'objectif.
Activision Decathlon, The (USA)	The Activision Decathlon est un jeu de sport sorti sur Atari VCS 2600. Jusqu'à 4 joueurs peuvent s'affronter sur les différentes épreuves d'un décathlon : saut en longueur, 100m, 400m, lancer de javelot ou encore 1500m.
Adventure (USA)	Un méchant sorcier a volé une coupe enchantée. Vous avez mission de la retrouver. Trois dragons implacables et une chauve-souris noire vont vous barrer le chemin.Fort heureusement, dans ce jeu, il suffit de presser un bouton pour se réincarner.
Adventures of TRON (USA)	Adventures of Tron est basé sur le film Tron produit par Walt Disney. L'environnement de jeu se compose de 4 étages, chacun avec des &quot;bits&quot; volants ainsi que des ennemis. Le but du jeu est de contrôler Tron (vous) dans un labyrinthe de plates-formes et d'ascenseurs et d'intercepter les bits volants. Vous avez un total de 4 vies en jeu. Faites en sorte que chacune en vaille la peine !
Adventures on GX-12 (Europe)	Adventures of Tron est basé sur le film Tron produit par Walt Disney. L'environnement de jeu se compose de 4 étages, chacun avec des &quot;bits&quot; volants ainsi que des ennemis. Le but du jeu est de contrôler Tron (vous) dans un labyrinthe de plates-formes et d'ascenseurs et d'intercepter les bits volants. Vous avez un total de 4 vies en jeu. Faites en sorte que chacune en vaille la peine !
Air Raid (USA)	Air Raid est un jeu paru sur Atari VCS 2600. A bord d'un vaisseau volant, votre objectif est de détruire des missiles avant qu'ils ne réduisent votre ville en poussière.
Air Raiders (USA)	Un simple jeu de simulateur de vol. Tirez sur les avions, évitez les tirs d'artillerie. Vous avez une quantité limitée de munitions et de carburant. Tirez sur 10 avions et vous pourrez atterrir pour faire le plein, mais vous risquez de perdre des munitions. On ne vous donnera que la quantité de munitions que vous avez utilisée avec succès pour abattre des avions la dernière fois.
Air-Sea Battle ~ Target Fun (Japan, USA) (En) (Atari Anthology)	Dans Air-Sea Battle, un jeu de tir paru sur Atari VCS 2600, vous êtes à bord d'un sous-marin, d'un bateau ou d'un avion de chasse et devez détruire toutes les cibles qui se présentent à vous.
Air-Sea Battle ~ Target Fun (Japan, USA) (En)	Dans Air-Sea Battle, un jeu de tir paru sur Atari VCS 2600, vous êtes à bord d'un sous-marin, d'un bateau ou d'un avion de chasse et devez détruire toutes les cibles qui se présentent à vous.
Airlock (USA)	Le joueur est pris au piège dans un sous-marin nucléaire accidenté qui a commencé à prendre l'eau. Il doit s'échapper en remontant les niveaux du sous-marin un par un. Chaque étage possède deux clés d'écoutille qui doivent être récupérées afin de déverrouiller l'ascenseur au niveau suivant. Il y a une limite de temps, cependant ; si vous prenez trop de temps, le sol sera inondé et vous ne pourrez pas vous échapper. En raison de l'accident, les torpilles à bord du sous-marin sont maintenant lâches et errent sur le plancher pendant que le bateau tremble. Le joueur devra sauter par-dessus toutes les torpilles qui croisent son chemin, sinon il sera assommé momentanément et perdra un temps précieux.
Alien (USA)	Dans ce jeu basé, vaguement, sur le film du même nom, vous devez vous déplacer dans un labyrinthe (les salles de votre navire d'après le manuel), comme Pac-Man, pour ramasser les points (détruire les oeufs extraterrestres). Si vous ramassez le point de puissance (pulsar), vous pouvez tuer n'importe lequel des trois extraterrestres, pour une courte période. Il n'y a que trois ennemis dans le labyrinthe à la fois, il y a un objet bonus à la fois et un seul point de pouvoir (pulsar) à la fois. Lorsque vous attrapez le pulsar, il apparaîtra à l'un des deux autres endroits.
Alien's Return (Europe)	Un extraterrestre s'est écrasé sur Terre et pour retourner sur sa planète, il doit trouver les quatre pièces de son vaisseau spatial. Allez dans les différentes pièces et appuyez sur le bouton. Espérons qu'un morceau du navire apparaîtra dans un coin de l'écran. Ramassez-le et répétez l'opération jusqu'à ce que vous puissiez rentrer chez vous. Méfiez-vous des gardiens, cependant, car ils vous suivront pour vous piéger.
Alligator People (USA) (Proto)	Vous êtes perdu dans la partie la plus profonde de la jungle. Six de vos amis sont tombés sous le charme du peuple alligator. Ils se transforment lentement en alligators et vous êtes le seul au monde à pouvoir les sauver! Pour arrêter cette transformation, vous devez inoculer à chacun d'eux un antidote spécial que vous recueillez à travers le marais. Vous n'avez pas beaucoup de temps! Sans oublier que les alligators vous poursuivent alors que vous tentez de rassembler des fioles d'antidote! Plus vous attendez, plus vous avez besoin d'antidote pour inverser les effets du peuple alligator! Alligator People est un prototype inédit basé sur le film du même nom.
Alpha Beam with Ernie (Japan, USA) (En)	Le vaisseau d'Ernie est à court de carburant et c'est à vous de l'aider. Utilisez les boutons du contrôleur pour déplacer votre navire vers la gauche ou vers la droite et téléporter les lettres vers les emplacements appropriés sur le navire d'Ernie. Une fois que toutes les lettres sont en place, Ernie peut s'envoler. Ce jeu aide les enfants à apprendre à reconnaître les lettres et à faire correspondre les majuscules aux minuscules et à reconnaître les lettres faciles à confondre. Le manuel du jeu contenait également une histoire lue à voix haute. Pour les 3-7 ans.
Amidar (USA)	Amidar, c'est un peu comme si Pac-Man rencontrait Qix : le but est de repeindre des rectangles prédéfinis là où dans Qix le joueur était libre de dessiner ses formes peintes. Dans le premier niveau, on dirige un gorille qui collecte en chemin des pastilles tout en repeignant les cases et en évitant des personnages armés d'une lance. S'il peint les quatre coins de l'aire de jeu, il devient invulnérable pendant un moment. Suivent ensuite un niveau bonus et le second niveau qui se corse. En effet, le rouleau de peinture qu'on dirige alors ne peut peindre que des cases adjacentes à celles déjà peintes. Le jeu se répète au-delà de ce 2ème niveau. Sympathique surtout pour ses mélodies.
AndroMan on the Moon (USA) (Proto)	Androman on the Moon était l'un des nombreux jeux prévus pour le robot Androman inédit. Bien que certains des jeux auraient été programmés, Androman on the Moon est le premier à faire surface. Androman était un petit robot blanc qui se précipitait sur un tapis de sol pendant que le joueur le contrôlait à l'aide de l'Atari 2600. Androman avait également un lecteur de codes-barres dans le bas qui lisait les codes-barres placés sur la carte afin que le 2600 (et le robot) sache où il était. Androman extrait des minéraux sur la lune lorsqu'il est attaqué par des extraterrestres. Le tapis de sol géant aurait les emplacements des mines, et le joueur devrait guider Androman vers eux. Une fois qu'Androman était au-dessus d'une mine, le 2600 montrait la partie du labyrinthe de mines du jeu. Dans le labyrinthe de mines, le joueur doit guider Androman (représenté par un X) à travers le labyrinthe tout en évitant l'extraterrestre (représenté par un visage vert).
Angeln I (Germany)	Votre objectif est d'attraper plus de poissons-lune que votre adversaire. Mais ce n'est pas seulement entre vous et l'autre pêcheur, car un gros requin noir se cache juste sous la surface, attendant de voler vos prises! Vous pouvez opter pour les petits poissons près de la surface de l'eau pour moins de points (mais plus de poissons), ou lancer votre ligne jusqu'au fond pour le grand transport, avec le risque supplémentaire que le requin vole vos prises.
Angriff der Luftflotten (Germany)	M.A.D. (qui signifie Missile Attack et Defense) est un jeu d'arcade assez similaire à Missile Command. Vous contrôlez un canon à photons au bas de l'écran, et votre objectif est de protéger six stations d'énergie à gauche et à droite. Des vagues de roquettes et d'autres vaisseaux passeront par l'écran et parfois un tombera dans la tentative de détruire une des stations (comme un avertissement sur la plupart des niveaux, l'ennemi sera blanc avant de tomber). Vous devez être sûr de tirer avant votre station d'énergie ne soit détruite! Lorsque les six stations d'énergie ont été détruites par l'ennemi, le jeu est terminé. Une variation pour deux joueurs est également incluse; un joueur contrôlera le canon photon et le deuxième joueur contrôle un curseur et peut sélectionner quand et où un ennemi tombera. Les joueurs alternent entre attaque et défense dans cette version.
Aquaventure (USA) (Proto) (1983-08-12)	Vous êtes un plongeur, vous plongez au large des côtes de l'Alaska. Votre objectif est d'éviter les poissons mortels, de saisir les trésors cachés sous la surface et de revenir à la surface pour reprendre de l'air.
Armor Ambush (USA)	Armor Ambush est un jeu qui permet aux joueurs de contrôler des chars qui s'affrontent sur des terrains offrant différents degrés de texture et de maniabilité.
Artillery Duel (USA) (Alt)	Dans ce jeu à deux joueurs, chaque joueur contrôle un canon d'artillerie placé dans un paysage de montagne dans le but de détruire l'autre joueur. Les joueurs se tirent les uns sur les autres à tour de rôle ; à chaque tour, vous disposez d'un temps limité pour régler l'angle du canon et le niveau de poudre afin de contrôler la direction et la distance du tir. Lorsque vous déciderez de votre tir, vous devrez tenir compte des conditions actuelles, notamment la vitesse et la direction du vent ainsi que les montagnes qui pourraient vous barrer la route. Si vous réussissez à détruire l'arme de vos adversaires, vous gagnerez un point, et le premier joueur à atteindre le nombre de points fixé gagnera la partie. Il y a plusieurs niveaux de compétences disponibles qui déterminent le temps dont vous disposez pour faire un tir.
Artillery Duel (USA)	Dans ce jeu à deux joueurs, chaque joueur contrôle un canon d'artillerie placé dans un paysage de montagne dans le but de détruire l'autre joueur. Les joueurs se tirent les uns sur les autres à tour de rôle ; à chaque tour, vous disposez d'un temps limité pour régler l'angle du canon et le niveau de poudre afin de contrôler la direction et la distance du tir. Lorsque vous déciderez de votre tir, vous devrez tenir compte des conditions actuelles, notamment la vitesse et la direction du vent ainsi que les montagnes qui pourraient vous barrer la route. Si vous réussissez à détruire l'arme de vos adversaires, vous gagnerez un point, et le premier joueur à atteindre le nombre de points fixé gagnera la partie. Il y a plusieurs niveaux de compétences disponibles qui déterminent le temps dont vous disposez pour faire un tir.
Assault (USA)	Un vaisseau mère laisse tomber des aliens, jusqu'à trois à l'écran à la fois. Il y en a dix par niveau. Vous devez leur tirer dessus, mais évitez les objets qu'ils vous tirent dessus. Plus tard, les ennemis lâcheront des boules de feu qui vous pourchasseront le long du sol ou se diviseront en deux ennemis plus petits lorsqu'on leur tirera dessus. Si vous tirez sans arrêt, vous allez accumuler de la chaleur comme indiqué par la barre verte en bas à droite. Si vous surchauffez ou êtes frappé par un ennemi, vous perdez une vie. Le jeu est terminé lorsque vous perdez toutes vos vies ou que vous atteignez un score de 999 999 999. Vous obtenez une nouvelle vie (4 au maximum) tous les 10 000 points.
Asteroids (Japan, USA) (En)	Dans Asteroids sur Atari VCS 2600, vous pilotez un vaisseau au milieu d'un nuage d'astéroïdes que vous allez devoir éviter et détruire. Une fois tout le nuage détruit, vous passez au niveau suivant. Le jeu comprend plusieurs modes dont un multijoueur à 2.
Asteroids (USA)	Dans Asteroids sur Atari VCS 2600, vous pilotez un vaisseau au milieu d'un nuage d'astéroïdes que vous allez devoir éviter et détruire. Une fois tout le nuage détruit, vous passez au niveau suivant. Le jeu comprend plusieurs modes dont un multijoueur à 2.
Astroblast (USA)	Astrosblast est un jeu vidéo conçu par John Sohl et commercialisé par Mattel Electronics en 1981. Le jeu consiste à utiliser un canon laser pour détruire les météores, les bombes et autres cibles.
Atari Video Cube (USA, Europe) (Atari Anthology)	Semblable au populaire jouet de Rubik's Cube, les joueurs contrôlent un puzzle cube multicolore pour essayer d'aligner toutes les couleurs. Contrairement au jouet, le jeu Atari utilise un homme comme un avatar qui court le long des couleurs pour faire tourner des sections du cube.
Atlantis (USA)	Vous seul pouvez sauver Atlantis, l'une des plus grandes civilisations que l'homme n'ai jamais connu ! Vous commandez les trois postes de défense qui gardent le ciel. La vile Flotte Gorgon va descendre sur Atlantis, votre mission : la détruire - ou périr ! A 1 ou 2 joueurs, défendez donc la cité, mais sachez-le : plus vous tiendrez, plus ils arriveront vite... Et si les Gorgons détruisent vos 7 bases, la cité fabuleuse sera rayée de la carte... Aux armes, annihilez-les !
Atlantis II (USA)	Remake du premier Atlantis, quasi identique : il est juste plus rapide, plus dur, et seule la police de caractère du score change ! Vous seul pouvez sauver Atlantis, l'une des plus grandes civilisations que l'homme n'ai jamais connu ! Vous commandez les trois postes de défense qui gardent le ciel. La vile Flotte Gorgon va descendre sur Atlantis, votre mission : la détruire - ou périr ! A 1 ou 2 joueurs, défendez donc la cité, mais sachez-le : plus vous tiendrez, plus ils arriveront vite... Et si les Gorgons détruisent vos 7 bases, la cité fabuleuse sera rayée de la carte... Aux armes, annihilez-les !
Atom Smasher (USA) (Proto)	UNE BATAILLE AU DERNIER ATOME! L'Atomic Arena est l'endroit où toutes sortes de formes de vie désagréables et robustes viennent s'affronter dans le jeu le plus meurtrier de la galaxie! Armé d'un Atom Smasher Blaster réglementaire, vous devez faire exploser des particules atomiques instables devant votre adversaire et sortir de l'arène, mais si on vous frappe, cela dégrade votre structure très atomique et les résultats ne sont pas jolis. Mais rappelez-vous, quelqu'un d'autre a le même objectif...
Bachelor Party (USA)	Swedish Erotica : Bachelor Party est un jeu pour adultes paru sur Atari VCS 2600. Le but de ce jeu est de toucher un maximum de filles avec votre personnage.
Bachelorette Party (USA)	Bachelorette Party (Enterrement de vie de célibataire) est un jeu vidéo érotique.Le jeu est une version simplifiée du casse-briques Breakout dans lequel la balle prend l'apparence d'une femme et les briques celle d'hommes nus. La femme rebondit sur le côté au lieu de le faire à la verticale.
Backgammon (USA)	Backgammon pour Atari VCS 2600 est un jeu de carte développé par Atari. Il permet au(x) joueur(s) de prendre part à une partie de Backgammon. On pourra suivre les règles de base ou jouer à sa variante Acey-Deucey.
Bank Heist (USA)	Bank Heist est un jeu d'arcade sorti sur Atari VCS 2600. Le joueur y incarne un braqueur de banques qui doit continuer ses méfaits tout en évitant la police dans les rues d'une ville-labyrinthe.
Barnstorming (USA)	Dans Barnstorming, vous êtes le pilote d'un avion bimoteur. Votre but est de voler à travers un certain nombre de granges dans le plus court laps de temps possible. Plusieurs obstacles apparaîtront sur votre chemin, y compris des troupeaux d'oies, des moulins à vent et des girouettes. Si vous vous écrasez sur l'un d'entre eux, vous perdrez de la vitesse, ce qui augmentera votre temps total. Il y a plusieurs niveaux de difficulté inclus qui exigent que vous voliez à travers 10 à 25 granges.
Base Attack (Europe)	Vous contrôlez un vaisseau qui peut tirer et se déplacer dans les quatre directions. Votre mission est de détruire un ensemble de bases enchâssées dans le paysage en dessous de vous. Les bases vous tirent dessus et lancent occasionnellement des missiles qui se déplacent horizontalement vers votre vaisseau. Vous pouvez détruire ces missiles avec un coup de canon.
Basic Math (USA)	Basic pour Atari VCS 2600 est un jeu ludo-éducatif développé par Atari. Le but du jeu est de résoudre une suite de 10 opérations simples. Le joueur peut choisir le type d'opérations qu'il désire (additions, soustractions, multiplications et divisions). Il peut également mettre un chrono pour augmenter la difficulté. Ce jeu est destiné aux enfants.
BASIC Programming (USA)	Vous avez déjà eu envie de vous essayer à la programmation informatique mais vous ne saviez pas par où commencer ? BASIC Programming pour l'Atari 2600 rend la programmation... basique. BASIC est un acronyme pour Beginner's All-purpose Symbolic Instruction Code. Conjointement avec le manuel, cette cartouche vous aidera à apprendre les premières étapes de ce langage informatique facile à apprendre. Vous pouvez créer des programmes simples, des jeux et même composer votre propre musique. Jusqu'à neuf lignes de code sont autorisées. Pour simplifier la saisie des données, la programmation BASIC nécessite un clavier qui se branchait dans sur les cotés du joystick et qui était inclus dans l'emballage du jeu.
Basketball (USA)	Basketball pour Atari VCS 2600 est un jeu de sport développé par Atari. Il permet au joueur de faire des matchs en un contre un face à l'ordinateur ou un autre joueur. Les matchs sont divisés en 2 mi-temps de 4 minutes. Le but est de marquer le plus de points et 2 niveaux de difficulté sont disponibles.
Battlezone (Japan, USA) (En)	Le jeu de tank en 3D d'Atari Games a été révolutionnaire lorsqu'il a été lancé sur les bornes d'arcades, et en tant que tel a été officiellement converti sur de nombreuses machines. La Terre a été envahie, et vous et votre char menez l'effort défensif. Vous faites le tour du champ de bataille à la première personne, ciblant et tirant sur des chars, des avions et des OVNI. Vous avez un radar pour vous aider à voir où se trouvent les ennemis en direction et à distance. Les objets peuvent être utilisés comme couverture stratégique. Les commandes simulent les trajectoires d'un tank de manière réaliste - en combinant les mouvements avant droit et arrière gauche, vous pouvez changer de direction plus rapidement.
Beamrider (USA)	Beamrider est un jeu en 3D sur Atari VCS 2600 vous mettant dans la peau d'un pilote de vaisseau spatial. Votre mission est de nettoyer les 99 secteurs de vos ennemis.
Beany Bopper (USA)	Dans ce jeu, vous êtes Bopper. Le but est d'étourdir puis de capturer des Beannies. Vous pouvez également capturer des globes oculaires orange rebondissant et divers objets tombants. Si un beanny non assommé vous touche, vous perdez une vie. Vous n'avez pas besoin d'étourdir les autres éléments pour les capturer, mais cela les ralentit. Vous obtenez un bonus Bopper en tirant sur quatre Beannies d'affilée sans perdre un Bopper. Il y a deux options de jeu, l'une où les Beannies rebondissent sur les murs à l'écran, l'autre où ils passent à travers.
Beat'Em & Eat'Em (USA)	Beat 'Em and Eat 'Em est un jeu vidéo pornographique conçu par Mystique pour l'Atari 2600. Il est sorti le 13 octobre 1982. Bien que le jeu se soit mal vendu à sa sortie, son concept hors du commun l'a rendu &quot;culte&quot; et notoire dans la communauté des gamers. On le considère souvent comme l'un des plus mauvais jeux vidéo jamais créés, une réputation qu'il partage avec d'autres créations de Mystique, dont Custer's Revenge. Le joueur contrôle deux femmes nues qui se déplacent au pied d'un bâtiment sur lequel un homme nu possédant un pénis énorme éjacule fréquemment. Le but est de faire bouger les femmes afin qu'elles attrapent le sperme (qui est ici de couleur jaune) de l'homme dans leur bouche et l'avalent avant qu'il ne tombe par terre. Si tout le sperme est attrapé, les deux femmes se retournent vers l'écran et se lèchent les lèvres. Une vie supplémentaire est offerte pour chaque 69 points (138, 207, 276, etc), en référence à la position 69.
Berenstain Bears (USA)	Dans ce jeu ludo éducatif pour enfant, vous incarnez un ours appelé Brother. Sur votre monocycle, vous devez d'abord éviter de toucher les pierres sur la route. Puis une fois dans la foret, vous devez attraper les bons numéros, lettres ou les lettres qui formeront un certain mot.
Bermuda Triangle (USA)	Bermuda Triangle est un jeu d'action à défilement latéral pour un ou deux joueurs. Vous êtes le pilote d'un mini sous-marin qui explore les eaux du Triangle des Bermudes. Votre but est de gagner autant de points que possible en collectant des trésors et en détruisant les différents ennemis que vous rencontrerez. Votre mini-sous-marin est équipé d'un rayon tracteur qui peut être utilisé pour recueillir les trésors trouvés au fond de l'océan ; lorsque vous aurez réussi à récupérer un trésor, vous devrez ensuite le transporter en toute sécurité jusqu'au navire de recherche à la surface. Votre mini sous-marin est également équipé de lasers qui peuvent être utilisés pour détruire les nombreux dangers que vous rencontrerez, y compris les calmars géants, les requins mangeurs d'homme, les mines, les bombes, les navires ennemis, et plus encore. Le jeu se termine lorsque tous vos sous marins ont été détruits, plusieurs niveaux de difficulté sont disponibles.
Berzerk (Japan, USA) (En)	Le joueur contrôle un humanoïde dans des environnements labyrinthiques multi-tableaux en vue de dessus. Il doit progresser en éliminant une armée de robots belliqueux. C'est un précurseur du run and gun, qui a notamment influencé la conception de Robotron: 2084. Le jeu présente des caractéristiques innovantes de gameplay (notamment le tir multi-directionnel) et de réalisation avec des voix de synthèse.
Big Bird's Egg Catch (Japan, USA) (En)	Big Bird's Egg Catch est un jeu sorti sur Atari VCS 2600. Big Bird doit rattraper des oeufs qui tombent de plus en plus vite du ciel.
Bionic Breakthrough (USA) (Proto)	1071/5000 L'Atari Mindlink était un contrôleur inédit pour l'Atari 2600. Il devait sortir en 1984. Le Mindlink était unique en ce sens que vous deviez bouger les muscles de votre tête pour contrôler le jeu. Ces mouvements seraient lus par des capteurs infrarouges et transférés en tant que mouvement dans le jeu. Les jeux seraient similaires à ceux qui utilisaient le contrôleur de palette, mais avec le Mindlink à la place. Les tests ont montré que les joueurs avaient souvent des maux de tête en déplaçant leurs sourcils pour jouer au jeu. Bien qu'Atari ait pu essayer d'affiner l'appareil au fil du temps, Atari a simplement décidé de mettre de côté le Mindlink. Deux jeux étaient en développement pour le Mindlink par son annulation, Bionic Breakthrough & Mind Maze.
Birthday Mania (USA) (Robert A. Tokar)	Birthday Mania est un jeu simple, où vous faites défiler le bas de l'écran et soufflez les bougies lorsqu'elles tombent.
Black Jack (USA)	Blackjack est un jeu de casino sorti sur Atari VCS 2600. Il est basé sur le jeu de cartes du même nom : un ou deux joueurs peuvent jouer contre l'ordinateur.
Bloody Human Freeway (USA) (Proto)	514/5000 Prototype pour Freeway. Selon David Crane, il a eu l'idée de Freeway en regardant un homme essayer de traverser Lake Shore Drive pendant les heures de pointe tout en assistant au Consumer Electronic Show de Chicago. À l'origine, Freeway mettait en vedette des gens qui traversaient la route au lieu de poulets, car c'était le scénario qui a inspiré David Crane. Cependant, certaines personnes d'Activision se sont plaintes de ne pas aimer l'idée que des personnes soient heurtées par des voitures, donc les poulets ont été remplacés par des gens avant la sortie du jeu.
Blueprint (USA)	Blueprint est un jeu assez complexe qui teste votre mémoire ainsi que vos réflexes. Un monstre poursuit votre petite amie. Vous devez construire une arme qui peut tuer le monstre. Les pièces du canon sont dispersées une à une dans différents bâtiments. Vous devez vous rappeler quels bâtiments et dans quel ordre afin que vous puissiez récupérer les pièces dans le bon ordre et construire le pistolet avant que la fille ne serve de dîner. Si vous vous trompez de maison, vous devrez désamorcer une bombe ou perdre une vie. Vous devez aussi éviter un démon qui erre dans les rues. Si vous parvenez à construire l'arme et à tuer le monstre, vous recevrez l'une des huit lettres d'un mot de passe. Essayez de découvrir le mot de passe en entier.
BMX Air Master (USA)	BMX Air Master est comme son nom l'indique une simulation de BMX dans laquelle vous devrez réalisez des figures acrobatiques plus folles les unes que les autres.
Bobby Is Going Home (USA)	Le joueur contrôle un garçon nommé Bobby qui doit passer par sept écrans, sauter par-dessus des animaux comme des papillons, des canards et d'autres dangers. Le jeu ressemble à Pitfall, un jeu publié par Activision. À la fin du jeu, tout ce que le joueur a à faire est de faire entrer Bobby dans la maison, et là, le niveau suivant s'affichera. Frapper réinitialiser et sélectionner changer le style de fleurs qui apparaissent en bas de l'écran.
Bogey Blaster (Europe)	Un simple jeu de simulateur de vol. Tirez sur les avions, évitez les tirs d'artillerie. Vous avez une quantité limitée de munitions et de carburant. Tirez sur 10 avions et vous pourrez atterrir pour faire le plein, mais vous risquez de perdre des munitions. On ne vous donnera que la quantité de munitions que vous avez utilisée avec succès pour abattre des avions la dernière fois.
Boggle (USA) (Proto) (1978-08-07)	Boggle est un jeu inédit pour l'Atari 2600 programmé par David Crane alors qu'il travaillait encore chez Atari. Dans Boggle, qui est basé sur le jeu de mots populaire du même nom, vous devez former autant de mots que possible à partir d'une grille de lettres 4x4 aléatoire. La version 2600 du jeu est pour deux joueurs seulement, et chaque joueur peut former un maximum de huit mots (probablement en raison des contraintes de mémoire du 2600). Le jeu semble être presque terminé, bien qu'il y ait quelques problèmes, tels que toutes les lettres n'apparaissant pas immédiatement dans la grille lorsque vous démarrez le jeu. Pourtant, c'est un prototype intéressant et on ne sait pas pourquoi Boggle n'a pas été achevé et publié.
Boing! (USA)	Boing! est un jeu de réflexion sur Atari 2600 reprenant le principe du célèbre Q*bert. Vous devez sauter sur différentes plates formes pour les activer tout en évitant les monstres et les objets qui tombent, lorsque vous aurez activé toutes les plateformes d'un niveau vous passerez au suivant.
Boom Bang (Europe)	Des insectes sortent des égouts et viennent à votre place. Votre défense: un groupe de plantes en pot suspendues sur votre balcon. Au fur et à mesure que les insectes escaladent le mur, poussez les pots au-dessus du bord et éliminez-les. Si six insectes pénètrent dans votre bâtiment par la fenêtre, ils rongeront les fondations jusqu'à ce que le bâtiment s'effondre un peu. Ensuite, les insectes auront un mur plus court pour grimper et les choses se compliqueront. Ce jeu est original, stimulant et assez addictif.
Bouncin' Baby Bunnies (USA) (Proto)	Une copie du jeu presque complet a fait surface dans la collection d'un ancien employé de Telesys en 2007. Selon le programmeur Alex Leavens, Bouncin 'Baby Bunnies est basé sur le vieux dessin animé Bugs Bunny, où la cigogne livre par erreur des Bugs à une famille de gorilles et ils pensent que c'est leur bébé. Le seul prototype connu de Bouncin 'Baby Bunnies semble être assez complet, mais nécessite encore quelques ajustements et corrections de bugs. Le jeu n'est pas sorti en raison de l'effondrement du marché du jeu de 83/84. Selon l'ancien employé de Telesys: «Bouncin» Baby Bunnies est arrivé trop tard dans le cycle 2600 et, à l'époque, ne valait pas la peine d'être terminé. Le marché était saturé.
Bowling (USA)	Bowling pour Atari VCS 2600 est un jeu de sport développé par Atari. Jouable à 1 ou 2, il reprend les règles classiques du bowling. Il n'y a qu'un seul mode de jeu, mais plusieurs niveaux de difficulté qui laissent la possibilité ou non de contrôler la boule. Le niveau de difficulté influence également la probabilité de faire un strike.
Boxing (USA)	Boxing pour Atari VCS 2600 est un jeu de sport développé par Activision. Le jeu propose de participer à un match de boxe, seul ou à deux, d'une durée de 2 minutes. Le but du jeu est de remporter le plus de points possible dans le temps imparti. Le nombre de points gagnés change en fonction du type de coup utilisé.
Brain Games (USA)	Brain Games pour Atari VCS 2600 est un jeu de réflexion développé par Atari. Le but du jeu est de remporter le plus de points en résolvant les diverses énigmes que l'ordinateur propose au(x) joueur(s). Il existe 6 types d'énigmes : 2 sonores, 2 visuelles et 2 numériques.
Breakout ~ Breakaway IV (Japan, USA) (En)	Breakout pour Atari VCS 2600 est un jeu de casse-briques développé par Atari. Vous avez cinq essais pour casser des lignes de briques. Plusieurs variantes du jeu sont disponibles (briques invisibles, contre la montre, etc.)
Bridge (USA)	Bridge pour Atari VCS 2600 est un jeu de cartes développé par Activision. Destiné à des personnes connaissant déjà les règles du Bridge, le jeu propose deux niveaux de difficulté : Novice ou Expert. En Novice, le joueur pourra voir les cartes de son partenaire (dirigé par l'ordinateur). En mode Expert le jeu se joue comme une vraie partie de Bridge. Le jeu est fait pour être joué seul.
Buck Rogers - Planet of Zoom (USA)	C'est le 25ème siècle. Vous êtes Buck Rogers combattant dans la bataille de Planet Zoom. C'est une course contre la mort. Votre ennemi ultime et le plus puissant est le mortal vaisseau mère ! nnIl y a 16 niveaux de difficulté croissante - chacun avec quatre rounds de combat dans l'espace. Avant que vous ne rencontriez le vaisseau mère, vos compétences de pilote et vos nerfs sont testés contre les ELECTRON POSTS, ALIEN SAUCERS et les SPACE HOPPERS mortels. C'est une bataille de vitesse, de précision et d'endurance. Votre consommation de temps est cruciale pour votre survie.
Bugs (USA)	Après avoir été envoyé sur une planète inhabitée pour y enquêter sur des éventuels signes de vie, vous allez vous retrouvez face à des insectes géants et devrez les affronter pour avoir une chance de survivre.
Bugs Bunny (USA) (Proto 2)	Bugs Bunny a volé des carottes à Elmer. Le chien d'Elmer l'a trouvé légèrement maussade et l'a ramené à la raison. Maintenant, Bugs Bunny doit replonger dans son terrier pour éviter de prendre un coup de chevrotine.
Bump 'n' Jump (USA)	Bump'N' Jump est un jeu de course d'action joué d'un point de vue descendant. Alors que vous courez sur les routes dangereuses et toujours changeantes, les nombreuses voitures ennemies vont essayer de vous faire sortir de la route. Vous devez vous assurer d'écraser les voitures avant de vous faire écraser sur les côtés ! Votre voiture a aussi la capacité de sauter assez haut si vous avez assez de vitesse. Ceci est utile pour sauter par-dessus les voitures ennemies s'il y en a trop dans le chemin, et doit aussi être utilisé pour sauter des trous dans la chaussée et autres obstacles routiers. Au fur et à mesure que les niveaux progressent, la route devient plus étroite avec plus d'obstacles sur le chemin, et les autres voitures augmentent en nombre et en agressivité.
Bumper Bash (USA)	Bumper Bash est un jeu d'arcade paru sur Atari VCS 2600. Il s'agit d'un jeu de flipper avec différents niveaux de difficulté.
BurgerTime (USA)	BurgerTime est un jeu vidéo créé par la société japonaise Data East pour sa borne DECO Cassette System, sorti en 1982. C'est un jeu de plates-formes à l'aspect d'un labyrinthe, où le joueur incarne un chef de cuisine et doit confectionner des hamburgers tout en évitant les autres personnages ? représentés par de la nourriture ? qui le poursuivent, à savoir des ?ufs, des saucisses et des poivrons qu'il peut temporairement immobiliser en leur jetant du poivre (trois tirs possibles au maximum).
Burning Desire (USA)	Sauvez une demoiselle en détresse d'être brûlée vive en vous déplaçant dans votre hélicoptère et en éteignant la flamme avec votre lance à incendie. Pendant ce temps, évitez que les méchants ne vous lancent des pierres dessus. Quand vous aurez presque éteint les flammes, la femme commencera à sauter de haut en bas. Si vous descendez en piqué, elle s'agrippera à votre &quot;joystick&quot; avec sa bouche, et vous pourrez l'emmener en toute sécurité. Si vous la sauvez, vous serez récompensé par une coquine petite animation. Les rôles masculin et féminin de ce jeu sont inversés dans Jungle Fever.
Cabbage Patch Kids - Adventures in the Park (USA) (Proto) (1984-09-13)	Ce jeu de la CBS Colecovision n'est jamais sorti sur Atari 2600 et est resté à l'état de prototype jusqu'à ce qu'un exemplaire du prototype soit trouvé sur un marché aux puces californien par Alex Handy. Pour de l'Atari 2600 il impressionne. On y incarne une poupée Patouf qui part se promener au parc. Évidemment la promenade ne sera pas de tout repos. À noter que ce jeu est le même qu'Athletic Land par Konami sur MSX.
Cakewalk (USA)	Cakewalk est un jeu paru sur Atari VCS 2600. Le but du jeu est, sur plusieurs niveaux de difficulté, de rattraper des pâtisseries avant qu'elles ne tombent par terre en évitant de se faire toucher par les fourchettes et les couteaux volants.
California Games (USA)	Le jeu s'inscrit dans la lignée des Summer Games et Winter Games et vous propose de participer à différentes épreuves sportives cool et fun représentatives des occupations californiennes. Ce sont donc des runs de BMX, de Surf, de Skateboard (half-pipe), ainsi que des épreuves de Footbag qui vous seront imposées et pour lesquelles vous aurez pour mission de scorer un maximum dans un temps imparti. Les options du jeu vous laissent le choix sur le déroulement des épreuves : concourir dans tous les événements, à quelques événements, ou à un seul événement mais aussi de pratique pour le plaisir sur un événement au choix (practice). La difficulté n'est pas insurmontable mais certaines épreuves sont tout de même assez corsées.
Canyon Bomber (USA)	Canyon Bomber pour Atari VCS 2600 est un jeu d'action développé par Atari. Deux hélicoptères survolent un canyon rempli de blocs. Le but du jeu est de détruire plus de blocs que votre adversaire.
Care Bears (USA) (Proto)	Le concept du jeu dans Care Bears s'articule autour de la récupération d'«icône de ventre» de chacun des Care Bears alors qu'ils tombaient lentement sur l'écran. Une fois que toutes les icônes ont été collectées, le joueur devra les organiser dans un certain ordre avant la fin du temps imparti. Bien que cela puisse sembler assez facile, il faut garder à l'esprit que le jeu était destiné aux jeunes enfants.
Carnival (USA)	Vous êtes au carnaval, et vous allez tenter votre chance au stand de tir ! Votre but est de gagner autant de points que possible en tirant sur les différentes cibles avant d'être à court de balles. En plus des cibles qui flottent, il y a des cases sur lesquelles vous pouvez tirer pour gagner des balles supplémentaires. Il faut aussi faire attention aux canards ! De temps en temps, un canard volera vers le bas et mangera une partie de vos balles si vous ne le tuez pas d'abord. Vous passez au prochain niveau lorsque l'écran a été vidé de toutes les cibles, et vous perdez lorsque vous avez épuisé toutes vos balles.
Casino ~ Poker Plus (USA)	Casino pour Atari VCS 2600 est un jeu de simulation développé par Atari. Il regroupe trois jeux de cartes : le black jack, le stud à cinq cartes et le poker solitaire. Il est possible de jouer seul ou à plusieurs (4 joueurs maximum).
Cat Trax (USA)	Il s'agit d'un ersatz de PacMan dans lequel vous incarnez un chat qui doit récolter des croquettes dans un labyrinthe et qui est poursuivi par 3 chiens déterminés à vous attraper, de temps en temps une potion verte apparait au milieu de l'écran, vous permettant de vous transformer en camion de la fourrière pour pouvoir attraper les chiens et les enfermer quelques temps.
Cathouse Blues (USA)	Cathouse Blues est un jeu pour adulte sorti sur Atari 2600. Vous y incarnez un homme qui doit &quot;rendre visite&quot; a 7 femmes, sans se tromper de maison et sans se faire attraper par la police.
Centipede (Japan, USA) (En)	Jouer un exterminateur chargé de détruire les envahisseurs. À l'aide de votre arme, vous devez détruire les vagues de Centipèdes (mille-pattes) qui descendent vers vous du haut de l'écran. Des champignons sont éparpillés sur l'écran, et le Centipède descend d'une ligne chaque fois qu'il rencontre un champignon. Vous devez également éviter et détruire les araignées, les puces et les scorpions, et faites attention aux champignons empoisonnés qui pourraient faire descendre le Centipede en spirale à votre niveau. Détruisez le Centipède pour avancer à la prochaine vague...
Challenge (Canada)	Vous incarnez un canard qui doit traverser un labyrinthe reliant le coin inférieur droit de l'écran avec le coin supérieur gauche tout en évitant de croiser la route d'un prédateur.
Challenge of.... NEXAR, The (USA)	Vous essayez de devenir un Spectra-Warrior. Pour ce faire, vous devez survoler les niveaux des zones en détruisant les balises radioactives. Ces balises sont gardées par des soucoupes explosives. Vous pouvez détruire ces soucoupes ou les éviter. Lorsque vous détruisez une soucoupe ou une balise, ne restez pas au même endroit, car les débris entreront en collision avec vous.
Championship Soccer ~ Soccer (USA)	Championship Soccer pour Atari VCS 2600 est un jeu de sport développé par Atari. Le but de ce jeu de simulation de football est de marquer le plus de but possible dans le temps imparti. Vous pouvez jouer contre l'ordinateur ou contre un autre joueur. Le jeu offre plusieurs options : autorisation ou non des penalties, taille des buts, la vitesse des joueurs et temps du match, divisé en deux mi-temps.
Chase the Chuck Wagon (USA)	Sorti dans le cadre d'une campagne promotionnelle pour Purina Dog Chow, Chase the Chuck Wagon met les joueurs aux commandes de Chuckie le Chien. Chuckie doit être guidé dans un labyrinthe, en évitant les objets et l'attrapeur de chien, jusqu'en haut de l'écran où il peut aller directement sous le chariot pour le saisir. S'échapper du labyrinthe permet à Chuckie d'entrer dans un écran de récompenses. Ici, Chuckie peut trouver un bol de nourriture pour chien dans le labyrinthe à manger pour obtenir des points bonus supplémentaires. Si Chuckie rate son coup, aucun point ne sera attribué et il sera simplement envoyé à l'écran suivant. Chase the Chuck Wagon n'était disponible qu'en exclusivité chez Ralston-Purina.
Checkers (USA)	Checkers pour Atari VCS 2600 est une simulation du jeu de Dames développé par Activision. Le jeu reprend les règles classiques du jeu de plateau. Le but est de prendre tous les pions de son adversaire. Le jouer peut affronter l'ordinateur (qui dispose de trois niveaux de difficulté) ou un autre joueur.
China Syndrome (USA)	Le réacteur de Spectra Island fournit de l'électricité à des millions de résidents. Normalement, il n'y a pas de problème, mais il y a eu un tremblement de terre. Cela a endommagé le réacteur et libéré des particules radioactives. Vous devez utiliser le bras du robot pour récupérer ces particules avant que les radiations ne s'accumulent trop et que nous ayons une fusion. Il y a trois sections par écran. Ils sont colorés, de haut en bas, rouge, bleu et jaune. Vous commencez avec une particule dans chaque zone et vous devez déplacer le bras du robot pour intercepter ces particules, en appuyant sur le bouton de tir pour les saisir quand elles arrivent au bras du robot.
Chopper Command (USA)	Vous pilotez un hélicoptère de combat, couvrant un convoi de camions de fournitures médicales à travers le territoire ennemi. Soudain, votre radar à longue portée détecte des escadrons d'avions ennemis se rapprochant de votre position. Vous tirez sur le manche et votre hélicoptère s'élève vers le ciel, évitant de justesse un groupe de missiles multi-ogives. Votre réponse est immédiate, en faisant pivoter votre hélicoptère de combat à 180 degrés, tout en déclenchant un barrage scintillant de leurres thermiques. L'action: violente! La concentration: intense! Vous êtes engagé dans l'une des batailles vidéo les plus exigeantes jamais conçues. Vous devez vous fier à votre radar longue portée, à votre intelligence et à vos réflexes. Parce qu'il est de votre responsabilité de veiller à ce que ces fournitures médicales arrivent à bon port. Alors, prenez les choses en main - vous êtes aux commandes, avec Chopper Command, par Activision!
Chuck Norris Superkicks (USA)	Dans ce jeu d'action, vous incarnez Chuck Norris dans une quête pour atteindre un monastère où un dirigeant important est retenu en otage. Le jeu se compose de plusieurs écrans différents : au début et entre les combats, vous verrez une vue du chemin qui mène au monastère. En marchant sur le chemin, vous rencontrerez de nombreux ennemis. Lors d'un combat, la vue passe à un gros plan de votre position actuelle. En appuyant sur le bouton du joystick et en déplaçant le joystick dans l'une des quatre directions, vous pouvez effectuer différents coups de pied, coups de poing et bloquages. Les ennemis que vous rencontrez sont variés, et certains ne peuvent être vaincus que par certains coups. Le chemin que vous parcourez se divise parfois en deux choix ou plus ; lorsque cela se produit, un seul choix est correct et les autres sont des impasses. Si vous faites un mauvais choix, vous devrez revenir un peu en arrière et réessayer. Commençant comme une ceinture blanche, vous augmenterez lentement votre rang au fur et à mesure que vous gagnerez des combats. Lorsque vous arrivez au monastère, vous devez obtenir le statut de ceinture noire afin de vaincre les ninjas mortels qui s'y trouvent ! Votre quête doit être terminée dans un délai déterminé. Si vous quittez le sentier ou si vous perdez des combats, vous perdrez encore plus de temps.
Circus Atari (Japan, USA) (En)	Circus pour Atari VCS 2600 est un jeu d'action développé par Atari. Le but du jeu est de détruire les ballons en haut de l'écran. Pour cela, le joueur doit déplacer sa balançoire à bascule afin d'envoyer un clown en l'air. Plus le joueur explose de ballons, plus il gagne de points. La partie se termine quand le joueur a perdu les 5 clowns mis à sa disposition.
Coco Nuts (USA)	Dans CocoNuts Stanley, l'intrépide explorateur de la jungle est attaqué par Coco le singe ! Coco est dans les arbres en train de jeter des noix de coco sur Stanley. Vous contrôlez Stanley et devez éviter les noix de coco qui arrivent. Vous commencez le jeu équipé d'un casque et d'un parapluie pour vous protéger. Chaque fois que vous êtes frappé par une noix de coco, vous perdez un de ces objets. Vous pouvez aussi regagner un objet en marquant suffisamment de points. Le jeu se termine lorsque vous n'avez plus rien pour vous protéger et qu'une noix de coco vous frappe. Bien sûr, plus la partie dure longtemps, plus le jeu devient rapide !
Codebreaker (USA)	Codebreaker pour Atari VCS 2600 est un jeu de réflexion développé par Atari. Le but du jeu est de deviner la combinaison à 3 ou 4 chiffres générée par l'ordinateur ou un deuxième joueur. Un autre mode jeu est également présent dans lequel les deux joueurs retirent un ou plusieurs objet d'un tas à chaque tour. Celui qui retire le dernier objet gagne.
Color Bar Generator (USA)	Un programme affichant une horloge colorée associée avec des personnages mobiles et multicolores.
Colors (Europe) (Proto)	Un programme affichant une horloge colorée associée avec des personnages mobiles et multicolores.
Colours (USA, Europe) (Demo) (Atari Anthology)	Un programme affichant une horloge colorée associée avec des personnages mobiles et multicolores.
Combat (USA, Europe) (Atari Anthology)	Combat est un jeu à deux joueurs où chacun tente de tirer sur les chars ou les avions de l'adversaire. Toucher le véhicule ennemi le repousse et donne un point au tireur. Le jeu contient 27 niveaux, chacun ayant des règles et une configuration du terrain de jeu bien distinctes. Au niveau des chars, les joueurs ont le choix entre deux labyrinthes différents ou pas de murs du tout, tandis qu'au niveau des difficultés, les joueurs peuvent choisir de jouer avec des nuages qui obscurcissent une partie de l'écran. Les paramètres de difficulté de l'Atari 2600 peuvent être utilisés pour modifier la portée des missiles d'un joueur, ainsi que la vitesse de ses avions dans les niveaux 15-27. Tous les jeux ont une limite de temps de 136 secondes.
Combat Two (USA) (Proto)	Nous sommes en 2037. Les nations ne mènent plus de guerres monstres, tuant des millions de personnes. Au lieu de cela, deux combattants entrent dans une arène et se battent pour l'honneur de leur pays. Il s'agit d'une suite au jeu de combat de 1977, mais il n'y a pas d'avions, juste des chars et des missiles. Chaque joueur commence dans une base dans un coin, un en haut à gauche, l'autre en bas à droite. Vous devez rechercher votre adversaire et lui tirer dessus trois fois pour détruire son char. S'ils sont sous les arbres ou, dans une autre variante de jeu, derrière les murs, vous devez d'abord tirer sur les arbres / murs pour les atteindre. Chaque joueur dispose de trois chars. Le gagnant est le dernier debout.
Combat ~ Tank-Plus (Japan, USA) (En)	Combat est un jeu à deux joueurs où chacun tente de tirer sur les chars ou les avions de l'adversaire. Toucher le véhicule ennemi le repousse et donne un point au tireur. Le jeu contient 27 niveaux, chacun ayant des règles et une configuration du terrain de jeu bien distinctes. Au niveau des chars, les joueurs ont le choix entre deux labyrinthes différents ou pas de murs du tout, tandis qu'au niveau des difficultés, les joueurs peuvent choisir de jouer avec des nuages qui obscurcissent une partie de l'écran. Les paramètres de difficulté de l'Atari 2600 peuvent être utilisés pour modifier la portée des missiles d'un joueur, ainsi que la vitesse de ses avions dans les niveaux 15-27. Tous les jeux ont une limite de temps de 136 secondes.
Commando (USA)	Armé d'un fusil standard et de quelques grenades, vous devez affronter des hordes de nazis. Certains errent en plein air, tandis que d'autres ont choisi des cachettes qu'il faut approcher sous certains angles. Les arbres, les rivières et les ponts créent un terrain de combat varié et doivent être intégrés dans votre réflexion. Des grenades supplémentaires peuvent être collectées, et seront certainement nécessaires, car elles vous permettent de tuer à distance et donc d'éviter certains tirs ennemis.
Commando Raid (USA)	Votre ville est attaquée par des raiders commandos, et c'est à vous de la défendre ! Vous contrôlez une grosse arme à feu au bas de l'écran. Des hélicoptères lacheront des parachutistes, qui devront tous être détruits. Si un parachutiste atteint vos terres, il endommagera et détruira éventuellement l'un des bâtiments de la ville. Après la destruction d'un bâtiment, les parachutistes commenceront alors à creuser un tunnel en direction de votre canon pour tenter de le détruire. Il arrive qu'un avion passe et lâche une grosse bombe. La bombe doit être abattue avant d'atterrir, ou elle peut détruire la ville entière ! Le jeu se termine lorsque votre arme est détruite par une bombe ou un parachutiste.
Computer Chess (USA) (Proto)	Video Chess pour Atari VCS 2600 est une simulation de jeu d'échec développé par Atari. Le jeu reprend les règles classiques du jeu d'échec sur plateau. Il existe 8 niveaux de difficulté qui influe sur le temps que prendra l'ordinateur à réfléchir à ses coups.
Condor Attack (USA)	Une copie de Demon Attack. Parfois, les condors explosent avant que vous ne leur tiriez dessus et le jeu devient vite trop rapide. Cependant, cela n'arrive pas toujours, alors c'est assez inattendu.
Congo Bongo (USA)	Un portage extrêmement fidèle du célèbre jeu d'arcade jump-n-run. Courez, sautez et grimpez dans une jungle dangereuse tout en évitant les animaux et les projectiles.
Cookie Monster Munch (USA)	Cookie Monster Munch est une espèce de party game reprenant des éléments de Pac-Man mais en multijoueur, destiné aux enfants de 3 à 7 ans.
Cosmic Ark (USA)	Le système solaire Alpha Ro est en crise ! Leur soleil est sur le point de devenir une supernova, ce qui signifie la mort de toutes les planètes et des formes de vie exotiques qui les habitent. Heureusement, les nobles Atlantes ont entendu parler du sort d'Alpha Ro et ont envoyé une vaste arche cosmique à des milliers d'années-lumière à travers la galaxie pour essayer de sauver autant d'espèces que possible. En tant que capitaine de l'Arche, le joueur devra faire face à des tempêtes de météorites mortelles et à des systèmes de défense planétaire pour réussir la mission.
Cosmic Commuter (USA)	Cosmic Commuter est un jeu paru sur Atari VCS 2600. Vous contrôlez un vaisseau spatial et votre but est d'amener à bon port vos passagers en évitant tous les dangers de l'espace.
Cosmic Creeps (USA)	La civilisation est condamnée ! Vous êtes notre dernier espoir ! Vous devez protéger les Cosmic Kids contre les Cosmic Creeps alors qu'ils s'échappent de la planète en décomposition !
Cosmic Swarm (USA)	Vous êtes au Waypoint Interstellar Trade Depot, un avant-poste tranquille dans l'espace, quand soudain un groupe de termites extraterrestres, mangeurs de minéraux, se réveille. Ils commencent alors à faire leur nid au hasard. En utilisant votre vaisseau sonde, vous devez détruire les termites et leurs blocs de nidification. Vous tirez simplement sur les termites pour les détruire, mais leurs blocs de nid doivent être activés avant que vous puissiez les détruire. Pour activer un bloc de nidification, vous devez frapper un bloc alors qu'un termite le porte encore. Ceci activera tous les blocs de l'écran. Si vous tirez sur un termite qui n'est pas porteur d'un bloc ou si un termite est porteur d'un bloc mais que vous ne touchez que le termite, tous les blocs ne seront pas activés et ne pourront être endommagés. Si vous tombez sur un bloc, activé ou non, ou si vous êtes touché par un termite, vous perdez une vie. De temps en temps, un navire ravitailleur redescend et recule sur le côté gauche ou droit de l'écran. Vous devez l'amarrer (le toucher) avant qu'il ne revienne au sommet ou la partie sera terminée, quel que soit le nombre de vies qu'il vous reste.
Crack'ed (USA) (Proto)	En tant qu'ornithologue professionnel, vous êtes ravi de découvrir que de rares calamars d'Amérique du Sud ont niché dans votre &quot;vieux jaune d'œuf.&quot; Mais pendant que les calamars se nourrissent, un groupe d'oiseaux bleus espiègles, de hiboux et de serpents commencent à piller leurs nids et à voler des œufs. Vous sortez votre lance-pierre et commencez à frapper les créatures maraudeuses. Mais vous devez faire attention. Si vous frappez un oiseau porteur d'œufs, il fait tomber l'œuf et vous devez agir rapidement pour l'attraper avant qu'il ne touche le sol et le ramener dans un nid. En même temps, vous devez surveiller les serpents qui peuvent se faufiler dans les nids et avaler des œufs. Si vous pouvez protéger les œufs assez longtemps, vous pouvez les emmener ailleurs.
Crackpots (USA)	Un barrage d'insectes attaque votre maison, et vous devez la défendre avec des plantes en pot ! Vous contrôlez votre personnage en haut de l'écran où il y a six plantes en pot. Ceux-ci peuvent être lâchés sur les insectes pour les détruire au fur et à mesure qu'ils remontent de l'égout au bas de la pente. Juste sous les plantes en pot se trouvent six fenêtres ; vous devez vous assurer de détruire les insectes avant qu'ils n'atteignent ces fenêtres. Si six de ces insectes pénètrent dans les fenêtres, un étage de votre maison sera mangé.
Crash Dive (USA)	Crash Dive est un shoot'em up à défilement horizontal qui vous met aux commandes d'un sous marin volant. Vous devrez détruire différentes créatures sous marine ainsi que des avions ennemis tout en essayant de récolter des trésors au fond de l'eau. La partie se termine lorsque vous crashez votre sous marin ou que vous etes a court de carburant.
Crazy Climber (USA)	Le but de Crazy Climber est d'atteindre le sommet de très grands building en escaladant leur facade. Faites attention de ne pas prendre appui sur une fenetre sur le point d'etre fermée ou c'est la chute assurée.
Cross Force (USA)	Il semble que les maléfiques Morplus de la planète Tzoris aient terrorisé la galaxie pour toujours, laissant la mort et la destruction dans leur sillage. Mais maintenant, nos scientifiques ont mis au point notre nouvelle arme, le Spectron ! Vous serez déployé avec cette arme et devrez détruire autant de Morplus que possible.
Crossbow (USA)	Dans Crossbow, vous et plusieurs camarades essayez de traverser de nombreuses zones périlleuses afin de récupérer des trésors volés dans le château du maître malveillant. Les membres de votre groupe ne sont pas armés, mais vous portez une arbalète. Ainsi, vous devez tirer sur tous les obstacles ou ennemis hostiles qui pourraient gêner vos camarades, lorsqu'ils traversent l'écran. La scène est présentée à la première personne, et un par un chaque membre du groupe marchera de gauche à droite sur l'écran. Il y a beaucoup de paysages différents à traverser, chacun avec ses dangers : des déserts avec des scorpions, des cavernes de glace, des jungles avec des singes hostiles, un volcan crachant de la lave, et même le château fortement gardé. Le jeu commence avec deux camarades dans votre groupe, d'autres supplémentaires s'y joignant par la suite, et se termine lorsque tous les membres de votre groupe ont été tués.
Crypts of Chaos (USA)	C'est un jeu de rôle, en quelque sorte. Le but est de tuer les monstres dans les cryptes et d'obtenir tous les trésors que vous pouvez trouver et sortir de ces cryptes. La profondeur à laquelle vous commencez dans la crypte dépend de la sélection du jeu. Les jeux un, deux, trois ou quatre vous placent aux niveaux cinq, neuf, treize ou un, respectivement. Vos armes sont une épée (attaques illimitées mais inutiles contre les sorciers), une baguette (attaques limitées, selon la sélection du jeu, inutiles contre les dragons), un anneau de pouvoir (attaques limitées, selon la sélection du jeu) et un symbole de paix (utilisations illimitées mais vous ne recevez aucun point et seulement utile sur les trolls, les yeux, les sorciers et les dragons). Vos ennemis sont des trolls, des grenouilles, des serpents, des crânes, des taches, des yeux, des sorciers et des dragons. Le niveau un n'a que des trolls, le niveau deux a des trolls et des grenouilles, le niveau trois a des trolls, des grenouilles et des serpents, etc. jusqu'au niveau huit dans lequel il y a tous les types d'ennemis.
Crystal Castles (USA)	Bentley Bear est piégé dans les châteaux de cristal ! Pour sortir, il devra collecter toutes les gemmes situées chaque château. Le jeu se joue avec une vue isométrique en fausse 3D à travers des châteaux multi-plateforme. Lorsque Bentley récupère toutes les gemmes du niveau, il passe au château suivant, plus difficile. Bentley devra éviter une grande variété de créatures dangereuses qui errent dans les niveaux . De temps en temps, un chapeau magique apparaîtra. Si Bentley récupère le chapeau, il sera temporairement invincible.
Cubicolor (USA) (Proto)	Le but de Cubicolor est de faire correspondre le motif affiché aux côtés. Une grille de cinq par cinq est affichée au centre de l'écran. À gauche et à droite se trouve une grille de trois cases sur trois contenant un motif. Vous devez faire correspondre la zone centrale de trois par trois de la grille de cinq par cinq. Pour vous déplacer, vous déplacez le joystick dans une direction pour sélectionner une case, puis vous appuyez et maintenez votre bouton tout en déplaçant le joystick pour déplacer cette case. Dans les parties à deux joueurs, essayez de faire correspondre le motif avant votre adversaire.
Custer's Revenge (USA)	Custer's Revenge (littéralement La Revanche de Custer) est un jeu vidéo d'action pornographique développé par la société Mystique et édité uniquement aux États-Unis sur l'Atari 2600 en 1982. Le joueur joue le général George Armstrong Custer dénudé (à part son chapeau, un foulard et des bottes) qui doit traverser un écran en évitant une pluie de flèches pour pouvoir aller violer une jeune fille indienne nue attachée à un cactus. Ce scénario est considéré comme l'un des pires jamais créés pour un jeu, et fut classé premier parmi les « Dix Jeux Les Plus Honteux de Tous Les Temps » selon GameSpy, et troisième sur la liste « Les dix Pires Jeux de Tous Les Temps » de PC World.
Dan Kitchen's Tomcat - The F-14 Fighter Simulator (USA)	Naître avec des ailes ... Devenez un aviateur de la marine F-14 qui effectue des missions de recherche et de destruction tout en esquivant et en tirant sur des bogeys ennemis lors de combats mortels avec votre canon de 20 mm et vos missiles air-air. Votre poste de pilotage est doté de technologies de pointe, grâce à l'US Air Force: écran d'affichage et ordinateur principal, indicateur d'alerte Bogey, indicateur G-Force, contre-mesures électroniques et indicateur de surchauffe du canon (oui, il peut surchauffer!). Et si vous vous sentez à la hauteur, donnez un coup de pouce à l'olbird à Mach 1.0!
Dancing Plate (Europe) (Puzzy)	Dishaster est un jeu d'arcade sorti sur Atari VCS 2600. Le but du jeu est d'empêcher des assiettes tournant au sommet de pics en bois de tomber.
Dark Cavern (USA)	C'est une bataille pour survivre dans une caverne souterraine ! Vous avez cinq hommes. Ils entrent dans la caverne un à la fois par la trappe centrale. Une fois à l'intérieur, des gouttes, des araignées et des robots commencent à entrer dans les portes gauche et droite. Ni les créatures ni l'homme ne peuvent sortir par ces portes.
Dark Chambers (USA)	Dark Chambers est un jeu d'action d'arcade similaire à Gauntlet. Vous êtes un explorateur dans un labyrinthe souterrain ; votre but est de survivre aux 26 niveaux différents et de rassembler autant de trésors cachés que possible. Caché quelque part dans chacun des niveaux se trouve une sortie qui vous mènera au niveau suivant.
David Crane's Pitfall II - Lost Caverns (USA)	Vous jouez Pitfall Harry à la recherche du diamant de Raj, de sa nièce Rhonda, et de trésors quelque part dans les Andes. Les grenouilles toxiques, les anguilles, les scorpions, les chauves-souris autres dangers se mettent en travers de votre chemin. Pitfall II est la suite de Pitfall, le jeu de plateforme original. Le gameplay est resté à peu près le même, avec chaque écran présentant une vue latérale des obstacles à passer, et potentiellement des trésors à recueillir. Sur le chemin il ya des points de contrôle. Quand il meurt, Pitfall Harry est renvoyé au dernier point de contrôle croisé.
Deadly Duck (USA)	Il s'agit d'un genre de Space Invaders sauf qu'ici vous incarnez un canard qui affronte et doit détruire une armée de crabe...
Death Trap (USA)	Vous avez été envoyé pour délivrer un message. Soudain, vous tombez sur le vaisseau géant IT. Il ne veut pas que ce message parvienne à l'Empereur Galactique. Vous devez détruire les trois générateurs pour vous échapper. Un générateur est caché jusqu'à ce que les deux autres soient détruits.
Defender (USA)	Defender est un jeu de Shoot à l'horizontal sur Atari VCS 2600 mettant le joueur aux commandes d'un vaisseau à la surface d'une planète. Vous aurez pour mission de détruire les vaisseaux ennemis arrivant sur cette planète. C'est un des premiers jeux incluant un radar. Armé de bombes et capable d'utiliser l'hyperespace pour se déplacer rapidement autour de la planète, votre vaisseau doit lutter contre les bombardiers, les pods, les swarmers, les baiters et les atterisseurs - capables de capturer les humanoïdes et de les transformer en mutants mortels et implacables. Si vous ne sauvez pas les humanoïdes de la chute libre ou de la transformation mutante, la planète est détruite.
Demolition Herby (USA)	Wham ! Bam ! Bam ! Attention, madame ! Vous êtes Demolition Herby et vous êtes à la conquête des routes. Vous devez faire le tour d'une section carrée pour la neutraliser ; l'objectif étant de neutraliser toutes les sections en évitant les voitures ennemies avant d'arriver à court de carburant. Si vous perdez trois vies, le jeu est terminé.
Demon Attack (Europe)	Vous anéantir! Tel est le but de ces démons venus de l'espace. Vous devez les éliminer pour survivre. Mais chaque vague de démons est plus difficile à détruire que la précédente. Ces étranges ennemis interplanétaires sont coriaces. Lorsqu'ils sont touchés, certains se séparent en deux. Tous sont remplacés par des assaillants encore plus nombreux. 1 ou 2 joueurs feront face à des dangers sans cesse croissants. Vague dévastatrice après l'autre vous attaquera par le haut. Juste après avoir détruit détruit une bande de monstres galactiques, une autre horde funeste vous agressera avec une toute nouvelle stratégie d'assaut. Si vous ne pouvez pas battre les démons des mondes extraterrestres, vous pouvez toujours battre votre propre score, ou celui de votre adversaire. Le défi ne vous lâchera jamais lorsque vous vous battrez avec vos manettes de jeu.
Demons to Diamonds (USA)	Demons to Diamonds sur Atari 2600 est un jeu de tir à la troisième personne dans lequel vous devez tirer sur des ennemis en mouvement avec votre laser. Le but est de gagner le plus de points possible notamment en tirant sur les objets de la même couleur que votre laser afin de récupérer des diamants. Il est possible de jouer seul ou à deux sur différents modes de jeu.
Depth Charge (USA) (Proto)	Aux commandes d'un navire de surface, le joueur largue des charges de profondeur afin d'anéantir les sous-marins tapis sous les flots. Six variantes modulent la partie en offrant trente, soixante ou quatre-vingt-dix torpilles, fixes ou dirigeables, invitant à alterner précision et instinct. Conçu à l'origine comme titre inclus avec le Power Module d'Amiga, jamais lancé, il figurait parmi les premiers jeux interactifs de la machine. Son gameplay repose sur une gestion tactique de chaque munition et sur une tension continue, héritée des simulations sous-marines et des shooters d'arcade de l'époque. En résumé, Depth Charge marie action et stratégie dans une expérience simple mais prenante, où chaque détonation rapproche le joueur d'une mer enfin nettoyée de ses prédateurs invisibles.
Desert Falcon (USA)	Desert Falcon est un jeu sur Atari VCS 2600 vous mettant sur les traces de trésors perdus en Égypte. Vous vous retrouvez donc dans la peau d'un faucon faisant face aux ennemis grouillant dans le désert dans le but de retrouver ces fameux trésors.
Dice Puzzle (USA)	Si vous aimez les jeux comme Rubik's Cube, alors vous aimerez celui-ci. Le but de Dice Puzzle est d'obtenir les 16 dés sur le même nombre. Pour ce faire, vous cliquez sur une colonne ou une ligne qui fait avancer tous les chiffres de cette colonne ou de cette ligne d'un chiffre (bien sûr, on passe de six à un). Voyez à quelle vitesse (ou en combien de coups) vous pouvez le faire.
Dig Dug (USA)	Créez votre propre labyrinthe en creusant sans crainte à travers la terre. Votre but: récolter de savoureux légumes qui vous rapporteront des points de santé. Vos ennemis: des fantômes qui veulent vous enterrer vivant, de féroces dragons cracheurs de feu et des méchantes brutes ressemblant à des ballons! Pouvez-vous le faire? Voici l'excitante version console du célèbre jeu d'arcade original!
Dishaster (USA)	Dishaster est un jeu d'arcade sorti sur Atari VCS 2600. Le but du jeu est d'empêcher des assiettes tournant au sommet de pics en bois de tomber.
Dodge 'Em (Europe) (Rev 1)	Dodge 'Em pour Atari VCS 2600 est un jeu de course / action développé par Atari. Le but du jeu est de récupérer tous les points dispersés sur le circuit, tout en restant dans sa voie. Il est possible de changer de voie, mais uniquement à des endroits bien précis. Une voiture roulant dans le sens inverse (contrôlée par l'ordinateur ou un autre joueur) essaiera de vous barrer la route.
Dodge 'Em ~ Dodger Cars (USA)	Dodge 'Em pour Atari VCS 2600 est un jeu de course / action développé par Atari. Le but du jeu est de récupérer tous les points dispersés sur le circuit, tout en restant dans sa voie. Il est possible de changer de voie, mais uniquement à des endroits bien précis. Une voiture roulant dans le sens inverse (contrôlée par l'ordinateur ou un autre joueur) essaiera de vous barrer la route.
Dolphin (USA)	Dolphin est un jeu paru sur Atari VCS 2600. Le joueur y incarne un dauphin qui doit échapper à une pieuvre géante en nageant toujours plus vite et en évitant les obstacles.
Donald Duck's Speedboat (USA) (Proto)	Donald est entré dans la course de bateaux de Duckburg et a pris la mer avec son hors-bord. L'objectif est d'éloigner le bateau des obstacles le long de la route jusqu'à la ligne d'arrivée et de le faire le plus rapidement possible sans perte de pression sur l'accélérateur. Le jeu se déroule sur plusieurs écrans, chacun présentant ses propres modèles d'obstacles et ses propres défis.
Donkey Kong (USA)	Donkey Kong est un jeu d'action / plates-formes sur Atari 2600 où vous devez sauver Pauline du terrible Donkey Kong. Pour ce faire, il vous faut grimper en haut de la tour et atteindre la demoiselle en évitant les obstacles qui vous sont envoyés par le gorille. Une fois cela fait, vous passez au niveau suivant.
Donkey Kong Junior (USA)	Mario a kidnappé le père de Junior ! Donkey Kong Jr. est sorti à l'origine dans les salles d'arcades en 1982 en tant que suite de Donkey Kong. Dans ce jeu, Mario joue l'antagoniste, ayant finalement capturé Donkey Kong, et a mis le singe dans une cage verrouillée. En tant que Donkey Kong Jr., les joueurs devront se frayer un chemin à travers quatre niveaux différents (Vines, Springboard, Chains et Mario's Hideout) afin de trouver les clés pour libérer le Père du petit singe.
Double Dragon (USA)	Dans un New York post-apocalyptique, Double Dragon est l'histoire de Billy et Jimmy Lee, frères jumeaux formés dans le style de combat de Sou-Setsu-Ken. Ensemble, ils gèrent une petite école d'entraînement aux arts martiaux et enseignent l'autodéfense à leurs élèves. Un jour, la petite amie de Billy, Marian, est enlevée dans la rue par les &quot;Black Warriors&quot;, un gang de rue sauvage dirigé par un homme nommé Willy. Les Guerriers Noirs exigent que les frères Lee dévoilent leurs secrets d'arts martiaux en échange de la liberté de Marianne. Les frères Lee ont entrepris une mission de sauvetage pour écraser les Guerriers Noirs et sauver Marianne.
Double Dunk (USA)	Jouez à un jeu rapide à deux contre deux sur un demi-terrain de basketball. N'utiliser que la moitié du terrain signifie que vous devez faire plus attention à ne pas perdre le ballon ou à manquer des coups faciles lorsqu'un adversaire est proche. Les tirs à 3 points et les fautes peuvent être activés ou désactivés. De plus, vous avez la possibilité de changer les couleurs des uniformes de chaque équipe.
Dragon Defender (Europe)	Le but du jeu est de prendre le contrôle d'un dragon qui doit se frayer un chemin à travers des vagues d'attaques qui s'abattent sur vous du côté droit de l'écran.
Dragonfire (USA)	Les trésors du roi ont été volés ! En tant que jeune prince audacieux, votre but est de les récupérer tous. Les trésors sont conservés dans différents châteaux, chacun étant gardé par un dragon de feu. Chaque niveau du jeu comporte deux parties ; vous devrez d'abord traverser le pont-levis du château. Vous devrez sauter et esquiver les boules de feu des dragons et éviter les flèches volantes pour atteindre l'autre côté ! Dans la deuxième partie, vous devez collecter tous les trésors de l'écran et les faire sortir tout en évitant le dragon qui court en bas de l'écran. Les dragons de chaque niveau ont des schémas de mouvement et de tir différents, et au fur et à mesure que les niveaux progressent, ils deviennent plus rapides et plus compliqués.
Dragonstomper (USA)	Il y a longtemps, un magicien druide créa une amulette d'une grande puissance qui pouvait maîtriser un dragon. En se dirigeant vers la tanière du dragon, le druide laissa accidentellement tomber l'amulette qui tomba au fond de sa tanière. Au fil du temps, l'amulette a imprégné le dragon de ruse et de puissance, de sorte qu'il a commencé à répandre la traîtrise et le mal dans le paisible royaume. La quête du joueur commence avec le roi qui l'appelle à vaincre le dragon une fois pour toutes. Prenant l'appel aux armes, le joueur commence par rassembler ses forces et combattre les créatures dans la campagne enchantée afin d'acquérir suffisamment de puissance pour devenir un Dragonstomper. Une fois prêt, le joueur se rend dans un village opprimé près de la tanière du dragon afin de recruter des soldats, d'acheter des parchemins magiques et d'acquérir les médicaments et les élixirs nécessaires pour affronter le dragon dans sa tanière. Avec toutes ses compétences, son entraînement, son équipement et ses soldats, le Dragonstomper descend dans la tanière du dragon pour un combat final visant à ramener la paix dans le royaume.
Dragster (USA)	Dragster pour Atari VCS 2600 est un jeu de course développé par Activision. Le but du jeu est d'arriver à l'autre bout de la piste le plus vite possible. Le joueur contrôle l'accélération et le passage des vitesses. S'il change trop vite, le véhicule explose et la partie est finie.
Dschungel Boy (Europe)	Laisse moi me présenter. Je suis Pitfall Harry, un expérimenté explorateur de la jungle. La chasse au trésor est ma passion, et la vôtre aussi, si vous osez faire ce voyage avec moi. Ne soyez pas nerveux; Je serai votre guide à travers la jungle et je suis l'un des meilleurs. D'innombrables richesses nous y attendent, mais bien moins que les dangers que nous devrons affronter. Nous nous balancerons à l'aide de lianes, au-dessus d'un gouffre. Nous sauterons à travers les marais, en utilisant des têtes de crocodile comme des tremplins. Nous fouillerons sous terre, au travers de passages sombres, rampant aux côtés de scorpions venimeux. Alors préparez votre sac à dos et retrouvez-moi dans la jungle à l'aube - et nous partirons à la recherche de la fortune d'un roi, faite d'or, de diamants et de trésors perdus - dans l'Aventure de la Jungle de Pitfall Harry.
Dukes of Hazzard (USA) (Proto)	Dukes of Hazzard est un jeu de conduite avec une perspective aérienne, basé sur la populaire série télévisée du même nom. Les joueurs jouent le rôle des garçons Duke conduisant le légendaire &quot;Général Lee&quot;, tout en essayant d'éviter la police et de sauver leur soeur Daisy de Boss Hogg.
Dumbo's Flying Circus (USA) (Proto)	Dumbo's Flying Circus devait faire partie de la série pour enfants d'Atari (qui comprend des personnages de Peanuts, Sesame Street, Disney, Muppets et Garfield), mais pour une raison ou une autre, elle n'a jamais vu le jour. Atari a fait la promotion de Dumbo dans les catalogues européens d'Atari et a même fait fabriquer un prototype de boîtier. La décision de le ranger a donc dû être prise assez tard. Même si Dumbo a été développé comme un jeu pour enfants, le gameplay est assez difficile, ce qui peut expliquer pourquoi il n'a jamais été mis sur le marché.
Dune (USA) (Proto)	Dune est un prototype inédit basé sur le film du même nom de 1984. Il semble que ce devait être un jeu de style action/aventure similaire à l'aventure classique d'Atari mais étant donné que le jeu n'a jamais été terminé, nous ne saurons jamais avec certitude. Dune a été conçu par les programmeurs Atari Bruce Poehlman et Gary Stark, mais il semble que la programmation ait été lancée par une autre partie. Ce prototype semble n'être complet qu'à environ 30% - le moteur du jeu semble être terminé, mais il manque beaucoup d'éléments de gameplay et de graphiques. Vraisemblablement, ce titre a été annulé avec les Tramiels clôturant le développement du jeu 2600 et rejetant la plupart de l'équipe.
E.T. - The Extra-Terrestrial (USA)	Reprenant des éléments du film E.T. l'extra-terrestre dont il est l'adaptation, le jeu ne reprend pas pour autant la trame générale du scénario. Le joueur man?uvre E.T. à travers différents écrans à la recherche des trois pièces de l'émetteur. Les pièces sont réparties aléatoirement autour de la zone d'atterrissage d'E.T. dans des fossés appelés « puits ». La zone de jeu est composée de six écrans principaux. Le joueur doit éviter le contact avec certains ennemis.
Earth Dies Screaming, The (USA)	Vous êtes un destroyer spatial qui défend la Terre contre les Trillians. Les Trilliens utilisent des bases d'attaque pour lancer des satellites Kamikaze et des combattants Trillian sur Terre. Lorsqu'un chasseur se rapproche, votre arme suivra automatiquement son mouvement vertical. Vous devez les suivre horizontalement et tirer au bon moment.
Eddy Langfinger, der Museumsdieb (Germany)	Dans ce jeu, le joueur joue le rôle d'un voleur qui doit récupérer les huit objets de valeur du &quot;Mograth Stadtmuseum&quot; dans un certain délai. Une fois que le joueur atteint le dernier étage et a tout ramassé, il s'échappe avec un hélicoptère et le niveau suivant commence. En se faufilant dans le musée, les joueurs doivent éviter les chiens et les gardes. Les gardes apparaissent de temps en temps dans les fenêtres et peuvent être évités en se tenant entre deux fenêtres. Un nouvel étage peut être atteint en courant jusqu'à la fin de l'étage actuel et en sautant par dessus le trou. Une fois le niveau terminé, le score est calculé en ajoutant votre temps restant et un nouveau tour plus difficile commence.
Eggomania (USA)	Eggomania est similaire au jeu Kaboom. En haut de l'écran se trouve un oiseau qui vous lance des ?ufs ! Vous devez les attraper dans votre chapeau avant qu'ils n'atteignent le bas de l'écran. Si vous manquez des ?ufs, ils se cassent et le jaune commence à s'accumuler au bas de l'écran. Si vous en ratez trop, la partie sera finie. A la fin de chaque tour, vous aurez l'occasion de gagner des points bonus ; vous pouvez maintenant lancer tous les ?ufs que vous avez attrapés sur l'oiseau ! Au fur et à mesure que les niveaux progressent, la vitesse des jeux augmente. Il y a deux niveaux de difficulté disponibles, dans la variante la plus facile vous obtenez un chapeau plus grand.
Elevator Action (USA) (Proto)	Vous êtes l'agent 17 (nom de code: &quot;Otto&quot;). Votre mission est de sécuriser tous les documents top secrets d'un bâtiment de sécurité et de vous évader dans la voiture de fuite, située au sous-sol du bâtiment. Les espions ennemis sont dispersés dans le bâtiment de 30 étages et ils n'ont qu'une seule mission: exécuter l'agent 17 à tout prix. L'Agent 17 peut les tuer de plusieurs manières: 1. Les tuer avec son arme. 2. Les coups de pied en leur sautant dessus. 3. Tirer une lumière au plafond dans un ascenseur, déposer la lumière sur l'un d'eux. 4. Les écraser avec un ascenseur.
Elf Adventure (USA) (Proto)	Une suite à Adventure ? Il semble bien que Warren ait travaillé, durant ses heures libres, sur une continuation de son immense succès Adventure, alors qu'il œuvrait à The Learning Company, société qu'il fonda en 1980 après avoir quitté Atari. On ignore si Atari avait réellement commandé cette suite ou si Warren l'élaborait de son propre chef, espérant ensuite la proposer à l'éditeur. Toutefois, puisque Atari envisageait de baptiser SwordQuest: Earthworld Adventure II et Fireworld Adventure III, l'hypothèse d'un projet personnel paraît plus crédible. Quoi qu'il en soit, ce prototype demeure entouré d'un voile de mystère, renforçant encore la légende qui entoure l'univers d'Adventure.
Eli's Ladder (USA)	Ce jeu a été conçu pour aider à enseigner aux enfants l'addition, la soustraction et le comptage. Eli doit retourner dans son vaisseau spatial. Vous le faites gravir les échelons en résolvant des problèmes d'addition ou de soustraction. Un problème apparaît avec les quatre choix de réponses ci-dessous. Déplacez le navigateur vers la gauche ou la droite pour sélectionner votre réponse, puis appuyez sur le bouton. Après 20 questions, Eli atteint son vaisseau. Si vous avez obtenu 18 bonnes réponses ou plus, Eli sautera de joie et il y aura un mot clignotant WOW. L'enfant utilise toujours le joystick droit. Dans le mode deux joueurs, le joystick gauche est utilisé par le parent pour passer au problème suivant, démarrer le jeu et compter les pommes. Dans un le mode un joueur, vous avancez automatiquement.
Elk Attack (USA) (Proto)	Elk Attack est un jeu de type Pac-Man mais sans labyrinthe. Vous contrôlez une machine de type Yo-Yo, qui doit utiliser sa chaîne pour verrouiller et détruire tous les blocs colorés de l'écran. En chemin, vous rencontrerez d'étranges créatures ressemblant à des vers, qui tenteront de perturber votre Yo-Yo.
Encounter at L-5 (USA)	A l'aide d'un lanceur antimatière, vous devez défendre la base stellaire L5 contre une horde ininterrompue de vaisseaux guerriers Megalyte bleus et leurs fusées mortelles. Quand les guerriers atteignent le fond, ils tirent sur votre base. Cela ne fait pas de mal à la base, mais vous perdriez une de vos quatre vies. Parfois, le vaisseau de la mort plonge vers votre base, tirant au fur et à mesure. S'il atteint votre base, il détruira votre générateur, vous faisant perdre une vie.
Enduro (USA)	Événement officiel: Le National Enduro. Départ de la course: Au lever du soleil. Description de la course: Un circuit d'endurance incroyablement difficile. De l'aube aux confins de la nuit, du sable brûlant du désert de Baja jusqu'aux plaines couvertes de glace du Montana, des virages en épingle à cheveux du Tennessee, à la visibilité nulle d'un brouillard de la Nouvelle-Angleterre. Et demi-tour. Il n'y a pas de ligne d'arrivée. Profil du conducteur: Vous ignorez la peur, ne dormez jamais. Votre unique objectif dans la vie est de battre votre dernier record, de gagner ce régime moteur supplémentaire, de parcourir ce kilomètre supplémentaire. Empruntez le plus possible les voies rapides. Laissez vos concurrents dans votre rétroviseur. Vous êtes votre propre idole. Exigences de la voiture: Robuste comme un tank, rapide comme un jet. Si réactive qu'elle sait où se diriger avant même que vous l'ayez décidé. Perfection du circuit d'injection à faible ou haut régime. La course est prête. Et vous, l'êtes vous?
Ente und der Wolf, Die (Germany)	Pooyan est un jeu d'arcade publié par Konami. Le jeu se focalise sur Mama, une truie, qui doit défendre et sauver ses petits. Mama est dans un ascenseur coulissant, que le joueur contrôle. Des loups s'envolent à l'aide des ballons et c'est au joueur de tirer des flèches vers les loups afin d'exploser leurs ballons avant qu'ils atteignent le sommet.
Entombed (USA)	Ce qui a commencé comme une belle petite expédition archéologique est soudain devenu une lutte cauchemardesque pour la survie ! Une équipe d'archéologues est piégée dans un labyrinthe souterrain de tunnels sombres et sinueux. Autour d'eux, de redoutables zombies émergent des cryptes. Le seul espoir de survie des archéologues (en dehors d'une course très rapide) est un ancien dispositif connu sous le nom de &quot;make-break&quot;, qui peut être utilisé pour créer ou détruire des morceaux de mur.
Escape from the Mindmaster (USA)	Le but du joueur dans ce jeu est de résoudre le labyrinthe composé d'une série de couloirs et de pièces. Les salles sont vides, contiennent des puzzles, ou ont un jeu bonus qui permet aux joueurs d'accumuler plus de points. Chaque niveau a son propre jeu bonus individuel. Pour résoudre le labyrinthe, les joueurs doivent collecter des clés appelées &quot; puzzle pegs &quot; qui sont conçues comme des formes pour trouver leurs emplacements correspondants.
Espial (USA)	Espial est un jeu de tir paru sur Atari VCS 2600. Le joueur contrôle un vaisseau spatial qui doit tirer des missiles et des lasers sur des vagues infinies d'ennemis.
Exocet (Europe)	Exocet est un jeu d'action, publié par Panda Entertainment, qui est sorti en 1983. Vous etes aux commandes d'un OVNI et devez détruire des tours qui essaieront de vous tirer dessus.
Extra Terrestrials (USA)	Lorsque le Personal Computer Museum a découvert pour la première fois Extra Terrestrials, la découverte elle-même a été suffisante pour envoyer des ondes de choc à travers la communauté Atari. Non seulement un titre jusqu'alors inconnu (mais commercialement disponible) a fait surface, mais il a aussi été reconnu comme le seul jeu Atari 2600 développé au Canada. Le groupe souhaitait capitaliser sur le marché du jeu vidéo qui était en plein essor à l'époque. Ils avaient espéré sortir le jeu pour la saison de Noël 1983, mais des retards dans la programmation l'ont empêché et le jeu a manqué la période de Noël. Après la finition du jeu, au début de 1984, Peter se souvient qu'il a fait du porte-à-porte chez les détaillants pour vendre des copies du jeu. Ils n'avaient pas de distributeur et le marché du jeu vidéo s'était déjà effondré.
Fantastic Voyage (USA)	Voyage fantastique est un jeu de tir à défilement vertical pour un joueur. Le principe du jeu suit celui du film de 1966 du même nom; vous et votre sous-marin avez été miniaturisés et injectés dans le sang d'un patient malade. Votre objectif est d'empêcher le patient de mourir en localisant des caillots sanguins mortels et en les détruisant.
Farmyard Fun (USA)	Vous contrôlez Tom, le voleur d'œufs qui erre en ramassant des oeufs de la basse-cour. Les oeufs sont gardés par des poules qui battent Tom avec un simple contact. Collectez tous les oeufs avec succès et passez au niveau suivant où les oeufs sont affichés dans différents endroits. Les poules deviennent aussi plus rapides et plus difficiles à éviter.
Fast Eddie (USA)	Vous devrez sauter par-dessus les &quot;espadrilles&quot; ennemies, grimper aux échelles et sauter pour gagner votre cœur. Le contrôle est très précis et le jeu se déroule sans heurts. Vous constaterez que Fast Eddie est rapide et qu'il peut franchir 99 mètres.
Fast Food (USA)	Manger! Mangez toutes les calories que vous pouvez, mais faites attention aux cornichons violets. Ils restent avec vous et vous donnent des gaz débilitants. La nourriture commence à gauche et se déplace à droite. Vous bougez la bouche pour manger la nourriture; plus vous grossissez, mieux c'est.
Fatal Run (USA)	Fatal Run est un jeu de course paru sur Atari VCS 2600. A bord d'un véhicule ultra-rapide, vous devez délivrer des médicaments dans les différentes villes d'un monde apocalyptique. Sur votre chemin, vous pouvez éliminer vos ennemis à l'aide d'armes variées et améliorer votre véhicule dans les différentes villes que vous traversez.
Fathom (USA)	Neptina, la fille de Neptune, a été emprisonnée au fond de la mer par des Titans. Votre but est de la sauver en localisant les morceaux éparpillés d'un trident magique! Vous devrez prendre la forme d'un dauphin et d'un oiseau pour localiser les fragments cachés dans l'océan et les nuages.
Feuerwehr im Einsatz (Germany)	Un entrepôt local a pris feu et vous êtes le pompier qui doit venir à la rescousse! Votre objectif est de sauver le travailleur coincé dans l'entrepôt; sur le côté droit de l'écran se trouve un camion de pompier avec une échelle réglable. Vous pouvez déplacer l'échelle à l'étage approprié du bâtiment pour y grimper et sauver le travailleur pris au piège.
Final Approach (USA)	Vous êtes contrôleur de la circulation aérienne dans un aéroport international. Vous devez guider les avions pour atterrir en toute sécurité. Votre premier écran est l'écran du radar de contrôle d'approche ou ARC. Vous devez guider l'avion à l'aide du curseur jusqu'à ce qu'ils se dirigent de gauche à droite le long de la ligne jaune en direction de la bande noire. Assurez-vous que les autres avions se dirigent là où ils ne se dirigeront pas immédiatement l'un vers l'autre ou hors écran.
Fire Fighter (USA)	Un entrepôt local a pris feu et vous êtes le pompier qui doit venir à la rescousse! Votre objectif est de sauver le travailleur coincé dans l'entrepôt; sur le côté droit de l'écran se trouve un camion de pompier avec une échelle réglable. Vous pouvez déplacer l'échelle à l'étage approprié du bâtiment pour y grimper et sauver le travailleur pris au piège.
Fire Fly (USA)	Après que votre vaisseau interplanétaire soit accidentellement entré dans un trou noir, vous vous trouvez dans un univers différent. Ce monde est habité par d'étranges créatures mécaniques semblables à des insectes. Vous trouvez que ce monde contient à la fois les bons et les mauvais insectes; les bons insectes ont demandé votre aide, et vous acceptez de les défendre. Votre premier défi est de sauver le Pixy; c'est la dernière créature vivante sur la planète et elle est gardée par une abeille tueuse. Si vous réussissez, vous devrez ensuite combattre une variété de créatures ennemies, y compris une citrouille enflammée, des démons et des serpents enroulés. Chaque fois que vous battez les créatures sur l'écran, vous pouvez vous déplacer à droite où un nouveau défi (et bonus) vous attend! Après avoir terminé tous les écrans de mauvais insectes, le jeu se répète à un niveau de difficulté plus difficile.
Fishing Derby (USA)	Fishing Derby pour Atari VCS 2600 est un jeu de sport développé par Activision. Le but du jeu est de pêcher 99 livres (45 kilos) de poisson avant son adversaire. Le joueur contrôle la ligne de la canne à pêche. Plus la ligne va profond, plus les poissons sont gros. Un requin se balade dans le plan d'eau et peut manger les poissons que le joueur remonte.
Flag Capture ~ Capture (USA)	Flag Capture sur Atari VCS 2600 est un jeu d'action / stratégie développé par Atari. A la manière d'un démineur, le joueur doit retrouver tous les drapeaux cachés derrière les cases d'une grille le plus vite possible. Il est possible de jouer à 2. Dans ce cas, les joueurs peuvent jouer simultanément ou chacun à leur tour.
Flash Gordon (USA)	Vous êtes Flash Gordon. De nombreux astronautes sont entrés dans Spider City mais ne sont jamais revenus. Votre travail, Flash, est double. Sauvez tous les astronautes que vous trouvez dans les tunnels de Spider City et détruisez tous les pods à couver.
FM Sound Tool (Unknown) (Proto) [b]	Un programme affichant une horloge colorée associée avec des personnages mobiles et multicolores.
Football (USA)	Foot pour Atari VCS 2600 est un jeu de sport développé par Atari. Conçu pour être joué à 2, il reprend les règles classiques d'un match de football américain. Il est possible de contrôler soi-même ses joueurs ou de laisser l'ordinateur s'en occuper. Dans tous les cas, le joueur doit choisir s'il joue en défense ou en attaque.
Forest (Europe)	Vous êtes un bûcheron qui veut couper un peu de bois à vendre pour que votre famille puisse manger, mais une méchante sorcière a jeté un sort sur les animaux pour qu'ils vous attaquent. Vous devez utiliser deux écrans à droite pour atteindre votre arbre. Les animaux viendront à vous de n'importe quel côté de l'écran. Vous devez soit sauter sur l'animal ou appuyez sur le bouton dans la direction souhaitée pour les frapper avec votre hache. Les serpents ne peuvent pas être coupés, juste sautés dessus.
Fox & Goat (Europe)	Vous êtes un écureuil travailleur. Toute l'année, vous avez stocké de la nourriture dans votre maison à la cime des arbres. Soudain, quand vous êtes dehors, Wily Weasel vole tout. Ne le laissez pas s'en tirer ! Jetez des noix dedans ! Jetez-le de la branche !
Frankenstein's Monster (USA)	Dans la nuit noire et froide, vous traversez le château macabre du Dr Frankenstein. Là, vous devez l'empêcher de terminer sa création. Votre seule chance est de ramasser des pierres du donjon et de les apporter à la tour où vous devez construire une barricade autour du monstre avant qu'il ait accumulé assez d'énergie pour devenir vivant.
Freeway (USA)	Freeway est un jeu d'adresse où vous allez devoir aider un poulet à traverser la route sans se faire écraser par les nombreux véhicules.Il vous faudra amasser le plus de points possible dans le temps imparti. Plusieurs modes de jeu sont disponibles changeant la densité et la vitesse du trafic.
Frisco (USA)	Le joueur incarne Peter Penguin, explorateur en quête de trésors dans les glaces éternelles de l'Arctique. Sa progression est entravée par des monstres de neige qui le poursuivent sans relâche. Techniquement, Frisco repose sur le code de Pac‑Man, ce qui explique ses mécaniques proches du célèbre jeu d'arcade, adaptées à un nouvel univers. Bien que le projet ait été annulé avant sa sortie, il reste une curiosité pour les collectionneurs et amateurs de prototypes. À ce jour, la signification des initiales R.J.P.G. associées au jeu demeure inconnue.
Frog Demo (Europe) (Demo)	Un programme affichant une horloge colorée associée avec des personnages mobiles et multicolores.
Frog Pond (USA) (Proto)	L'histoire derrière Frog Pond est un peu floue, c'est soit une victime de mauvais timing ou de conflit de gestion / programmeur. La prémisse derrière Frog Pond est simple, vous contrôlez une grenouille qui doit essayer d'attraper divers insectes avec sa langue dans une course pour voir combien de points vous pouvez marquer. Le sujet du jeu et l'absence totale de difficulté garantissent presque qu'il allait être destiné aux jeunes enfants, un peu comme le précédent jeu de Nick Tuner Demons to Diamonds. Le problème avec les jeux pour enfants est qu'ils ne sont pas très amusants pour les adultes de jouer, et Frog Pond ne fait pas exception.
Frogger (USA)	Votre tâche dans cette adaptation d'arcade consiste à guider une grenouille a travers une route et une rivière dangereuses pour l'enmener en sécurité en haut de l'écran. Ces deux sections sont parsemées de divers obstacles, tuant la grenouille et coutant une vie. La route est pleine de voitures et de camions, à des vitesses variables. L'eau de la rivière elle-même est fatale, tout comme les serpents qui y flottent à l'intérieur. La grenouille doit utiliser des bûches ou des tortues (qui ne sont là que pour un court laps de temps) et des alligators (mais rester à l'écart de leurs visages) pour traverser la rivière. Enfin sauter dans l'une des cellules de la maison ouverte (en haut), Si cette cellule contient une mouche vous obtiendrez des points supplémentaires . Une fois que tous les trous ont été comblés, vous passez au niveau suivant, plus difficile.
Frogger II - Threeedeep! (USA)	Dans Frogger II, vous devez guider votre grenouille vers la sécurité dans trois endroits différents. En partant sous l'eau, atteignez le sommet de l'étang tout en évitant les alligators et les poissons dangereux (vous pouvez monter une tortue pour votre sécurité!). Une fois au sommet de l'étang, sautez à travers des bûches, des oiseaux et même une baleine jusqu'au gilet de sauvetage traînant derrière un remorqueur. Au troisième endroit, vous devez sauter à travers une volée d'oiseaux pour atteindre un nuage en haut de l'écran. Chaque grenouille a une limite de temps pour atteindre en toute sécurité l'une des maisons sur chacun des trois écrans. Vous passez au niveau suivant lorsqu'une grenouille a atteint en toute sécurité chacune des maisons sur tous les écrans.
Frogs and Flies (USA)	Le but du jeu est de faire attraper des mouches par les grenouilles. Les points sont gagnés en manipulant une grenouille afin qu'il saute d'un nénuphar et ramasse les insectes volants avec une langue clignotante. Sautez-le trop tard et vous manquerez. Sautez-le trop loin et il atterrira dans l'étang. Vous devrez attendre qu'il revienne à la nage avant d'essayer à nouveau. Action de jour et de nuit. Attrapez plus de mouches qu'un adversaire. Ou battez votre propre meilleur score!
Front Line (USA)	Front Line est un jeu de shoot sur Atari VCS 2600. Vous aurez pour mission d'infiltrer le territoire ennemi et de détruire la forteresse. La confrontation avec les divers terrains et ennemis sera rude mais votre personnage est armé et aura l?occasion de se servir de véhicules.
Frostbite (USA)	Frostbite est un jeu paru sur Atari VCS 2600. Le joueur incarne un Esquimau qui veut se construire un igloo pour l'hiver. Pour ce faire, il doit sauter de bloc de glace en bloc de glace en évitant les oiseaux et les crabes.
Funky Fish (USA) (Proto)	Vous incarnez Funky Fish. Votre mission est d'attaquer les créatures marines qui protègent le monstre. Vous les frappez avec vos bulles, ce qui les transforme en fruits. Il vous faut ensuite dévorer ces fruits pour conserver votre énergie. Attention : si vous tardez trop, le fruit redevient la créature initiale et reprend la chasse. Si vous êtes touché par un ennemi ou si vous touchez le monstre, vous perdez une vie et vous vous changez en squelette, sombrant au fond de l'océan. Lorsque toutes vos vies sont épuisées, la partie s'achève.
Fussball (Germany)	Foot pour Atari VCS 2600 est un jeu de sport développé par Atari. Conçu pour être joué à 2, il reprend les règles classiques d'un match de football américain. Il est possible de contrôler soi-même ses joueurs ou de laisser l'ordinateur s'en occuper. Dans tous les cas, le joueur doit choisir s'il joue en défense ou en attaque.
G.I. Joe - Cobra Strike (USA)	Le quartier général des G.I. Joe Special Mission Forces est assiégé par l'ennemi juré COBRA ! Une organisation maléfique déterminée à conquérir le monde, COBRA est apparue sous la forme d'un serpent cobra géant. À l'heure actuelle, il plane au-dessus du camp, menaçant la sécurité. Alors au pas de course ! A vos postes ! Défendez le camp ! Détruisez le méchant avant qu'il ne soit trop tard !
Galaxian (USA)	Une armada d'énormes créatures extra-terrestres plane sur votre astronef en formation menaçante. Tout en fonçant à travers le champ d'action, tirez vos missiles et parez l'attaque acharnée des Galaxiens et de leurs escadrons de bombardiers en piqué. Neuf niveaux de difficultés. Pour un joueur.
Gamma-Attack (USA)	Vous êtes le commandant du seul vaisseau Gamma dans cette région stellaire. La flotte de guerre Vegan a pris le contrôle de votre planète d'avant-poste Gamma et la défend avec des chars à impulsions laser Vegan. Cette planète est la seule planète habitable de ce système stellaire, et vous devez y rester et combattre les Vegans aussi longtemps que vous le pouvez. Déplacez votre vaisseau à la surface de la planète et détruisez les chars Vegans que vous rencontrez. Détruire tous les chars vous fait passer au niveau suivant. Chaque impulsion laser reçue par votre vaisseau Gamma réduit votre altitude de vol stationnaire. Lorsque votre vaisseau s'écrase, le &quot;Gammy&quot; apparaît et votre partie est terminée.
Gangster Alley (USA)	Nous avons appréhendé Chicago Joe, mais en représailles, sa bande s'est installée dans un immeuble, prenant en otage une dame et son enfant. Vos ordres sont de tuer n'importe quel membre du gang. NE PAS TIRER SUR UN INNOCENT! Attention à Nitro Ed. Il aime jouer avec des grenades. Bonne chance.
Garfield (USA) (Proto)	Garfield est un projet inachevé. Comme on pouvait s'y attendre, il met en scène le célèbre chat orange des bandes dessinées dominicales. Sa mission consiste à retrouver Nermal, ce qui l'oblige à traverser cinq écrans remplis d'action tout en se méfiant du sournois Odie. La jouabilité surprend : on ne se déplace pas latéralement avec le joystick, mais en pressant le bouton Fire pour sauter. Après quelques essais, on s'habitue à ce système singulier, qui s'accorde avec l'idée de progression par les poteaux de clôture. Ce prototype, jamais achevé, demeure une curiosité dans l'univers des adaptations vidéoludiques de Garfield.
Gas Hog (USA)	Gas Hog est un jeu d'arcade paru sur Atari VCS 2600. A bord d'un véhicule ultra rapide, le but du jeu est de survivre face aux bombes, aux ennemis et aux trous dans la route, en accélérant et décélérant.
Gauntlet (USA)	Vous êtes le grand explorateur, Sir Robert Wittenbottom. Vous avez découvert une ancienne civilisation au fond de la forêt d'une île mystérieuse. Puisque tu es un vieil homme sympathique, ils ont décidé de t'introduire dans leur conseil de guerriers. Mais vous devez d'abord prouver votre valeur en exécutant le défi. On vous donne trois verres d'eau. Vous devez courir à travers le passage jusqu'aux feux de cérémonie et utiliser votre eau pour les éteindre.
Ghost Manor (USA)	Votre ami est piégé à l'intérieur du Manoir Fantôme! Vous devez franchir cinq écrans différents avant de pouvoir sauver votre ami du dernier étage du manoir. Le jeu commence dans le cimetière à l'extérieur du manoir; ici, vous jouez au tag avec un fantôme ou un squelette arc-en-ciel amical qui vous fournira des lances que vous pourrez tirer sur les ennemis. Dans le deuxième écran, vous approchez de l'entrée gardée du manoir. En utilisant les lances que vous avez collectées, vous devez tirer sur tous les ennemis bloquant l'entrée. Les troisième et quatrième écrans ont lieu à l'intérieur du manoir; chaque étage a un escalier ainsi que plusieurs trésors et croix qui peuvent être collectés. Il y a un mur mobile sur chacun de ces étages qui est mortel au toucher, alors faites attention! Le dernier écran est le dernier étage du manoir où votre ami est retenu captif. Dracula garde cet étage, et en utilisant les croix que vous avez collectées plus tôt, vous devez le repousser dans une prison et libérer votre ami. Pour rendre le jeu plus difficile, il y a une limite de temps; vous devez terminer tout cela en quatre minutes ou moins! Vous pouvez jouer au jeu en tant que garçon ou fille, et quatre niveaux de compétence différents sont disponibles.
Ghostbusters (USA)	Le jeu Ghostbusters sur Atari VCS 2600 est tiré du film du même nom de 1984. Votre but sera de chasser les fantômes de la ville. Le jeu se déroule en plusieurs phases : conduite, capture des fantômes ou choix de la destination, il y en a pour tous les goûts.
Ghostbusters II (Europe)	Ils sont de retour! Des choses étranges se produisent ... Le Slim est à la hausse. Le Titanic est arrivé. Et après 300 ans, Vigo des Carpates siège sur un trône de mort. Qui vas-tu appeler? Remets ton équipement et part dans les rues dans votre Ecto-1. Allez sous terre pour découvrir une rivière de Slim ... et s'élever au-dessus de tout cela avec la Statue de la Liberté. Tout pour transformer le mal en bien et vaincre Vigo au Musée d'Art. Action, aventure, défis de stratégie - et grands rires!
Gigolo (USA)	A Gigolo, vous êtes une femme dehors pour un homme ou deux -- frapper la banque pour obtenir de l'argent, puis se faufiler dans l'une des nombreuses maisons pour trouver les gigolos et marquer quelques 'scores' avant que les flics vous attrapent sur le fait ! (Les rôles masculin et féminin des deux jeux ont été échangés dans les clones de l'éditeur, Bachelorette Party et Cathouse Blues.)
Glacier Patrol (USA)	Glacier Patrol est un jeu d'arcade sorti sur Atari VCS 2600. Vous devez y défendre la Terre face à un vaisseau extraterrestre dont l'objectif est de glacer notre planète.
Glib - Video Word Game (USA)	Glib est une version de Scrabble. Les lettres de la rangée supérieure sont mélangées et vous les utilisez ensuite pour créer des mots sur la rangée du bas. Si la rangée du bas montre tous les espaces en rose ou en rouge, les points du mot sont doublés ou triplés, respectivement. S'il y a une ligne bleu clair ou bleue sous un espace, les points de cette lettre sont doublés ou triplés, respectivement.
Going-Up (USA) (Proto)	Going-Up?? est une toute première ébauche d'un jeu Starpath resté inédit et jamais mentionné dans les catalogues officiels. Probablement conçu comme un projet interne par l'un des programmeurs, il ne s'agit que d'une simple démonstration de déplacement, sans véritable mécanique de jeu implémentée. On ignore si le développement a été poursuivi au-delà de cette version embryonnaire, ce qui confère à ce prototype une aura mystérieuse dans l'histoire des productions Starpath.
Golf (USA)	Golf pour Atari VCS 2600 est un jeu de sport développé par Atari. Le jeu propose un parcours de 9 trous, parsemé d'obstacles classiques du golf (sable, eau, arbre et rough). Le joueur contrôle la puissance du coup et détermine la direction dans laquelle la balle va aller. Les 2 niveaux de difficulté influent sur la taille du trou et le ralentissement causé par le sable.
Good Luck, Charlie Brown (USA) (Proto)	Good Luck, Charlie Brown devait être le dernier titre de la série Children's Work Shop, mais il n'a jamais été commercialisé. La seule version connue est très incomplète, avec peu de jouabilité implémentée, même si des rumeurs évoquent l'existence d'une mouture plus avancée. Les catalogues prévoyaient une sortie à l'été 1983, mais le prototype daté d'avril 1984 montre que le développement s'éternisait. Or, en 1984, Atari mit fin à la série Children's, ce qui entraîna l'annulation définitive de Good Luck, Charlie Brown. Ce prototype reste donc un vestige rare et mystérieux de ce projet avorté.
Gopher (USA)	Un gopher embêtant est après votre patch de carotte! Votre but est de l'arrêter avant que toutes vos carottes soient parties. Le gopher creuse un tunnel dans le sol au bas de l'écran; vous êtes au sommet et vous devez remplir les tunnels de gophers avec votre pelle. Le gopher est rapide, cependant, et si vous ne remplissez pas les tunnels assez rapidement, il atteindra la surface et s'écoulera avec l'une de vos carottes!
Gorf (USA)	Gorf est un jeu similaire à Space Invaders, les navires extraterrestres s'approchent de plus en plus dans une formation de rangées menaçantes.
Grand Prix (USA)	Grand Prix est un jeu de course d'action pour un joueur. Le jeu se joue avec une vue aérienne de l'hippodrome qui défile horizontalement. Votre objectif est d'atteindre la ligne d'arrivée dans les plus brefs délais sur l'une des quatre pistes différentes incluses. Bien sûr, il y aura des obstacles sur les pistes qui vous ralentiront si vous ne faites pas attention. De nombreuses autres voitures se mettront souvent sur votre chemin, les nappes de pétrole vous feront perdre temporairement le contrôle, et sur les pistes plus difficiles, les ponts étroits vous feront arrêter complètement si vous manquez le chemin.
Gravitar (USA)	L'être pervers appelé Gravitar tente de détruire l'univers! À chaque galaxie, il la conquiert, laissant derrière lui des forces gravitationnelles extrêmes, un réacteur puissant et explosif et des bunkers mortels. Votre travail consiste à arrêter Gravitar en reprenant les douze systèmes solaires situés dans quatre galaxies sous son contrôle!
Great Escape (USA)	Great Escape est un jeu de tir sorti sur Atari VCS 2600. Le joueur y pilote un vaisseau spatial et doit détruire des aliens, des météorites et d'autres ennemis.
Gremlins (USA)	Gremlins est un jeu paru sur Atari VCS 2600. Billy doit rattraper des hamburgers lancés par un Mogwai. S'il n'y parvient pas, il doit tuer des vagues de Gremlins qui lui foncent dessus.
Guardian (USA)	Dans une guerre intergalactique, un vaisseau ennemi appelé Dromeda attaque vos planètes d'origine et vous devez les défendre! Les planètes sont situées en haut ou en bas de l'écran et sont défendues par un bouclier. Dromeda est au milieu de l'écran et lancera des engins explosifs sur les planètes. Vous contrôlez un vaisseau spatial qui est le dernier espoir de sauver les planètes.
Gyruss (USA)	Gyruss est un jeu de tir sur Atari VCS 2600. Les Gyrussiens ont envahi le système solaire. A l'aide de votre vaisseau spatial, vous devrez visiter chacune des neuf planètes pour les éliminer.
H.E.R.O. (USA)	Je suis Roderick Hero (R. Hero pour mes associés), président directeur exécutif en chef de la société H.E.R.O., et je vous invite à vous joindre à moi pour nous attaquer à un dangereux labyrinthe d'un puits de mine où règnent le genre de danger dont rêvent les audacieux. Voilà la situation! Imaginez des mineurs piégés par une montagne bouillonnante de rivières de lave et de dépôts de magma au sein de puits de mine grouillant d'innommable vermine, toute mortelle au toucher. Oh, c'est tout simplement trop horrible - et trop excitant! Ai-je évoqué ces terribles tentacules qui surgissent de la lave? Ou ces murs massifs qui peuvent vous écraser? Et ce radeau sur lequel on peut monter? Peu importe. Venez et rendez-vous utile!
Halloween (USA)	Protégez les enfants et combattez pour votre survie &quot;la nuit où il est rentré à la maison !&quot;nnLe psychopathe Michael Myers s'est échappé de l'établissement psychiatrique et est revenu pour se venger. Gardant un groupe d'enfants dans une grande maison de deux étages, les joueurs doivent guider les enfants vers des pièces sécurisées tout en évitant Michael Myers et son couteau.
Hangman ~ Spelling (USA)	Hangman pour Atari VCS 2600 est un jeu de réflexion développé par Atari. Il s'agit de l'adaptation vidéoludique du jeu du pendu. Le principe est exactement le même : il faut deviner le mot que l'ordinateur ou un autre joueur a choisi en proposant des lettres. A chaque erreur, le dessin du pendu se dévoile. Le but du jeu est de trouver le plus de mots possible.
Hard-Head (USA) (Proto)	Le joueur y incarne un petit extraterrestre qui doit utiliser les blocs défilant sur un tapis roulant pour construire une tour et s'échapper. Chaque bloc doit être intercepté et placé correctement, puis, une fois la tour formée, il faut grimper dessus pour atteindre l'écran suivant. Les graphismes et les sons témoignent d'un soin particulier, avec une animation fluide et même une séquence humoristique de « Can-Can » en ouverture. Malgré cette qualité évidente, le jeu n'a jamais été publié.
Harem (USA) (Proto)	Au début, il y a des tirs de mitrailleuse de sniper provenant des buissons. Lorsque le tireur s'arrête brièvement pour recharger, vous pouvez courir. Pour atteindre la 2e femme, vous devez sauter par-dessus le lac. Courez jusqu'au dernier moment (votre talon est sur le bord), puis appuyez sur le bouton pour sauter. Si vous sautez trop tôt, vous tombez dans l'eau. Après la femme sur l'île, vous passez au niveau supérieur, où vous devez courir à côté d'un dragon cracheur de feu. Vous devez chronométrer correctement pour courir à côté lorsqu'il s'arrête de souffler du feu. Vous ne pouvez atteindre que le trou dans le sol. Appuyez sur le bouton pour vous laisser tomber, et une femme apparaît. Si vous êtes trop gourmand ici, elle se transforme en serpent et... Aïe ! Prenez le temps de quitter la fosse pour éviter le dragon, et sortez de l'écran par la gauche. Vous serez alors au niveau supérieur, où vous devrez poursuivre une femme. Pendant ce temps, des gargouilles apparaissent dans des positions aléatoires et laissent tomber de la lave en fusion. Si une gargouille apparaît au-dessus de vous alors que vous marquez des points avec elle (écoutez le son d'avertissement), vous devez appuyer sur le bouton pour la libérer et courir. Vous pouvez la rattraper et continuer indéfiniment, sauf que les gargouilles accélèrent à chaque fois que vous l'attrapez. Lorsque vous atteignez 69 points, vous obtenez une autre vie (vous commencez avec 3).
Haunted House (USA)	Vous êtes pris au piège dans un sombre manoir hanté et poussiéreux. Pour vous échapper, trouvez les morceaux de l'urne magique. Vous rencontrerez des tarentules poilues géantes, des chauves-souris vampires et un fantôme menaçant. Pouvez-vous trouver l'urne et vous échapper du manoir avant même &quot;d'avoir peur de mourir&quot;?
Hole Hunter (USA)	Il vous reste 20 minutes pour frapper les souris en courant avec votre marteau avant d'aller à un pique-nique en cet journée ensoleillé. Cependant, ne vous dépêchez pas, ou vous tomberez dans le trou où vivent les souris. En outre, faites attention au serpent dont la piqûre est mortelle. Si vous laissez tomber le marteau, vous devrez le récupérer. Maintenant, frappez le plus de souris possible.
Holey Moley (USA) (Proto)	Chaque tour est composé de vingt-cinq taupes. Quand une taupe sort de son trou, appuyez sur le bouton correspondant sur le contrôleur pour la frapper. Plus vite vous le frappez, plus vous obtiendrez de points. Si le roi Mole apparaît, frappez-le pour obtenir des points encore plus élevés. Attention au gland. Si cela se produit, ne le cognez pas, cela vous coûtera des points.
Home Run ~ Baseball (USA)	Home pour Atari VCS 2600 est un jeu de sport développé par Atari. Jouable seul ou à 2, le jeu reprend les règles normales du base-ball. Vous pouvez choisir d'introduire 1, 2 ou 3 joueurs sur le terrain et vous contrôlez tour à tour le lanceur, le batteur et les coureurs.
Human Cannonball ~ Cannon Man (USA)	Human Cannonball sur Atari VCS 2600 est un jeu d'action développé par Atari dans lequel le joueur assiste un homme-canon dans l'exécution de son numéro. Le but du jeu est de régler la position, l'angle et la puissance de tir du canon afin que le boulet humain atterrisse dans un bac d'eau.
Hunt & Score ~ Memory Match (USA)	Hunt & Score pour Atari VCS 2600 est un jeu de réflexion développé par Atari. Fonctionnant sur le principe du memory, le but du jeu est de former des paires. Plusieurs options de jeu supplémentaires sont disponibles (nombre de cases à retourner, handicap pour un joueur et possibilité d'avoir un joker).
I Want My Mommy (USA)	Open, Sesame ! est un jeu d`action-plateforme. Vous contrôlez Ali Baba, et votre but est d'atteindre la grotte des trésors. L'entrée de la trésorerie se trouve en haut de l'écran, et vous commencez chaque niveau en bas et vous devez grimper vers le haut. Pour ce faire, vous devrez trouver un bon endroit où vous pourrez lancer une corde jusqu'à la prochaine plate-forme et grimper (il y aura un point sur la plate-forme où vous pourrez lancer une corde en toute sécurité, deux sur chaque étage). Avant de pouvoir accéder à la trésorerie, vous devez attacher des cordes à chacun des emplacements possibles. Pour vous empêcher de progresser, des gardes errent à chaque étage. Si vous vous faites prendre, vous perdrez une vie ! Pour vous aider, une boule magique apparaîtra à l'écran de temps en temps ; si elle est attrapée, elle peut être utilisée pour geler temporairement un gardien. Lorsque vous entrez avec succès dans la trésorerie, vous passez au niveau suivant.
I.Q. 180 (USA)	I.Q. Memory Teaser est un jeu de mémoire basé sur l'association de lettres. Pendant que la musique joue, le joueur doit mémoriser la position des lettres affichées dans deux panneaux distincts. Une fois la séquence terminée, il faut retrouver et associer correctement les lettres du premier panneau avec celles du second. Ce principe simple mais exigeant met à l'épreuve la concentration et la mémoire visuelle, transformant l'expérience en un défi stimulant plutôt qu'en un jeu d'action classique.
Ice Hockey (USA)	Ice Hockey est un jeu de hockey sur glace sur Atari VCS 2600 jouable seul ou à deux. Chaque équipe est constituée de deux membres et le but est bien entendu de marquer le plus de points avant la fin du temps imparti.
Ikari Warriors (USA)	Vous êtes un membre des bérets verts, spécialiste du combat d'élite, les guerriers Ikari. Votre ami et vous êtes sur une mission spéciale derrière les lignes ennemies, et vous avez dormi, manger et vous respirez le goût du combat dans la jungle pour les deux dernières semaines, la fatigue qui n'affecte jamais votre jugement tranchant et votre volonté de survivre. Vos armes principales sont des mitrailleuses, des grenades et votre propre ruse face au danger. Parfois, vous aurez un char à votre disposition, ce qui est pratique lorsque le feu ennemi est particulièrement brutal. Vous vous déplacez rapidement à travers la jungle, pataugeant à travers les rivières et se reposant de temps en temps vers les ruines des bâtiments bombardés. Vous perdez vos munitions et vos grenades, mais vous savez que la bataille ne peut pas durer éternellement. Tôt ou tard, un côté va sortir victorieux. Espérons que c'est le vôtre !
Immies & Aggies (USA) (Proto)	Immies and Aggies est un jeu de tir atypique qui met en scène… des billes. Les « Aggies » sont des agates, tandis que les « Immies » en sont des imitations en verre. Pourtant, à l'écran, difficile de le deviner : les graphismes se résument à des carrés disposés de manière aléatoire, laissant libre cours à l'imagination du joueur pour y voir des billes, des bases extraterrestres ou même des cartouches d'E.T. Malheureusement, la pauvreté visuelle s'accompagne d'une jouabilité tout aussi décevante, ce qui fait d'Immies and Aggies une curiosité plus qu'un véritable plaisir vidéoludique.
Indy 500 (Europe)	Indy 500 pour Atari VCS 2600 est un jeu de course développé par Atari. Le jeu propose 2 modes : le mode solo ou le mode 2 joueurs. En solo, le but est d'accomplir le plus de tours en 1 minute. En mode 2 joueurs, il faut accomplir 25 tours avant son adversaire. Plusieurs pistes sont disponibles, ainsi que plusieurs options afin de rendre les courses plus intéressantes (piste gelée par exemple).
Indy 500 ~ Race (USA)	Indy 500 pour Atari VCS 2600 est un jeu de course développé par Atari. Le jeu propose 2 modes : le mode solo ou le mode 2 joueurs. En solo, le but est d'accomplir le plus de tours en 1 minute. En mode 2 joueurs, il faut accomplir 25 tours avant son adversaire. Plusieurs pistes sont disponibles, ainsi que plusieurs options afin de rendre les courses plus intéressantes (piste gelée par exemple).
Infiltrate (USA)	Vous êtes un agent secret envoyé dans une importante mission de récupération de documents ennemis. Il y a des assassins ennemis qui essaient de vous arrêter.
International Soccer (USA)	Ce jeu est pour 2 joueurs seulement. Dans cette version du football, chaque joueur contrôle 4 hommes, mais un seul à la fois. L'ordinateur déplace les 3 autres pour vous. Un gardien de but contrôlé par ordinateur aidera lorsqu'un but est tenté. Frappez le ballon pendant 90 minutes et essayez de marquer plus que votre adversaire.
IQ 180 (USA)	I.Q. Memory Teaser est un jeu de mémoire basé sur l'association de lettres. Pendant que la musique joue, le joueur doit mémoriser la position des lettres affichées dans deux panneaux distincts. Une fois la séquence terminée, il faut retrouver et associer correctement les lettres du premier panneau avec celles du second. Ce principe simple mais exigeant met à l'épreuve la concentration et la mémoire visuelle, transformant l'expérience en un défi stimulant plutôt qu'en un jeu d'action classique.
Ixion (USA) (Proto)	Ixion est un portage Atari 2600 d'un jeu Sega inédit de 1983. Le joueur doit collecter cinq carrés blancs pour former le mot « Ixion » avant la fin du temps. Au départ, seules certaines cases sont visibles et il faut révéler les autres en déplaçant une sphère brune. Immobile par défaut, cette sphère peut être propulsée en la percutant ou en tirant dessus, rebondissant alors sur la grille, dévoilant des cases et détruisant des ennemis. Elle finit par s'arrêter et doit être relancée pour poursuivre l'exploration. La maîtrise de son mouvement est essentielle pour progresser. Des drones ennemis parcourent la grille et tirent sur le joueur, détruisant les cases et compliquant la traversée. Bien qu'ils soient faciles à éliminer, leur explosion supprime la case qu'ils occupaient, ajoutant une difficulté supplémentaire.
James Bond 007 (USA)	Dans James Bond 007, vous contrôlez James Bond dans son vaisseau polyvalent. Son engin peut voyager à la fois sur terre et sur mer, peut sauter par-dessus le danger ou tirer sur des ennemis à différents niveaux. Si vous pouvez remplir toutes les missions, vous gagnez le jeu! Bonne chance, M. Bond.
Jawbreaker (USA)	Initialement destiné à être un clone de Pac-Man relativement simple, Jawbreaker est apparu comme une version relativement inventive avec un gameplay unique. Il a été largement salué par les critiques et est devenu un vendeur important pour Sierra Online. L'histoire de sa création fait partie du livre de Steven Levy, Hackers.
Journey Escape (USA)	Vous êtes sur la route avec le groupe de rock Journey! Après chaque concert, votre objectif est de guider les cinq membres du groupe vers le véhicule d'évacuation afin qu'ils puissent se rendre au prochain concert à l'heure. Vous commencez avec 50 000 $ du concert et devez guider un membre du groupe à la fois; l'écran défile verticalement et vous devez surmonter la foule et divers obstacles avant la fin du temps imparti.
Joust (USA)	Endossez une armure et attrapez votre lance, vous entrez dans le monde médiéval de JOUST! Chevauchez votre fidèle autruche dans la bataille contre les intrépides Buzzard Riders . Mais tenez bon: ils vous feront, s'ils le peuvent, tomber de votre monture ! JOUST possède toutes les caractéristiques d'un classique et stimulant jeu d'arcade, y compris une option à deux joueurs qui vous permet, à vous et à votre partenaire, de jouter en équipe au sein d'un champ de bataille aérien.
Jr. Pac-Man (USA)	Jr. Pac-Man propose un gameplay similaire au Pac-Man original, mais avec quelques modifications. En tant que Jr., vous devez manger tous les points dans un labyrinthe sans rencontrer les quatre fantômes qui tentent de vous attraper. Le labyrinthe est maintenant beaucoup plus grand et ne tient plus sur un seul écran. Le labyrinthe défilera pour suivre l'action. De temps en temps, un savoureux bonus rebondit sur l'écran qui peut être mangé pour des points supplémentaires. Il y a des tricycles, des cerfs-volants, des tambours, des ballons, des trains, des bières à la racine et d'autres bonus qui apparaissent au fur et à mesure que les niveaux progressent.
Jungle Fever (USA)	Jungle Fever est simplement une version de Burning Desire dans laquelle votre petit ami est pris pour sacrifice et que vous devez le sauver tout en évitant les pierres lancées par les amazones. Knight On The Town implique que vous (le chevalier en question) construisez un pont sur le fossé pour atteindre la princesse. Vous devez faire face à un alligator à la castration et à un troll.
Jungle Hunt (USA)	Passez à l'action avec l'un des succès d'arcade les plus populaires de tous les temps - JUNGLE HUNT! Des graphismes réalistes vous plongent au cœur de la jungle et alors que vous passez de liane en liane, combattez les crocodiles mangeurs d'hommes, évitez les rochers rebondissants et arrachez votre bien-aimée des griffes des cannibales masqués!
Kabobber (USA) (Proto)	Les Kabobbers sont d'étranges créatures, à la fois adorables et chaotiques, qui adorent semer le désordre. Votre mission consiste à envoyer vos Buvskies écraser les Kabobbers avant qu'ils ne vous écrasent. Vous pouvez avoir jusqu'à neuf Buvskies à l'écran simultanément, avec des réserves hors écran en cas de perte. Déplacez vos Buvskies sur la grille, sautez sur les Kabobbers ennemis pour les vaincre et gagner des Buvskies supplémentaires. Les bébés Buvskies grandissent après chaque victoire. Les ennemis deviennent de plus en plus coriaces, exigeant un timing parfait dans les derniers niveaux. Surtout, vous devez atteindre la princesse Buvsky avant qu'elle ne parvienne à l'énergie arc-en-ciel et ne la dévore. Un jeu singulier, mais étonnamment divertissant.
Kaboom! (USA)	Notre charmant &quot;Mad Bomber&quot; ne fait vraiment rien de mal. C'est simplement qu'il aime par dessus tout, larguer ses bombes et les regarder exploser. Vous seul pouvez l'arrêter. Alors qu'il lance ses bombes, vous vous précipitez pour éteindre leur mèche à l'aide de seaux d'eau. Plus il y a de bombes désamorcées dans vos seaux, plus vous marquez de points. Mais, plus vous marquez de points, plus les bombes tombent rapidement. Manquez une bombe et vous saurez pourquoi Kaboom! a été nommé ainsi. Voilà un vrai test d'endurance, de réflexe et de concentration. Kaboom d'Activision, tout simplement envoûtant!
Kangaroo (USA)	Baby Roo a été kidnappé par des singes et c'est à Mama Roo de venir à la rescousse ! Votre kangourou commence au bas de l'écran. Vous devez guider le kangourou vers le haut des différentes échelles et plates-formes jusqu'au sommet où Baby Roo est retenu captif.
Karate (USA)	Karate sur Atari VCS 2600 est, comme son nom l'indique, un jeu de combat de karatékas. Seul ou à deux, vous pourrez combattre avec une multitude de coups qui vous donneront plus ou moins de points. Le but étant de gagner plus de points que son adversaire avant la fin du temps imparti.
Keystone Kapers (USA)	&quot;FLASH SPECIAL! Harry Hooligan, un escroc notoire, un voleur et quelqu'un de pas vraiment sympathique, s'est échappé! Il a été repéré à proximité de l'Emporium de Southwick. En ce moment même, Hooligan déjoue toutes les tentatives de mettre fin à ses agissements.&quot; &quot;Sur place se trouve Keystone Kelly, fierté de notre Police. Officier Kelly, quelle est la situation?&quot; &quot;Oh, c'est une honte! Des agissements incroyables! Des actes ignobles et innommables! Ce voyou a tout à portée de main! Des chariots de supermarché, des biplans miniatures, des ballons de plage - même de vieux postes de radio en forme de cathédrale. On va s'occuper de cette brute épaisse!&quot; &quot;Est-ce que ce voyou à la tenue bicolore continuera à représenter un véritable problème pour Keystone, ou est-ce que VOUS allez aider le plus grand détective à attraper ce vaurien ?? Prenez vos matraques et joysticks! C'est bientôt la fin de la récréation, Hooligan! &quot;
Killer Satellites (USA)	Pendant des décennies, les satellites d'armes ont orbité autour de la Terre sans danger. Maintenant, pour des raisons inconnues, ils sont tombés du ciel pour anéantir l'humanité. Vous êtes un pilote d'essai avec un vaisseau expérimental qui peut arrêter les satellites. C'est à vous de protéger votre ville natale.
King Kong (USA)	King Kong a emmené une femme au sommet de l'Empire State Building. C'est à vous de la sauver mais ce ne sera pas facile. Kong vous jette des bombes.
Klax (USA)	Klax est un jeu en 3D sur Atari VCS 2600. Le but est de récupérer des blocs de couleur et de les placer afin de réaliser le ou les patterns demandés. Plus les niveaux avancent, plus les blocs arrivent vite et plus les patterns sont compliqués.
kleine Bar, Der (Germany)	Frostbite est un jeu paru sur Atari VCS 2600. Le joueur incarne un Esquimau qui veut se construire un igloo pour l'hiver. Pour ce faire, il doit sauter de bloc de glace en bloc de glace en évitant les oiseaux et les crabes.
Knight on the Town (USA)	Dans Knight on the Town, vous incarnez un chevalier qui doit traverser les douves d'un château pour sauver une princesse, mais le seul moyen de traverser pour notre héros est de construire un pont-levis, pièce par pièce. En construisant le pont, le chevalier doit esquiver le feu d'un dragon et un alligator avec une grande bouche nageant sous les douves pour mordre le pénis du chevalier. Pour empirer les choses, l'alligator se déplace plus vite pour chaque morceau de pont placé. Le but de ce jeu est de traverser un pont-levis terminé et monter au sommet de la tour du château pour obtenir la princesse avec la «récompense» sexuelle à la fin.
Kool-Aid Man (USA)	Kool Aid Man est un jeu d'action sorti sur Atari VCS 2600. Le héros éponyme doit, à travers différents niveaux de difficulté, éradiquer les Thristies qui menacent de boire toute l'eau de la piscine municipale.
Krull (USA)	Krull est un jeu d'action en plusieurs parties basé sur le film du même nom. Une bête et son armée ont parcouru l'espace jusqu'à finalement atterrir sur la lointaine planète de Krull et ravager la planète entière. Mais il y a une prophétie qui parle d'un roi et d'une reine qui reprendront un jour la planète. Ces futures dirigeants sont la princesse Lyssa et le prince Colwyn. Mais avant leur mariage, la princesse Lyssa est capturée par la bête ! Vous jouez le rôle du prince Colwyn dans le but de sauver Lyssa et de détruire la bête.
Kung Fu Superkicks (Europe)	Dans ce jeu d'action, vous incarnez Chuck Norris dans une quête pour atteindre un monastère où un dirigeant important est retenu en otage. Le jeu se compose de plusieurs écrans différents : au début et entre les combats, vous verrez une vue du chemin qui mène au monastère. En marchant sur le chemin, vous rencontrerez de nombreux ennemis. Lors d'un combat, la vue passe à un gros plan de votre position actuelle. En appuyant sur le bouton du joystick et en déplaçant le joystick dans l'une des quatre directions, vous pouvez effectuer différents coups de pied, coups de poing et bloquages. Les ennemis que vous rencontrez sont variés, et certains ne peuvent être vaincus que par certains coups. Le chemin que vous parcourez se divise parfois en deux choix ou plus ; lorsque cela se produit, un seul choix est correct et les autres sont des impasses. Si vous faites un mauvais choix, vous devrez revenir un peu en arrière et réessayer. Commençant comme une ceinture blanche, vous augmenterez lentement votre rang au fur et à mesure que vous gagnerez des combats. Lorsque vous arrivez au monastère, vous devez obtenir le statut de ceinture noire afin de vaincre les ninjas mortels qui s'y trouvent ! Votre quête doit être terminée dans un délai déterminé. Si vous quittez le sentier ou si vous perdez des combats, vous perdrez encore plus de temps.
Kung-Fu Master (USA)	Conversion du jeu d'arcade du même nom, qui lui-même est librement basé sur un film, Kung-Fu Master est un jeu d'action à défilement latéral pour un ou deux joueurs, qui alternent les tours. M. X a capturé la pickpocket Sylvia et c'est à Thomas, un maître de kung-fu qui possède un restaurant, de la récupérer. Elle est située au dernier étage du château de M. X et Thomas devra se battre pour atteindre le sommet. Bien sûr, ce ne sera pas facile car chaque étage a de nombreux adversaires à vaincre et un boss d'étage à la fin de chaque niveau. Thomas est capable de se déplacer à gauche et à droite, de sauter, d'esquiver, de frapper avec poings et coup de pied. Les projectiles ennemis tels que les couteaux peuvent être frappés en l'air pour les retourner contre l'ennemi. Au dernier étage se trouve M. X en personne.
Kyphus (USA) (Proto)	Kyphus est un prototype étrange et inachevé qui mélange des éléments rappelant Racquetball et Space Cavern. Le joueur y incarne un personnage maladroit évoluant dans un labyrinthe pseudo‑3D composé de 64 salles colorées, chacune offrant plusieurs sorties. L'objectif semble être d'éviter un nuage lumineux tirant des lasers et un robot multicolore, peut‑être inspiré d'un singe, mais l'absence de détection de collisions rend ces menaces inoffensives. Le jeu ne propose que peu de sons et pratiquement aucune mécanique de gameplay, si bien que la seule action possible est de passer d'une salle à l'autre. Ce prototype, avec ses graphismes minimalistes et son univers étrange, reste une curiosité qui témoigne d'une idée originale jamais pleinement développée.
Lady in Wading (USA)	Lady In Wading est une version inversée de genre de Knight On The Town dans laquelle vous êtes une femme chevalier qui tente de rejoindre votre prince. Le jeu est par ailleurs identique, y compris la «récompense» sexuelle à la fin.
Laser Blast (USA)	Dans Laser Blast sur Atari VCS 2600, vous serez aux commandes d'un vaisseau dans le but de détruire les forces terrestres avec votre laser. En revanche, il vous faudra éviter les lasers ennemis. Plus vous éliminez d'ennemis, plus vous gagnez des points.
Laser Gates (USA)	Laser Gates est un jeu de tir sorti sur Atari VCS 2600. A bord d'un vaisseau spatial, votre objectif est de détruire des vaisseaux ennemis dans un temps limité.
Lasercade (USA) (Proto)	Effacer toutes les cibles à l'arrière de la galerie dans le délai imparti. Le jeu se termine si vous ne le faites pas. Vous commencez avec 4 dans le premier tour et un nouveau, plus petit est ajouté pour chaque 2 tours que vous dégagez (jusqu'à 8).
Lilly Adventure (USA)	Lilly Adventure est un jeu de plateforme publié par Home Vision. Le but est de courir et sauter par-dessus les obstacles statiques et mobiles tout en se déplaçant à travers l'écran. Le jeu est divisé en plusieurs niveaux, le joueur allant de gauche à droite dans chaque niveau.
Lochjaw (USA)	Vous êtes un plongeur dans un labyrinthe sous-marin. Tout au long du labyrinthe se trouvent des diamants précieux et votre objectif est d'en récupérer le plus possible. Au milieu de l'écran se trouve une cage de requin où vous commencez.
Lock 'n' Chase (USA)	Lock 'n' Chase est un jeu d'arcade de type action similaire à Pac-Man. Vous jouez un voleur qui est piégé dans un labyrinthe. Pour sortir, vous devez collecter tous les points d'or situés dans le labyrinthe. Votre tâche ne sera pas facile, car il y a quatre policiers dans la chambre forte du coffre qui essaient constamment de vous attraper! Lorsque vous traversez le labyrinthe, vous avez la possibilité de fermer temporairement une porte pour tenter de bloquer la police. Vous ne pouvez fermer que deux portes à la fois, et toutes les portes fermées s'ouvrent automatiquement après un court laps de temps. Lorsque tout l'or du labyrinthe est collecté, la sortie vers le coffre sera ouverte et vous pourrez vous échapper et passer au coffre-fort suivant. De temps en temps, un élément bonus apparaîtra dans le labyrinthe comme un sac d'argent, couronne ou valise qui peut être collecté pour gagner encore plus de points.
London Blitz (USA)	Pendant la Seconde Guerre mondiale, les bombardiers allemands ont transformé le quotidien à Londres en cauchemar. La plupart des bombes ont explosé au moment de l'impact, mais certaines resteraient pendant des heures, des jours ou des semaines avant d'exploser. Il appartenait aux Royal Engineers de trouver et de désamorcer ces bombes non explosées avant leur explosion. En tant que caporal suppléant du Royal Engineers, il vous incombe de désamorcer ces bombes.
Looping (USA) (Proto)	Looping est un prototype inédit pour l'Atari 2600 basé sur le jeu d'arcade 1981 Venture Line du même nom. On ne sait pas pourquoi ce jeu n'a jamais été sorti, car il semble être complet et aurait été l'un des meilleurs titres publiés par Coleco sur la 2600. Il est assez proche de la version ColecoVision du jeu en termes de gameplay, mais c'est un jeu difficile, dont l'un ou l'autre pourrait être une raison pour laquelle il n'a pas été publié.
Lost Luggage (USA)	Vous êtes à l'aéroport afin de récupérer vos bagages du carrousel. Cependant, le carrousel est hors de contrôle et jette des bagages partout! Vous devez attraper tous les bagages qui sont jetés ou tous vos vêtements seront dispersés autour de l'aéroport. Comme les niveaux progressent, de plus en plus de bagages devront être pris, et la vitesse des jeux augmente. Il y a deux niveaux de difficulté disponibles; le mode plus facile vous donne deux hommes pour attraper les bagages avec, et le mode plus difficile vous donne un seul homme. Plusieurs autres variantes de jeu sont également disponibles : si l'option valise terroriste est activée, des valises explosives apparaîtront occasionnellement. Si vous ne les attrapez pas, le jeu se termine immédiatement indépendamment du nombre de vies qu'il vous reste. Si l'option de contrôle de la valise est activée pendant une partie à deux joueurs, vous êtes en mesure de contrôler la direction de vos valises adversaires voyage.
M.A.D. (USA)	M.A.D. (qui signifie Missile Attack et Defense) est un jeu d'arcade assez similaire à Missile Command. Vous contrôlez un canon à photons au bas de l'écran, et votre objectif est de protéger six stations d'énergie à gauche et à droite. Des vagues de roquettes et d'autres vaisseaux passeront par l'écran et parfois un tombera dans la tentative de détruire une des stations (comme un avertissement sur la plupart des niveaux, l'ennemi sera blanc avant de tomber). Vous devez être sûr de tirer avant votre station d'énergie ne soit détruite! Lorsque les six stations d'énergie ont été détruites par l'ennemi, le jeu est terminé. Une variation pour deux joueurs est également incluse; un joueur contrôlera le canon photon et le deuxième joueur contrôle un curseur et peut sélectionner quand et où un ennemi tombera. Les joueurs alternent entre attaque et défense dans cette version.
M.A.S.H (USA)	M*A*S*H a été l'une des nombreuses tentatives de diverses sociétés de logiciels pour transformer un film ou une émission de télévision réussie en un jeu jouable. Dans ce jeu, vous jouez le rôle de &quot;Hawkeye Pierce&quot;, un chirurgien en poste à l'hôpital chirurgical de l'armée mobile #4077 pendant la guerre de Corée (1950-1953). Il y a deux étapes principales dans le jeu, chacune d'entre elles que vous devez passer pour passer au tour suivant. La première mission consiste à sauver les soldats blessés du champ de bataille avec votre hélicoptère et de les ramener à la base sans être abattus par les chars ennemis. La deuxième mission se déroule dans la salle d'opération alors que vous devez retirer soigneusement les balles et les éclats d'obus des soldats blessés... c'est très similaire au jeu classique de pinces &quot;OPERATION&quot; de Milton Bradley. Chaque série de missions est répétée quatre fois. Le premier joueur à atteindre 999 points gagne la partie. Il y a quatre variantes différentes de jeux, chaque sélectionnable comme un joueur (contre l'ordinateur) ou en mode deux joueurs.
MagiCard (USA)	MagiCard est un objet singulier dans l'histoire de l'Atari 2600. Conçu par CommaVid au début des années 1980, il ne s'agissait pas d'un jeu mais d'un véritable outil pédagogique destiné à initier les passionnés au langage assembleur 6502. Le coffret incluait un manuel de cent pages détaillant la programmation sur la console, et permettait d'écrire puis d'exécuter de petits programmes directement via les manettes à clavier. Les utilisateurs pouvaient même bricoler une interface cassette pour sauvegarder et recharger leur code. Produits à seulement 50 à 100 exemplaires, ces cartouches sont aujourd'hui extrêmement rares et recherchées. Plus qu'un divertissement, MagiCard incarne une tentative pionnière de transformer la console en plateforme d'expérimentation et d'apprentissage, ce qui lui confère une valeur historique et éducative unique auprès des collectionneurs et des passionnés de rétro‑informatique.
Malagai (USA)	Vous êtes le commandant Harrington &quot;Harry&quot; Crag du vaisseau &quot;Recherche sans fin&quot;. Vous êtes mis dans une base Malagai pour les réparations, mais maintenant les Malagai vous tiennent rançon. Ils veulent votre technologie de pointe. Il y a trois portes de sas par base stellaire. Vous devez obtenir la bonne clé pour chaque porte. Chacune est tenue par l'un des trois Malagai. L'ordre dans lequel Malagai tient la clé est indiqué par les images au-dessus de la base stellaire.
Mangia' (USA)	Mama Mia ! C'est beaucoup de pâtes ! Mama apporte des pâtes à la table. Tu dois soit manger les pâtes, soit les lancer à Frankie le chat quand il est à la fenêtre, soit les lancer à Sergio le chien quand il est sous la table. Vous avez quatre vies. Si vous mangez plus de 20 assiettes de pâtes, vous allez éclater (littéralement) et perdre 1 vie. Si vous posez plus de 9 assiettes de pâtes sur la table, celle-ci s'effondrera et vous perdrez une vie.
Marauder (USA)	Vous avez atterri sur une étrange planète et pénétré la base ennemie défendue par des robots d'attaque armés. Votre mission est de trouver le chemin du coeur de la base et de détruire le centre de puissance du système d'armement de l'ennemi. Vous commencez sur le côté droit d'une pièce, choisi au hasard. Vous devez traverser plusieurs salles, tuer ou éviter les quatre robots sur le chemin. Vous devez trouver le centre d'énergie et tirer dessus pour passer ce niveau. Vous devez le faire avant que le chronomètre en bas s'épuise. Après avoir tiré sur le centre d'énergie, vous recevrez le temps restant en bonus. On vous envoie dans une nouvelle pièce pour recommencer mais il y a maintenant cinq robots par pièce. Prenez le centre de puissance et il y en aura six par pièce. Prenez le centre de puissance à nouveau et vous retournerez à quatre robots par pièce mais plus rapide. Dans certaines pièces, vous trouverez au hasard une armure magique qui vous rendra invulnérable pendant une courte période de temps.
Marine Wars (USA)	Marine Wars est un jeu sorti sur Atari VCS 2600. Le joueur incarne un bateau et doit détruire tous les bateaux et les avions qui s'approchent de lui.
Marineflieger (Europe)	Vous commandez l'avion de chasse Sea Hawk dans cette bataille militaire ! Votre mission est de détruire les hélicoptères et les navires ennemis qui traversent la zone de combat. Mais attention ! Les navires ennemis attaqueront votre Sea Hawk avec des missiles mer-air qui peuvent vous prendre par surprise. Et les hélicoptères ennemis vous enverront un flot constant de tirs de mitrailleuses. Gagner dépend de votre main ferme et de votre rapidité d'esprit. Si votre Sea Hawk est touché, votre pilote sera parachuté. Mais c'est à vous de le sauver en le guidant vers l'un de vos vaisseaux. S'il atterrit dans l'océan ou sur un navire ennemi, il meurt.
Mario Bros. (USA)	Mario le menuisier et son frère Luigi remettent ça!! Cette fois, ils luttent contre une multitude de parasites rampants - des créatures bizarres nommées Shellcreeper, Fighterfly ou encore Sidestepper. Testez vos compétences en débarrassant le sol en brique de ces insectes et en les précipitant dans l'eau. MARIO BROS. possède toutes les fonctionnalités du hit arcade, y compris l'option à deux joueurs qui vous permet de faire équipe avec un ami ou de vous mesurer à lui. SUPERBES GRAPHISMES! DU PLAISIR POUR TOUTE LA FAMILLE! DÉFIEZ UN AMI!
Master Builder (USA)	Master Builder est un jeu de construction paru sur Atari VCS 2600. Le joueur doit y construire les buildings de plus en plus hauts pour passer au niveau supérieur.
Masters of the Universe - The Power of He-Man (USA)	Dans les Maîtres de l'univers, vous contrôlez Musclor alors qu'il combat Skeletor dans deux types de scènes d'arcade. Dans la première partie du jeu, vous contrôlez le Wind Raider volant vers le château des ombres. Vous avez une quantité limitée de carburant pour atteindre votre destination, plus de nombreuses boules de feu voleront autour de l'écran en essayant de vous arrêter et Skeletor sera en cours d'exécution le long du sol. Le Wind Raider est équipé de bombes et de fusils qui peuvent être utilisés pour vous défendre des boules de feu, et peut également gagner des points bonus si vous pouvez frapper Skeletor. La deuxième partie du jeu se déroule à pied. Lorsque vous avez atterri près du château des ombres, Musclor doit poursuivre Skeletor. Skeletor va tirer de nombreux éclairs qui peuvent être bloqués avec un bouclier. Il y a une limite de temps ici, et vous devez passer tous les écrans et attraper Skeletor avant le temps s'épuise. Si vous réussissez, le jeu se répétera à un niveau de compétence plus difficile.
Math Gran Prix (USA)	Préparez-vous pour une course de maths. Votre carburant, répondez correctement aux questions mathématiques. Votre voiture, une voiture de course soigneusement réglée, peut se déplacer de 2 à 3 espaces en fonction de la difficulté du problème mathématique. La piste contient de nombreux déclencheurs qui peuvent donner des espaces supplémentaires, des virages supplémentaires et même garder votre voiture sur la piste.
Maze Craze - A Game of Cops 'n Robbers ~ Maze Mania - A Game of Cops 'n Robbers (USA)	Maze Craze pour Atari VCS 2600 est un jeu d'action développé par Atari. Jouable seul ou à 2, Maze Craze vous met dans la peau d'un policier coincé dans un labyrinthe, le but du jeu est d'en sortir avant votre adversaire. Le joueur peut déterminer si le labyrinthe est visible ou invisible, la vitesse de déplacement, etc. Des voleurs peuvent également venir gêner votre progression.
McDonald's - Golden Arches Adventure (USA) (Proto)	Dans ce jeu insolite, vous incarnez Ronald McDonald aux commandes d'un vaisseau spatial. Des extraterrestres affamés descendent vers les célèbres Golden Arches pour les dévorer. Votre mission est de plonger vers le sol, récupérer des aliments McDonald's – hamburgers, frites ou milkshakes – puis de remonter pour nourrir les aliens. Attention : chaque alien a ses préférences et n'acceptera qu'un type précis de nourriture. Si vous tardez, ils s'attaquent aux Golden Arches, mais vous pouvez redescendre pour collecter des morceaux et les reconstruire. Ce mélange d'action et de gestion crée un gameplay original où rapidité, précision et stratégie sont essentielles pour protéger l'emblème et satisfaire les envahisseurs.
Mega Force (USA)	Vous êtes membre de MegaForce et avez été envoyé dans la ville de Sardoun. Sardoun est attaqué et vous devez la défendre. Vous êtes armé du Moto-Fighter, une sorte de moto armée capable de voler.
MegaBoy (USA)	MegaBoy est un jeu éducadif qui permettra à votre enfant d'apprendre à compter. Addition, soustraction, multiplication et division, vous serez incollable dans les cours de mathématiques.
MegaMania - A Space Nightmare (USA)	Dans Megamania, le gameplay ressemble à celui de Space Invaders. Plutôt que d'être des extraterrestres ou des vaisseaux spatiaux, dans ce jeu les ennemis sont divers objets tels que des hamburgers, des noeuds papillon ou des fers à vapeur. Le but est de les abattre avant que la barre d'énergie au bas de l'écran ne soit épuisée.
Meltdown (USA) (Proto)	Le jeu se déroule sur une grille de 4x4 atomes où un quark rebelle circule, retirant des électrons et fragilisant les atomes. Si tous deviennent instables, le réacteur explose. Le joueur, dernier scientifique, doit utiliser un stabilisateur atomique et des tiges de cadmium pour aligner les axes et neutraliser le quark. Chaque élimination fait apparaître un nouvel ennemi, rendant la vigilance constante. La température du cœur est représentée par une barre : plus elle s'allonge, plus le réacteur se stabilise. À chaque réussite, la difficulté augmente avec davantage de quarks, plus rapides et destructeurs. Simple dans son concept mais addictif, Meltdown se distingue par son style graphique original et sa montée progressive en intensité.
Meteor Defense (Europe)	Publié par Dimax and Sinmax dans sa version PAL. Le but du jeu est de tirer sur autant d'étoiles filantes, de vaisseaux spatiaux inconnus, de bombes et de monstres de l'espace que possible sans se faire toucher, le jeu s'accélère au fil de la partie, pour rendre difficile son évolution à mesure que le score augmente.
Midnight Magic (USA)	Midnight Magic propose des simulations réelles d'un pinball avec flippers, bumpers, et spinners, ainsi qu'une simulation améliorée de la physique réelle de la balle. Midnight Magic a également été la première simulation de flipper de jeux vidéo à domicile comportant quatre palmes au lieu de deux
Millipede (USA)	Votre jardin a été envahi par de petits insectes rampants et vous devez vous en débarrasser! Mais faites attention! Le MILLIPEDE, cousin du fameux CENTIPEDE, est l'insecte le plus répugnant! Servez vous de votre commande TRACK-BALL pour agir avec rapidité et efficacité.
Mind Maze (USA)	Mind Maze est joué un peu comme ces expériences de lecture de vieux esprit où un scientifique tiendrait une carte et demander à une personne de lui dire ce qu'il y avait de l'autre côté. Selon le jeu sélectionné, deux à quatre cartes apparaissent à l'écran à chaque tour. Le joueur doit alors essayer de deviner la carte &quot;correcte&quot; en la mettant en surbrillance (à l'aide de la manette) et en appuyant sur le bouton de tir.
Miner 2049er - Starring Bounty Bob (USA)	&quot;Bounty Bob&quot; exploite une mine radioactive en 2049. Aidez-le à &quot;revendiquer&quot; toutes les différentes stations (écrans multiples). Évitez tout contact avec les organismes mutants mortels en vous enfuyant ou en sautant dessus. Collectez divers articles laissés par les mineurs précédents pour des points bonus.
Miner 2049er Volume II (USA)	Miner 2049er Volume II est un jeu d'arcade paru sur Atari VCS 2600. Le joueur doit traverser une mine nucléaire en éliminant ou en évitant les ennemis.
Mines of Minos (USA)	Vous êtes le dernier robot minier de la mine Minos. Les monstres ont détruit tous vos camarades. En tant que dernier robot, vous devez parcourir les différents niveaux de la mine, rassemblant des pièces de rechange pour fabriquer plus de robots (vies supplémentaires). Vous devez soit éviter les monstres, soit les faire exploser avec une bombe. Après quelques secondes, si le monstre n'a pas touché la bombe, il explosera sans danger. Vous ne pouvez larguer qu'une seule bombe à la fois. Si un monstre est tué, il se régénérera quelque part dans le labyrinthe. Pour déposer vos pièces de rechange, vous devez vous rendre au centre en haut ou en bas de n'importe quel niveau. Pour passer à un autre niveau, maintenez le bouton du joystick enfoncé tout en vous déplaçant dans les tunnels de chaque côté. Vous pouvez également utiliser ces tunnels, sans maintenir le bouton enfoncé, pour vous rendre rapidement du côté gauche ou droit du labyrinthe pour éviter les monstres.
Miniature Golf ~ Arcade Golf (USA)	Pouvez-vous faire un par au golf? Neuf trous différents et uniques, chacun avec un obstacle mobile pour rendre la vie difficile, mais intéressante. Très amusant pour un ou deux joueurs.
Miss Piggy's Wedding (USA) (Proto)	Le jeu se joue à deux : l'un incarne Kermit, qui doit traverser l'église et rejoindre un taxi, tandis que l'autre contrôle Miss Piggy, déterminée à l'empêcher de fuir pour l'épouser. Des invités de mariage, représentés par des blocs, ralentissent la progression de Kermit. Une clé est nécessaire pour ouvrir les portes ; si Miss Piggy la touche, elles se referment.
Missile Command (USA)	Des mystérieux envahisseurs attaquent vos villes ! En tant que commandant d'une base de missiles, il est de votre responsabilité de les défendre. Les ennemis arriveront du ciel pour essayer de détruire les villes en bas de l'écran. Vous devez tirer des missiles éviter les bombardements. Vous disposez d'une quantité limitée de munitions, alors assurez-vous de la précision de vos tirs.
Missile Control (Europe)	Missile Control est un jeu de type Missile Command. Le joueur doit défendre ses villes contre les bombardements entrants par des vaisseaux extraterrestres. Le joueur contrôle un curseur sur l'écran qui indique la direction du tir pour les missiles de défense. Une fois lancés, ils se déplacent en ligne droite à partir du lanceur à travers le point spécifié par le joueur jusqu'à ce qu'ils frappent un objet. Chaque niveau est gagné en détruisant tous les vaisseaux extraterrestres. Le joueur perd une fois que toutes ses villes sont détruites. Les villes bonus peuvent être obtenues en détruisant un nombre suffisant de vaisseaux extraterrestres. Le jeu devient de plus en plus difficile, par exemple, les bombes tomberont plus vite et les barrières d'énergie peuvent protéger les étrangers contre les attaques du joueur. Pour contourner les barrières, les joueurs peuvent détourner leurs tirs des gros missiles de défense lancés sur les côtés de l'écran.
Mission 3,000 A.D. (USA)	Mission 3000 est un jeu d'arcade de type action où vous prenez le contrôle du vaisseau Thunderhawk dans une mission pour détruire les bases stellaires ennemies. Il y a six bases stellaires bien gardées à chaque niveau que vous devez localiser et détruire. Pour aider, en bas de l'écran, il y a un scanner qui montre l'emplacement du vaisseau Thunderhawk ainsi que les bases stellaires. Dans la vue principale, le Thunderhawk est visible au centre de l'écran. Pour détruire les bases stellaires et les chasseurs ennemis, la Thunderhawk est équipée de lasers qui peuvent être tirés dans huit directions différentes. Lorsque les six bases stellaires ont été détruites, vous avez droit à une vie supplémentaire avant de passer au niveau suivant, plus difficile. Le jeu se termine quand toutes vos vies sont perdues.
Mission Survive (Europe)	Vous êtes en charge du dernier Battle Speedster entièrement terrestre. L'ennemi est tout autour de vous, lançant des bombes intelligentes, faisant exploser votre route et dressant des obstacles pour défier vos compétences et tester votre volonté de survivre. Vous êtes équipé d'un ensemble unique de commandes de direction qui vous permettent de former et de tirer instantanément votre pistolet laser et de manœuvrer votre speedster comme jamais auparavant. L'action devient de plus en plus rapide. Vous testez toutes les compétences vidéo que vous connaissez, en plus d'en inventer de nouvelles, mais survivez...
Mogul Maniac (USA)	Mogul Maniac est une perspective à la 1re personne (bien que vous puissiez voir votre ski), jeu de ski où l'objectif est de franchir les portes ouvertes et fermées le plus rapidement possible.
Monster Cise (USA) (Proto)	Utilisant le Kid's Controller, il montre des monstres faisant des Jumping Jacks, tandis que Cookie Monster déplace un projecteur pour les mettre en lumière. Une fois ciblé, chaque monstre peut bouger tête, bras ou jambes selon les touches pressées, donnant l'impression d'une étrange vidéo d'exercices. Le jeu, très incomplet, offre peu de gameplay et ressemble à Grover's Music Maker, lui aussi annulé. Dans un marché en crise et sans réel public pour les jeux destinés aux enfants, Monstercise fut abandonné et n'évolua jamais au‑delà du stade de démonstration.
Montezuma's Revenge - Featuring Panama Joe (USA)	Vous incarnez un chasseur de trésor nommé Panama Joe, dont le but est de trouver un ancien trésor caché par un guerrier aztèque au plus profond des catacombes. Mais attention, les catacombes sont un grand labyrinthe peuplé de monstres. Des crânes qui rebondissent et roulent, des araignées qui dansent, des chaînes qui disparaissent et réapparaissent et des tonnes de feu vous attendent. Vous devrez trouver de nombreuses clés et déverrouiller des portes pour atteindre votre but. Panama Joe peut sauter et grimper aux échelles, mais n'a pas grand-chose à offrir en termes de combat. C'est pourquoi les monstres du jeu sont à éviter : une collision avec un ennemi entraîne une mort prématurée. Il trouvera également des amulettes qui le rendront invulnérable pendant une courte période.
Moon Patrol (USA)	Le joueur contrôle un véhicule terrestre dans des environnements lunaires visualisés de profil. Le véhicule se déplace vers la droite de l'écran et le but est d'éliminer les soucoupes volantes et les tanks ennemis qui se présentent. La borne d'arcade présente un joystick à deux directions (pour modifier la vitesse du véhicule) et deux boutons : l'un pour tirer (le véhicule possède un canon dirigé vers l'avant et un autre dirigé vers le dessus), l'autre pour faire sauter le véhicule (afin de contourner les cratères, mines et autres blocs de roches présents sur le parcours).
Moonsweeper (USA)	Dans Moonsweeper, votre objectif est de sauver les mineurs des lunes du quadrant stellaire Jupiter. Vous commencez votre mission dans l'espace où vous devez éviter les aurores mortelles, les torches à photons et les balles spatiales provenant du soleil de ce quadrant. De temps en temps, vous verrez une lune passer, et en volant près d'elle, vous pourrez descendre à sa surface. En balayant la surface, vous verrez des mineurs bloqués qu'il faudra secourir en les survolant. Sur la surface de la lune se trouvent également divers obstacles qu'il faut éviter ou détruire, tels que des tours et des satellites lunaires, ainsi que des destructeurs de surface extraterrestres. Si vous survivez et sauvez six mineurs, vous pouvez décoller de la surface en utilisant les anneaux d'accélération.
Morse Code Tutor (USA)	Un programme affichant une horloge colorée associée avec des personnages mobiles et multicolores.
Motocross (Europe) (Quelle)	Motocross est un jeu de course de moto vu d'une perspective de haut en bas. Le joueur roule en moto contre un nombre infini d'adversaires sur une route droite, en essayant d'éviter de les heurter. En outre, le joueur doit surveiller la quantité d'essence restante dans le réservoir. La jauge de carburant peut être restaurée en conduisant sur les bidons de carburant. Le but du jeu est de dépasser une certaine quantité de motos. Ce faisant, une nouvelle &quot;scène&quot; commence et la difficulté augmente.
Motocross Racer (USA)	Motocross Racer est un jeu de course sorti sur Atari VCS 2600. Gagnez une course avec votre motocross en un minimum de temps. Des obstacles tenteront de vous ralentir.
MotoRodeo (USA)	MotoRodeo est un jeu sur Atari VCS 2600 de Monster Truck en écran splitté. Le but est de finir la course premier et avec le plus de points. Pour en gagner, il faudra faire des figures.
Mountain King (USA)	Au plus profond d'une mine de diamants multi-plateformes se trouve une couronne précieuse. Votre objectif est de localiser et de récupérer la couronne, puis d'atteindre le sommet de la mine en vie ! Plusieurs étapes doivent être franchies avant de pouvoir récupérer la couronne. Vous devez d'abord collecter suffisamment de diamants pour gagner 1 000 points. Une fois que vous avez suffisamment de points, vous devez localiser l'esprit de la flamme qui est caché quelque part dans la mine. Comme la mine est plutôt sombre, vous emportez avec vous une lampe de poche qui peut être utilisée pour localiser des objets (comme des coffres au trésor remplis de diamants et l'esprit de la flamme). Une fois que vous avez l'esprit de la flamme, vous devez trouver l'entrée du temple. la couronne est dedans. Offrez l'esprit de la flamme à l'esprit du crâne gardant l'entrée, et vous pourrez entrer et prendre la couronne. Une fois que vous avez la couronne, vous devez vous rendre au sommet de la mine avant la fin du temps imparti. Pour rendre cette tâche plus difficile, de nombreuses chauves-souris des cavernes volent et peuvent voler la couronne. Si cela se produit, vous devez recommencer ! Tout au fond de la mine se trouve une araignée mortelle ; si vous ne faites pas attention en explorant cette région de la mine, vous pourriez être pris dans sa toile et être mangé. Chaque niveau a une limite de temps, et plus vous terminez de niveaux, plus la limite de temps devient courte !
Mountain Man (Europe)	Skiez. Tirez. Recommencez.
Mouse Trap (USA)	Mouse Trap est un jeu d'action sur Atari 2600 où le joueur contrôle une souris dans un labyrinthe. Le but est de manger tous les fromages pour passer au niveau suivant en évitant les chats qui cherchent à vous attraper. Pour vous aider, vous aurez la possibilité de vous transformer en chien.
Mr. Do! (USA)	Vous contrôlez M. Do a-t-il essayé de récolter toutes les cerises sur l'écran. Cependant, il y a de nombreux méchants pour le faire! M. Do peut se défendre contre les méchants de deux manières: d'abord, il peut pousser les pommes situées sur le terrain de jeu au-dessus des ennemis et les écraser. Deuxièmement, M. Do est armé d'une boule de puissance. Cela peut être lancé pour détruire un ennemi. Cependant, M. Do n'a qu'une seule boule de puissance, il devra donc attendre qu'elle lui revienne avant de pouvoir la réutiliser. De temps en temps, un monstre alpha apparaît sur l'écran portant l'une des lettres EXTRA. Si vous utilisez la boule de puissance pour détruire un monstre alpha, vous gagnez cette lettre; lorsque vous avez gagné le mot complet EXTRA, vous recevez une vie supplémentaire. Lorsque vous avez réussi à collecter toutes les cerises, vous passez au niveau suivant, plus difficile.
Mr. Do!'s Castle (USA)	Mr. Do!'s Castle est un jeu de plates-formes paru sur Atari VCS 2600. Le clown Mr. Do! doit parcourir un château en évitant les licornes et les blocs de pierre.
Mr. Postman (USA)	Dans Mr. Postman, vous jouez le rôle d'un postier qui est chargé d'acheminer un colis très important dans une maison de la ville de Silent City. La première étape consiste à apprivoiser l'aigle qui mènera Mr. Postman à sa destination. Cela se fait en grimpant à l'arbre à l'extrêmité droite de l'écran, en sautant sur une vigne oscillante et en tombant finalement sur le dos de l'aigle, tout en évitant les «excréments» de l'oiseau.
Mr. T + moderne Ritter, Der (Europe) (En,De)	Vous devrez sauter par-dessus les &quot;espadrilles&quot; ennemies, grimper aux échelles et sauter pour gagner votre cœur. Le contrôle est très précis et le jeu se déroule sans heurts. Vous constaterez que Fast Eddie est rapide et qu'il peut franchir 99 mètres.
Ms. Pac-Man (USA)	Faites donc la connaissance de MS. PAC-MAN, la reine des jeux-vidéo! Elle est parée de tous ses atours - et plus gourmande que jamais. Augmentez votre score au fur et à mesure que Ms. PAC-MAN engloutit des points, des énergisants, des fruits, des bretzels et, bien entendu, ces affreux fantômes grincheux! Pour un joueur.
My Golf (Germany) (En,De)	Ce jeu de golf est un petit jeu assez décent avec de jolis graphismes du golfeur et même deux points de vue différents sur les greens. Vous avez la possibilité de changer de club et vous avez la barre de commande pour évaluer votre frappe.
Mysterious Thief, A (USA) (Proto)	Dans ce jeu, le joueur joue le rôle d'un voleur qui doit récupérer les huit objets de valeur du &quot;Mograth Stadtmuseum&quot; dans un certain délai. Une fois que le joueur atteint le dernier étage et a tout ramassé, il s'échappe avec un hélicoptère et le niveau suivant commence. En se faufilant dans le musée, les joueurs doivent éviter les chiens et les gardes. Les gardes apparaissent de temps en temps dans les fenêtres et peuvent être évités en se tenant entre deux fenêtres. Un nouvel étage peut être atteint en courant jusqu'à la fin de l'étage actuel et en sautant par dessus le trou. Une fois le niveau terminé, le score est calculé en ajoutant votre temps restant et un nouveau tour plus difficile commence.
Name This Game (USA)	Vous venez de découvrir un trésor enfoui au fond de la mer et maintenant vous devez le protéger ! Vous contrôlez un plongeur au fond de l'écran et il y a une pieuvre géante et un requin tueur que vous devez gérer. Chaque fois qu'un tentacule de la pieuvre touche le fond de l'écran ou le requin vous attrape, une partie de votre trésor sera perdue. Pour s'occuper de ces créatures, votre plongeur a un harpon. Vous devez vous assurer que vous tirez sur le requin avant qu'il ne puisse faire son chemin vers le bas de l'écran et vous attraper (le requin apparaîtra à nouveau en haut de l'écran chaque fois qu'il est tiré.) Les tentacules de la pieuvre sera vers le bas; chaque fois qu'un tentacule est tiré, il se repliera vers le haut de sorte que vous devez continuer à tirer sur les tentacules avant d'atteindre le fond. Bien sûr, votre plongeur a une réserve d'air limitée. Votre compagnon est dans un bateau à la surface et de temps en temps, il lâchera une ligne d'air vers le bas. Vous devez l'attraper pour reconstituer votre air avant qu'il ne s'épuise (si vous manquez d'air, une partie de votre trésor sera perdu). Le jeu se termine quand vous avez perdu tout votre trésor.
Night Driver (USA)	Night Driver pour Atari VCS 2600 est un jeu de course développé par Atari. Le joueur incarne un conducteur roulant de nuit. Le but du jeu est de récolter le plus de points possible en passant les checkpoints répartis sur la piste. Le joueur doit également éviter les obstacles et les autres véhicules présents sur sa route. 4 pistes sont disponibles (facile, moyenne, difficile et aléatoire).
Nightmare (Europe)	As-tu déjà rêvé que des monstres te poursuivaient ? As-tu déjà couru aussi vite que tu pouvais, mais tu ne pouvais pas t'échapper ? As-tu déjà rêvé que tu tombais, mais que tu n'avais jamais touché le fond ? C'est un cauchemar. Ici les monstres, la course, la chute sont bien réels. Allez, joue ton pire fantasme. Viens, essaye de battre les probabilités. Venez, mais priez pour que vous vous réveilliez avant qu'il ne soit trop tard !
No Escape! (USA)	Jason a pris la Toison d'Or aux dieux ! Ils sont naturellement bouleversés et ont emprisonné Jason dans le Temple d'Aphrodite avec des Furies mortelles courant au-dessus. Vous contrôlez Jason et votre but est d'éliminer toutes les Furies pour passer au niveau suivant. Les Furies peuvent être détruites si elles sont frappées avec une brique magique du toit du temple. Vous êtes armé d'un approvisionnement illimité de pierres, jeter une pierre sur le toit fera tomber une brique (attention, vous perdrez une vie si vous vous frappez avec une brique tombante au lieu des Furies). Quand une Furie est frappée par une brique, elle est détruite, mais si vous frappez accidentellement une Furie avec une pierre alors elle se multipliera ! Les Furies tireront aussi sur vous, et si vous perdrez une vie si frappé. Le jeu se termine quand vous n'avez plus de vies en réserve. Plusieurs niveaux de difficulté sont disponibles.
Nuts (USA)	Vous êtes un écureuil travailleur. Toute l'année, vous avez stocké de la nourriture dans votre maison à la cime des arbres. Soudain, quand vous êtes dehors, Wily Weasel vole tout. Ne le laissez pas s'en tirer ! Jetez des noix dedans ! Jetez-le de la branche !
Obelix (USA)	Obélix est un jeu sorti sur Atari VCS 2600. Vous incarnez simultanément Astérix et Obélix contre des vagues de Romains : Astérix étourdit les Romains tandis qu'Obélix leur lance ses fameux menhirs.
Off the Wall (USA)	Off The Wall est un jeu d'action arcade avec un gameplay de style Breakout. Vous contrôlez Kung Fu Lu, dont la mission est de détruire un mur mystérieux et maléfique en renvoyant une balle rebondissante dans les briques qui composent le mur. Lorsque les briques sont touchées par la balle, elles sont détruites. En haut de l'écran se trouve un dragon mystique qui garde le mur. Chaque niveau peut être terminé soit en détruisant toutes les briques du mur, soit en frappant le dragon six fois avec la balle. Une fois le premier niveau terminé, un merle apparaîtra également à l'écran juste en dessous du mur. Le merle fera dévier la balle et essaiera de se mettre en travers de votre chemin pour rendre votre mission plus difficile. De temps en temps, un jeton magique tombera vers le bas, ce qui vous donnera des pouvoirs spéciaux s'il est attrapé. Ceux-ci peuvent rendre la balle magnétique et suivre votre joueur, vous donner une plus grande raquette ou rendre la balle explosive et éliminer de plus gros morceaux de briques. Vous commencez le jeu avec un niveau de compétence Paysan et progressez en rang chaque fois que quatre vagues de briques sont éliminées. Vous perdez une vie à chaque fois que la balle tombe du bas de l'écran, et le jeu se termine lorsque vous perdez vos cinq vies.
Off Your Rocker (USA) (Proto)	Off Your Rocker est un jeu de type Simon Says... pour un à quatre joueurs, en alternance. Le personnage à l'écran se penche vers une forme colorée pendant qu'un son retentit. Vous devez vous pencher dans la même direction sur votre joyboard. Au fur et à mesure que le jeu avance, les séquences deviennent plus longues et plus complexes. Dans les parties à deux joueurs ou plus, chaque joueur alterne pour voir qui peut faire le plus de séquences.
Official Frogger, The (USA)	Version Starpath - Le but du jeu est de diriger des grenouilles jusqu'à leurs maisons. Pour cela, le joueur doit d'abord traverser une route en évitant des voitures qui roulent à différentes vitesses puis une rivière aux courants changeants en passant d'objets en objets. La grenouille meurt si elle touche une voiture ou si elle tombe dans la rivière.
Oink! (USA)	Oink! est basé sur le conte de fée des trois petits cochons. Le grand méchant loup tente de détruire chacune des porcheries. Vous contrôlez chaque cochon (un à la fois). Le loup est au bas de l'écran et va faire un trou dans la maison une section à la fois. Chaque fois qu'un trou est formé, le cochon doit le réparer rapidement afin que le loup ne puisse pas entrer. Les nouveaux matériaux se trouvent en haut de l'écran et vous devez les saisir et les placer dans les trous au fur et à mesure de leur formation.
Omega Race (USA)	Bally Midway Manufacturing Co. Inc. est un jeu d'arcade paru sur Atari VCS 2600. On y incarne un petit vaisseau spatial qui doit détruire les ennemis qui arrivent face à lui.
Open Sesame (Europe) (Goliath)	Open, Sesame ! est un jeu d`action-plateforme. Vous contrôlez Ali Baba, et votre but est d'atteindre la grotte des trésors. L'entrée de la trésorerie se trouve en haut de l'écran, et vous commencez chaque niveau en bas et vous devez grimper vers le haut. Pour ce faire, vous devrez trouver un bon endroit où vous pourrez lancer une corde jusqu'à la prochaine plate-forme et grimper (il y aura un point sur la plate-forme où vous pourrez lancer une corde en toute sécurité, deux sur chaque étage). Avant de pouvoir accéder à la trésorerie, vous devez attacher des cordes à chacun des emplacements possibles. Pour vous empêcher de progresser, des gardes errent à chaque étage. Si vous vous faites prendre, vous perdrez une vie ! Pour vous aider, une boule magique apparaîtra à l'écran de temps en temps ; si elle est attrapée, elle peut être utilisée pour geler temporairement un gardien. Lorsque vous entrez avec succès dans la trésorerie, vous passez au niveau suivant.
Oscar's Trash Race (USA)	C'est le pique-nique du Grouch Day et trois petites grouches (Herman, Grungetta et Sloppy) veulent gagner la course aux ordures.
Othello (USA)	Othello pour Atari VCS 2600 est un jeu de réflexion développé par Atari. Le jeu reprend les règles du jeu de plateau du même nom. Le but est de placer le plus de pions de sa couleur sur le plateau en changeant la couleur de ceux de son adversaire. Le jeu se termine quand le plateau est rempli ou quand le chrono arrive à sa fin. Le joueur qui a placé le plus de pions l'emporte.
Out of Control (USA)	C'est une course à obstacles dans un vaisseau spatial. Le navire se contrôle plutôt comme un astéroïde, en ce sens que vous poussez à gauche ou à droite pour pivoter et que vous appuyez sur le feu pour le pousser. Une fois que vous arrêtez de pousser, le navire ne s'arrête pas immédiatement, bien qu'il ralentisse tout seul. Pour vous arrêter plus tôt, vous devez faire face à la direction dans laquelle vous vous dirigez.
Outlaw ~ Gunslinger (USA)	Dans ce jeu basé sur les westerns, le joueur doit tirer le plus de fois possible sur une cible mouvante dans le temps imparti. Le mode 2 joueurs est un duel de cowboys. Le vainqueur est celui qui touche 10 fois son adversaire.
Pac-Kong (Germany)	Pac-Kong est similaire à Donkey Kong. Le joueur contrôle un &quot;aventurier&quot; (appelé Kong dans certaines versions du jeu) et doit atteindre les trésors cachés par la pieuvre maléfique.
Pac-Man (USA)	Votre travail consiste à garder PAC-MAN aussi heureux que possible. Vous devez, pour cela, le guider dans le labyrinthe afin qu'il puisse avaler des pastilles vidéo et des pilules électriques. Protégez-le des fantômes à moins qu'il n'ait acquis la super force en absorbant une pilule de puissance. Si c'est le cas, aidez-le à chasser les fantômes et à les engloutir, avant qu'eux-même ne l'avalent.
Panda Chase (Europe)	Panda Chase est un jeu étrange où, en contrôlant un panda, vous devez parcourir les différents niveaux du jeu à la recherche de bambous pour récupérer leur énergie, qui est perdue à chaque seconde. Quand le jeu commence, le panda se retrouve dans une zone ouverte, avec plusieurs endroits à explorer.
Parachute (Europe)	Avant de commencer le jeu, le joueur doit choisir s'il veut parcourir 15 000, 10 000 ou 5 000 kilomètres par niveau (plus de kilomètres allongent chaque niveau). Après cela, l'action commence: le joueur doit guider un parachutiste vers le continent en évitant les hélicoptères, les oiseaux et les montgolfières qui parcourent le ciel. Chaque niveau se termine en touchant le sol en évitant le soldat qui est en patrouille dans la zone. Si le parachutiste atterrit au milieu de l'écran, il recevra 1000 points pour l'exploit et une vie supplémentaire. Atterrir loin du centre signifiera moins de gain de points, mais vous recevrez toujours une vie de cadeau.
Party Mix (USA)	Five games in one, Party Mix is a collection title developed in 1983 by Starpath for the Starpath Supercharger add-on to the Atari 2600 console. Being one of the first party video games, it became notable for its inventive one-on-one and two-on-two split-screen multiplayer gameplay types. The anthology consists of the following titles: Bop a Buggy Tug of War Wizard's Keep Down on the Line Handcar
Peek-A-Boo (USA) (Proto)	Peek‑A‑Boo est un prototype Atari 2600 pensé pour les très jeunes enfants. Présenté comme une activité « révolutionnaire », il devait enseigner des notions de mémoire, d'orientation et de direction à travers un jeu simple inspiré du cache‑cache. Le héros, un chat nommé Smart Seymour, apparaît et disparaît derrière différentes formes (bloc, rectangle, quatre carrés colorés). Selon la variante choisie, les boutons du Kid's Controller déplacent Seymour ou produisent un son d'erreur. Huit modes étaient prévus, allant du simple bloc aux quatre carrés colorés, certains restant mystérieux et inachevés. Conçu avec l'aide d'un psychologue, Peek‑A‑Boo illustre la tentative d'Atari d'élargir son public aux enfants, mais il n'a jamais été commercialisé et demeure une curiosité historique.
Pengo (USA)	Allez patiner sur de la glace fine avec Pengo, le pingouin adorable, autour d'un lac gelé. Réarrangez d'immenses blocs de glace. Votre objectif : aligner trois blocs incrustés de joyaux pour des points éblouissants ! Vos ennemis : SNO-BEES ! Leur contact vous met froid dans le dos.
Pete Rose Baseball (USA)	Ce jeu de baseball concède une licence à l'ancien joueur des Cincinnati Reds, Pete Rose. Il permet au joueur de jouer toutes les positions sur le terrain. Différents styles de frappeur et de tangage sont disponibles.
Phantom Tank (Europe)	Dans Phantom-Panzer, le joueur prend les commandes d'un véhicule d'assaut pour défendre sa «base énergétique», située en bas de l'écran, contre les chars fantômes qui l'attaquent. Le jeu se compose de trois phases: la première se déroule dans une ville labyrinthique, offrant une relative protection grâce aux murs des bâtiments. Dans la deuxième phase, les chars ennemis traversent deux ponts au-dessus d'une rivière, mais sans aucun abri. La troisième et dernière phase est une bataille sans merci: les chars fantômes chargent agressivement la base du joueur, sans aucun obstacle pour les arrêter. Le joueur ne peut tirer qu'une balle à la fois et doit détruire 20 chars par phase. Les tirs ennemis peuvent être contrés par une balle ennemie. Le joueur perd une vie s'il entre en collision avec un char ou un tir ennemi. La partie est cependant immédiatement terminée si un char ou un obus ennemi touche la base énergétique du joueur.
Phantom UFO (USA)	Spider Fighter est un jeu d'action de style arcade, un peu similaire à Space Invaders. Vous contrôlez un blaster au bas de l'écran et devez défendre les trois fruits en haut à droite de l'écran. Différents types d'araignées attaquantes se déplacent rapidement, essayant de détruire votre blaster et de voler le fruit.
Phantom-Panzer + Phantom Tank (Germany)	Dans Phantom-Panzer, le joueur prend les commandes d'un véhicule d'assaut pour défendre sa «base énergétique», située en bas de l'écran, contre les chars fantômes qui l'attaquent. Le jeu se compose de trois phases: la première se déroule dans une ville labyrinthique, offrant une relative protection grâce aux murs des bâtiments. Dans la deuxième phase, les chars ennemis traversent deux ponts au-dessus d'une rivière, mais sans aucun abri. La troisième et dernière phase est une bataille sans merci: les chars fantômes chargent agressivement la base du joueur, sans aucun obstacle pour les arrêter. Le joueur ne peut tirer qu'une balle à la fois et doit détruire 20 chars par phase. Les tirs ennemis peuvent être contrés par une balle ennemie. Le joueur perd une vie s'il entre en collision avec un char ou un tir ennemi. La partie est cependant immédiatement terminée si un char ou un obus ennemi touche la base énergétique du joueur.
Pharaoh's Curse (USA)	Dans Pharaoh's Curse, le joueur tente de récupérer 16 trésors dans une tombe égyptienne tout en évitant le pharaon, sa momie et divers pièges.
Phoenix (USA)	Phoenix est un jeu d'arcade d'action avec un gameplay similaire à Space Invaders. Vous êtes le commandant du Phoenix et votre mission est d'atteindre un vaisseau spatial extraterrestre qui épuise les ressources de vos planètes. Le navire est gardé par quatre niveaux de créatures ressemblant à des oiseaux. Après avoir franchi les quatre étapes, le cinquième niveau sera opposé à un grand vaisseau mère très blindé.
Pick 'n' Pile (Europe)	Pick 'n Pile est un jeu de puzzle de style Tetris. Sur chaque niveau, il y a une variété de symboles disposés en colonnes sur l'écran. En déplaçant les symboles, vous devez créer des colonnes contenant des symboles identiques ; une fois que tous les symboles d'une colonne sont identiques, cette colonne disparaît. Votre but est de gagner des points et de compléter les niveaux en faisant disparaître tous les symboles sur l'écran. À l'occasion, vous pouvez être coincé avec un symbole qui ne correspond à rien sur l'écran; lorsque cela se produit, vous pouvez appeler pour un symbole supplémentaire à déposer sur l'écran. Cependant, comme le symbole qui apparaît est aléatoire, vous pouvez avoir besoin de créer un certain nombre de symboles avant que celui dont vous avez besoin apparaît. Chaque niveau a une limite de temps dans laquelle il doit être complété; à court de temps et vous perdez une vie; perdre toutes les vies et le jeu est terminé.
Pick Up (USA) (Proto)	OK, voilà ce qu'il en est. Si vous voulez que l'amoureux de vos rêves descende de son piédestal et sorte avec vous, vous devez lui offrir les bons cadeaux. Ensuite, vous pourrez vous rendre à l'hôtel Love Nest pour marquer des points ! Vous commencez avec votre amoureux sur un piédestal sur la gauche et divers objets flottant au-dessus de vous. Vous devez tirer sur chaque objet une fois pour l'acquérir. Si un objet commence à clignoter, tirez dessus ensuite car après un court instant, vous perdrez une chance. Si vous tirez sur un objet une deuxième fois, vous le perdrez ainsi qu'une chance. Si vous perdez toutes vos chances, le jeu est terminé. Si vous avez collecté tous les objets nécessaires, dirigez-vous vers le piédestal puis quittez l'écran vers la droite. Dirigez-vous vers la porte de l'hôtel et le panneau de l'hôtel indiquera combien de fois vous avez marqué. Dirigez-vous maintenant vers la gauche pour commencer le niveau suivant.
Picnic (USA)	Vous êtes en train de pique-niquer, quand soudain une nuée de mouches arrive ! Vous contrôlez une tapette à mouches au bas de l'écran. Votre but dans ce jeu est de protéger vos hamburgers (situés en bas à gauche et à droite de l'écran) des mouches attaquantes.
Piece o' Cake (USA)	Dans Piece O' Cake, vous êtes chef et votre objectif est de réussir la fabrication de gâteaux ! Au bas de l'écran se trouve un tapis roulant et un plateau apparaîtra sur le côté gauche en se déplaçant vers la droite. Vous êtes en haut de l'écran et vous devez retirer les couches de gâteaux du four et les déposer sur le plateau.
Pigs in Space - Starring Miss Piggy (USA)	Pigs in Space starring Miss Piggy est un jeu sorti sur Atari VCS 2600. Le joueur peut choisir d'incarner 3 personnages : le capitaine Link Hogthrob, Piggy ou Dr. Strangepork. A chaque personnage correspond un mini-jeu de tir dans l'espace.
Pitfall! - Pitfall Harry's Jungle Adventure (USA)	Laisse moi me présenter. Je suis Pitfall Harry, un expérimenté explorateur de la jungle. La chasse au trésor est ma passion, et la vôtre aussi, si vous osez faire ce voyage avec moi. Ne soyez pas nerveux; Je serai votre guide à travers la jungle et je suis l'un des meilleurs. D'innombrables richesses nous y attendent, mais bien moins que les dangers que nous devrons affronter. Nous nous balancerons à l'aide de lianes, au-dessus d'un gouffre. Nous sauterons à travers les marais, en utilisant des têtes de crocodile comme des tremplins. Nous fouillerons sous terre, au travers de passages sombres, rampant aux côtés de scorpions venimeux. Alors préparez votre sac à dos et retrouvez-moi dans la jungle à l'aube - et nous partirons à la recherche de la fortune d'un roi, faite d'or, de diamants et de trésors perdus - dans l'Aventure de la Jungle de Pitfall Harry.
Pizza Chef (USA) (Proto)	Essayez ce jeu amusant de fabrication de pizza. Vous avez un temps limité pour faire une pizza à huit ingrédients. Pour cela, vous devriez obtenir les bons ingrédients et dans le même ordre qu'ils sont énumérés et aussi les ustensiles appropriés. Lorsque vous avez enfin tout mis sur les huit tables de préparation, emmenez la pizza au four. Si vous arrivez à tout faire, félicitations! Essayez les 25 variantes de recettes et montrez vos compétences et votre technique dans la fabrication de la pizza.
Planet of the Apes (USA) (Proto)	Ce prototype inspiré de La Planète des Singes propose plusieurs environnements : forêt, rivière, village, désert, cavernes et la Statue de la Liberté. Trois types de singes apparaissent : chimpanzés inoffensifs, orangs‑outans qui capturent, et gorilles qui capturent et tirent. Le joueur doit gérer son énergie vitale et ses « escapes » pour s'évader des cages, au prix de points de vie. Chaque zone apporte ses dangers : fosses dans la forêt, captures fréquentes au village, hordes dans le désert, labyrinthes dans les cavernes. L'objectif est d'atteindre la Statue de la Liberté, où une fin spectaculaire recharge la santé et relance le jeu à un niveau plus difficile, avec des ennemis plus rapides, plus nombreux et plus puissants.
Planet Patrol (USA)	Vous êtes un pilote de chasse qui patrouille et protège la galaxie. Vous êtes constamment attaqué par des forces maléfiques qui tirent des missiles sur votre vaisseau. Lorsque vous guidez votre vaisseau à travers le terrain coloré, vous évitez les missiles en approche et vous ripostez. Le but du jeu est de détruire autant de missiles et la station de base avant qu'elle ne vous détruise. Votre mission vous emmène de jour comme de nuit et dans vos rencontres, vous devez secourir les pilotes abattus. Périodiquement, vous devez faire des arrêts de ravitaillement. Les graphismes sont fidèles à la réalité. Planet Patrol est destiné à devenir un succès universel !
Plaque Attack (USA)	Dans Plaque Attack, votre objectif est de protéger une bouchée de dents d'une variété d'aliments entrants! Vous contrôlez un tube de dentifrice au fluor, et vous devez tirer sur les aliments attaquants avant qu'ils ne puissent carier les dents situées en haut et en bas de l'écran. Des hamburgers, des hot dogs, des gouttes de gomme, des fraises, des beignets, des cornets de crème glacée et plus encore apparaîtront sur les côtés de l'écran et se dirigeront vers les dents. Si un aliment atteint une dent et y reste trop longtemps, la dent se décomposera et disparaîtra. Le jeu se termine lorsque toutes les dents se sont cariées et ont disparu.
Pleiades (USA) (Proto 2) (1983-05-06)	C'est une suite de Phoenix. Sur le premier écran, vous devez tirer sur les extraterrestres sans être touché par eux. À un moment donné, un alien va créer un bouclier sur l'écran juste au-dessus de votre vaisseau qui vous demandera de tirer dans les trous pour détruire d'autres extraterrestres. Sachez que les tirs extraterrestres ne ralentiront pas et risquent de vous tuer. Sur le deuxième écran, vous devez tirer ou éviter les tirs d'un ou plusieurs Phoenix (s), mais le but est de tirer sur l'extraterrestre dans le vaisseau mère ci-dessus. Vous pouvez également tirer sur le(s) Phoenix(s) pour gagner des points. Sur le troisième écran, vous devez manoeuvrer entre les navires stationnés, sans frapper aucun pour accoster à votre place au sommet. Une fois que vous faites cela, le jeu va au premier écran avec plus de difficulté. Il y a des sélections de jeux à choisir de jouer seulement sur les premier, deuxième ou troisième écrans, avec chaque vague devient plus difficile.
Polaris (USA)	Polaris est un jeu paru sur Atari VCS 2600. Le joueur y contrôle un sous-marin nucléaire qui doit envoyer des missiles sur les vaisseaux ennemis pour passer au niveau de difficulté suivant.
Pole Position (USA)	Pole Position est un jeu de course de Formule 1. Participez au Grand Prix et affrontez d'autres voitures de course pour obtenir le meilleur score possible en un minimum de temps.nnnnAvant de pouvoir participer au Grand Prix, le joueur doit d'abord se qualifier en participant au tour de qualification en 73 secondes ou moins. Si le joueur ne se qualifie pas pour le tour de qualification, il peut continuer à courir jusqu'à ce que le chronomètre dépasse les 90 secondes. Le joueur marquera 50 points par 5 mètres et 50 points supplémentaires pour chaque voiture de course dépassée. Lorsque le temps est écoulé, le jeu est terminé. Le joueur devra recommencer le tour de qualification.
Polo (USA) (Proto)	C'est un jeu de polo, joué à cheval. Vous déplacez votre cheval avec le joystick. Le maillet bascule automatiquement et envoie toujours le ballon dans la direction du but adverse.
Pompeii (USA) (Proto)	Pompeii fut l'un des derniers titres annoncés par Apollo, mais ne fut jamais publié lorsque la société ferma après le krach. Le jeu mettait en scène un archéologue à la manière d'Indiana Jones explorant les ruines de Pompéi à la recherche de trésors. Le seul prototype connu est très incomplet. Les décors montrent un volcan fumant et deux formes mystérieuses, peut-être des trésors. Le personnage dispose d'une légère animation de marche, trop lente, et les colonnes brunes servent de repères pour des ennemis non définis. Le prototype se limite au déplacement : marcher sur les colonnes ou appuyer sur le bouton gauche affiche des nombres hexadécimaux, et le bouton droit fait monter la lave, qui n'affecte pas le joueur. Au-delà de cela, aucune autre action n'est possible. Malgré sa simplicité, Pompeii semblait prometteur et aurait pu redorer le blason d'Apollo, mais le krach l'en empêcha.
Pooyan (USA)	Pooyan est un jeu d'arcade publié par Konami. Le jeu se focalise sur Mama, une truie, qui doit défendre et sauver ses petits. Mama est dans un ascenseur coulissant, que le joueur contrôle. Des loups s'envolent à l'aide des ballons et c'est au joueur de tirer des flèches vers les loups afin d'exploser leurs ballons avant qu'ils atteignent le sommet.
Popeye (USA)	En tant que Popeye, vous essayez de gagner l'amour d'Olive Oyl ! Elle est en haut de l'écran et laisse tomber des jetons de son amour. Vous devez les récupérer avant qu'ils ne touchent le sol.
Porky's (USA)	Vous incarnez Edward &quot;Pee Wee&quot; Morris qui, malgré ses défauts, s'efforce de se venger de Porky, le propriétaire du bar qui a disséqué Pee Wee et ses amis.
Power Lords (USA) (Proto)	Dans Power Lords, le joueur incarne Adam Power, défenseur de la Terre face à l'Alliance Extra-Terrestre menée par le redoutable Volcan Rock. Aux côtés de Shaya, il affronte des adversaires emblématiques tels que Gryptogg, Raygoth et Arkus, chacun doté de pouvoirs uniques. À bord d'un space sled, il doit survivre dans un environnement spatial hostile, esquivant rayons gravitationnels et attaques ennemies tout en ripostant. Inspiré de la gamme de figurines et comics, le jeu propose une aventure de science-fiction héroïque où action et esquive se conjuguent. Resté au stade de prototype sur Atari 2600, présenté en 1983 mais jamais commercialisé, il est aujourd'hui une rareté historique, prisée des collectionneurs.
Pressure Cooker (USA)	Dans Pressure Cooker, vous êtes un cuisinier dont le travail consiste à exécuter les commandes de hamburgers au &quot;The Grille&quot;. Au bas de l'écran, vous verrez apparaître les commandes de différents types de hamburgers. Vous pouvez également commander des tomates, des oignons, de la laitue et du fromage. Vous devez collecter les ingrédients appropriés, les placer sur un hamburger et les déposer.
Private Eye (USA)	Private Eye est un jeu paru sur Atari VCS 2600. Vous incarnez un détective qui cherche à arrêter un criminel. Pour ce faire, vous devrez ramasser des preuves mais aussi éviter les complices du criminel qui voudront vous éliminer.
Pursuit of the Pink Panther (USA) (Proto) [b]	Pursuit of the Pink Panther était basé sur la célèbre série de dessins animés et inspiré des films Pink Panther mettant en vedette Peter Sellers dans le rôle de l'inspecteur Clouseau. Ce jeu a en fait commencé sa vie sous le nom de Trail of the Pink Panther de US Games (basé sur le film alors en cours), mais lorsque US Games a cessé ses activités, ils ont vendu les droits à North American Phillips (NAP) qui a décidé de sortir sa propre version. du jeu à travers leur division Probe 2000. On ne sait pas si des travaux ont déjà été effectués sur la version US Games ou si l'une de ces idées a été utilisée dans la version Probe 2000 du jeu. Bien que Pursuit of the Pink Panther ait été fortement commercialisé au CES de juin 1983, il n'a jamais été publié, très probablement parce que la puce RAM / ROM spéciale utilisée par NAP pour insérer tous les éléments graphiques et de jeu dans le jeu ne pouvait pas être fabriquée de manière fiable. Lorsque le premier lot de puces est revenu défectueux du fabricant, NAP a décidé d'annuler le jeu plutôt que d'essayer de trouver une nouvelle source pour les puces. Le marché du jeu en ruine à l'époque était également un facteur important dans le choix de ne pas aller de l'avant.
Pygmy (Europe)	Lock 'n' Chase est un jeu d'arcade de type action similaire à Pac-Man. Vous jouez un voleur qui est piégé dans un labyrinthe. Pour sortir, vous devez collecter tous les points d'or situés dans le labyrinthe. Votre tâche ne sera pas facile, car il y a quatre policiers dans la chambre forte du coffre qui essaient constamment de vous attraper! Lorsque vous traversez le labyrinthe, vous avez la possibilité de fermer temporairement une porte pour tenter de bloquer la police. Vous ne pouvez fermer que deux portes à la fois, et toutes les portes fermées s'ouvrent automatiquement après un court laps de temps. Lorsque tout l'or du labyrinthe est collecté, la sortie vers le coffre sera ouverte et vous pourrez vous échapper et passer au coffre-fort suivant. De temps en temps, un élément bonus apparaîtra dans le labyrinthe comme un sac d'argent, couronne ou valise qui peut être collecté pour gagner encore plus de points.
Q-bert (USA)	Q*Bert arrive avec toutes les péripéties du populaire jeu d'arcade! Des graphismes colorés et un son digne de la borne d'arcade, accompagnent l'action animée du jeu. Hop! Q*bert monte et descend les marches d'une pyramide «tridimensionnelle», en changeant la couleur de chaque case au fur et à mesure qu'il atterrit. Terminez toute la pyramide et Q*bert se déplacera vers une pyramide plus difficile. Mais attention! Les astucieuses créatures locales sont également de la partie, et elles sont après Q*bert. Sautez rapidement pour vous mettre hors de danger - ou montez vous mettre en sécurité sur une soucoupe volante. Mais surveillez les déplacements de Q*bert. Un saut hors de la pyramide et il sera perdu dans l'espace! Q*Bert, l'adorable personnage dans un jeu d'action et d'aventure animé.
Q-bert's Qubes (USA)	Q*Bert Qubes est un jeu de plates-formes paru sur Atari VCS 2600. Le héros, Q*Bert, est pourchassé par des rats géants et par d'autres ennemis : pour leur échapper, il peut sauter sur des blocs qui changent de couleur et qui ont différents effets sur ses poursuivants.
Quadrun (USA)	Quadrun est un jeu d'action de style arcade pour un joueur. La planète Quad a été envahie et tous les &quot;Runts&quot; sont emprisonnés; votre but est de les sauver ! L'écran est divisé en quatre secteurs (un sur chaque bord de l'écran), avec la prison au centre. Votre personnage est équipé de trois boules de phaseur; sur l'écran, vous verrez les ravisseurs monter et descendre verticalement, et vous devez les frapper avec une boule de phaseur. Une fois touché, le ravisseur sera détruit et l'un des Runts pourra s'échapper. Les Runts vont et viennent horizontalement et vous devez les attraper avant qu'ils ne heurtent le mur mortel au bord de l'écran.
Quest for Quintana Roo (USA)	Quest for Quintana Roo est un jeu d'arcade sorti sur Atari VCS 2600. Vous y incarnez Sam, un explorateur qui cherche un trésor dans un temple. Pour le trouver, vous devrez récolter des clés et des objets particuliers, qui seront gardés par toutes sortes d'ennemis.
Quick Step (Europe)	Quick Step est un jeu compétitif où un kangourou et un écureuil s'affrontent en sautant sur des trampolines défilant vers le bas de l'écran. Les trampolines apparaissent gris, deviennent roses lorsqu'ils sont actifs, puis prennent la couleur du joueur qui saute dessus (vert pour le kangourou, bleu pour l'écureuil). Sauter sur un trampoline rose rapporte 3 points, et lorsqu'un trampoline de votre couleur disparaît en bas de l'écran, vous gagnez 6 points. Tomber hors de l'écran fait perdre une vie, et la partie s'arrête quand l'un des joueurs n'en a plus ; celui qui a le plus de points l'emporte. Des bonus ajoutent du piquant : un trampoline blanc cache un chapeau magique permettant de paralyser l'adversaire en sautant sur sa case. Chaque joueur dispose aussi de 6 pièges pour faire disparaître un trampoline et gêner l'autre. Les niveaux accélèrent progressivement, et se terminent par une colonne unique de trampolines rapides à gravir, demandant réflexes et précision.
Quick Step! (USA)	Quick Step est un jeu compétitif où un kangourou et un écureuil s'affrontent en sautant sur des trampolines défilant vers le bas de l'écran. Les trampolines apparaissent gris, deviennent roses lorsqu'ils sont actifs, puis prennent la couleur du joueur qui saute dessus (vert pour le kangourou, bleu pour l'écureuil). Sauter sur un trampoline rose rapporte 3 points, et lorsqu'un trampoline de votre couleur disparaît en bas de l'écran, vous gagnez 6 points. Tomber hors de l'écran fait perdre une vie, et la partie s'arrête quand l'un des joueurs n'en a plus ; celui qui a le plus de points l'emporte. Des bonus ajoutent du piquant : un trampoline blanc cache un chapeau magique permettant de paralyser l'adversaire en sautant sur sa case. Chaque joueur dispose aussi de 6 pièges pour faire disparaître un trampoline et gêner l'autre. Les niveaux accélèrent progressivement, et se terminent par une colonne unique de trampolines rapides à gravir, demandant réflexes et précision.
Rabbit Transit (USA)	Vous êtes un lapin qui essaie d'arriver à l'endroit où vous pourrez avoir un compagnon et faire comme un mathématicien en vous multipliant. Tu dois d'abord traverser le pré et franchir les corniches sans perdre la vie. Vous commencez dans un écran appelé le Pré Mystérieux. Vous devez sauter du sommet à la rivière, atterrir sur la tortue tout en évitant les serpents et les hélicos qui vous feront perdre une vie et les papillons qui vous renverront au départ. Ne traînez pas car vous êtes chronométré et si le temps s'écoule, vous perdez une vie. Une fois que vous aurez atteint la tortue, elle vous emmènera au pays des corniches. Ici, vous devez sauter de rebord en rebord et changer leur couleur, à la manière de Q*Bert. Méfiez-vous de l'homme en haut de l'écran, car il laissera tomber des pierres qui vous feront perdre une vie. Dans les niveaux suivants, il ramènera certains rebords à leur couleur d'origine, vous obligeant à revenir sur vos pas. Vous êtes toujours chronométré, alors ne tardez pas. Une fois que vous aurez terminé le Pays des corniches, vous pourrez vous rendre dans les Bunny Bushes. Il s'agit juste d'une cinématique où vous trouvez un compagnon et une famille. Vous pouvez la sauter si vous appuyez sur le bouton &quot;Feu&quot;. Le jeu recommence alors au début, mais en plus difficile.
Racer (USA) (Proto)	Le joueur contrôle une voiture avançant automatiquement sur un écran défilant vers le bas, sans accélérateur ni frein, uniquement en évitant les murs. La vitesse augmente toutes les 30 secondes, rendant le jeu rapidement difficile. Chaque joueur dispose de trois vies, avec des vies supplémentaires tous les 30 points. Dix variantes existent, dont deux modes enfants où la vitesse reste minimale. Le véritable intérêt réside dans le mode deux joueurs simultanés, rare sur Atari 2600 : chacun peut tenter de marquer plus de points ou pousser l'autre contre les murs. Malgré ce concept amusant, le jeu reste limité et monotone, ce qui explique sans doute pourquoi Atari n'a pas choisi de l'éditer. Racer demeure une curiosité, témoin des débuts de Roklan.
Racing Car (USA)	Contrôlez votre voiture dans une course sur une grande autoroute. Dans Racing Car, le joueur accélère sa voiture tout en déviant les autres véhicules sur cette grande autoroute, mais soyez prudent car certaines voitures peuvent se déplacer très lentement ou pire, se dirigeant vers vous.
Racquetball (USA)	Racquetball sur Atari VCS 2600 est un jeu tiré du sport du même nom, à mi-chemin entre le tennis et le squash, ce sont donc les mêmes règles qui s'appliquent. La particularité du jeu est qu'il est en 3D et uniquement en multijoueur.
Radar (USA)	Dans Radar, vous pilotez d'abord un vaisseau spatial au-dessus de la surface, en tirant sur les tours de défense sur votre chemin. Les plus grandes tours sont trop grandes pour voler et elles doivent être touchées au point où elles tirent. Lorsque vous avez parcouru une distance particulière, vous trouverez une ouverture sur le passage souterrain. Là, vous continuez à détruire les différentes choses qui volent autour.
Radar Lock (USA)	La sécurité d'un porte-avion à proximité est entre vos mains. Vous êtes l'as d'un F-22 supersonique, la dernière arme aéroportée la plus puissante jamais créée. Ci-dessous se trouve le porte-avion et au-dessus se trouve l'ennemi. Vos amis ne sont pas en vue et c'est à vous de nettoyer le ciel des intercepteurs diaboliques, des chasseurs furtifs et des bombardiers. Votre avion est équipé de missiles guidés, de mitrailleuses, de missiles de proximité et du tout dernier système de repérage RADAR LOCK ultra secret. N'oubliez pas que l'équipage compte sur vous. Bonne chance pilote !
Raft Rider (USA)	Raft Rider est un jeu où vous descendez une rivière sur un radeau de rondins. L'objectif est d'aller le plus loin possible en évitant les obstacles : rochers, arbres, castors qui en abattent de nouveaux, et même un orignal capable de couler votre embarcation. Chaque portion de rivière parcourue rapporte 125 points, et des bonus supplémentaires peuvent être obtenus en ramassant les pépites d'or qui apparaissent parfois. Vous commencez avec trois radeaux, mais il est possible d'en gagner d'autres. La partie s'arrête lorsque tous vos radeaux sont perdus. Plusieurs niveaux de difficulté modifient la vitesse du courant ainsi que celle des castors et de l'orignal, rendant le défi plus intense.
Raiders of the Lost Ark (USA)	Vous et Indiana Jones avez une mission: retrouver l'Arche d'Alliance. Pour trouver l'arche, vous devez voyager à travers l'Égypte ancienne et suivre les indices qui mènent au puits des âmes. Utilisez les coups de fouet d'Indy et votre propre esprit pour échapper au danger - et faites attention aux serpents.
Ram It (USA)	Vous êtes le Ramroid, vous êtes sur une piste au centre de l'écran. Vous pouvez viser à gauche et à droite pour tirer. Sur les deux côtés sont des barres colorées qui commencent à avancer au hasard vers le centre. Vous devez tirer sur ces barres pour les éloigner de l'écran, de préférence hors de l'écran. Si une barre commence à clignoter, c'est une barre bonus et en tirant dessus, vous gagnez des points supplémentaires en plus de l'éliminer complètement de l'écran. Soyez averti, cependant que parfois la barre réapparaîtra sur le côté opposé de l'écran.
Rampage! (USA)	RAmpage est un jeu d'action dans lequel les joueurs ont la possibilité de diriger trois types de monstres, tous créés à partir d'humains mutants : « George », un gorille à la King Kong, « Lizzie », un reptile à la Godzilla, et « Ralph », un loup-garou géant. L'objectif est de détruire tous les immeubles du quartier en résistant aux forces armées qui tentent de s'interposer (hélicoptères, tanks, bateaux, soldats) et en faisant peu de cas des civils (les monstres peuvent manger les passants). Chaque niveau est réussi une fois le quartier réduit en ruines.
Raumpatrouille (USA)	Avec des graphismes déroutants et un plaisir de jeu limité, X'Mission demande un certain temps d'adaptation. Une fois la mécanique comprise, le jeu devient toutefois trop facile. Le joueur contrôle un type de soucoupe volante dont l'objectif principal est d'atteindre la structure mobile située dans un coin de l'écran. Lorsqu'il la touche correctement, le vaisseau s'y fixe et passe au niveau suivant. Sur le parcours, il rencontre divers ennemis, que l'on peut détruire ou non, selon le désir du joueur d'engranger davantage de points.
Reactor (USA)	Vous contrôlez un vaisseau spatial à l'intérieur d'un réacteur nucléaire que vous essayez d'empêcher de fondre ! Le cœur du réacteur au centre de l'écran est entouré d'un mur mortel. Les positrons, les neutrinos et les photons parcourent l'espace disponible, tous essayant de renverser votre vaisseau contre le mur.
RealSports Baseball (USA) (NTSC)	Il s'agit de la réglementation du basketball, à quelques exceptions près. Il n'y a pas de tirs à trois points, pas de coups de ligne fautifs, pas de temps morts, pas de pénalités, pas de chronomètre et ni le joueur ni la balle ne peuvent sortir des limites. Vous contrôlez deux joueurs en tandem. Vous passez des balles entre eux en appuyant sur le bouton et en appuyant sur le joystick vers l'autre joueur. Vous tirez de la même façon, mais en appuyant sur le joystick vers le panier. Pour voler la balle, il suffit de toucher le joueur adverse qui a la balle. Essayez simplement d'obtenir plus de paniers que vos adversaires avant le temps s'épuise. Chaque jeu est divisé en quatre quarts. Une fois les quatre quarts terminés, le jeu est terminé.
RealSports Basketball (Europe) (Proto)	Il s'agit de la réglementation du basketball, à quelques exceptions près. Il n'y a pas de tirs à trois points, pas de coups de ligne fautifs, pas de temps morts, pas de pénalités, pas de chronomètre et ni le joueur ni la balle ne peuvent sortir des limites. Vous contrôlez deux joueurs en tandem. Vous passez des balles entre eux en appuyant sur le bouton et en appuyant sur le joystick vers l'autre joueur. Vous tirez de la même façon, mais en appuyant sur le joystick vers le panier. Pour voler la balle, il suffit de toucher le joueur adverse qui a la balle. Essayez simplement d'obtenir plus de paniers que vos adversaires avant le temps s'épuise. Chaque jeu est divisé en quatre quarts. Une fois les quatre quarts terminés, le jeu est terminé.
RealSports Boxing (USA, Europe) (En,Fr,De,Es,It)	RealSports Boxing est, comme son nom l'indique, un jeu de boxe sur Atari 2600. Jouable seul ou à deux, il vous faudra battre vos adversaires avec une petite particularité puisque le ring est en 3D et autorise donc les déplacement horizontaux et verticaux.
RealSports Football (USA, Europe) (En,Fr,De,Es,It)	RealSports Football est une simulation de football à un ou deux joueurs qui se joue sur un terrain avec défilement horizontal, avec cinq joueurs dans chaque équipe. Comme dans le vrai football, l'objectif est de parcourir un terrain de 100 mètres en combinant jeux de passes et de courses.
RealSports Soccer (USA, Europe) (En,Fr,De,Es,It)	RealSports Volleyball est un jeu d'action qui peut être joué par un ou deux joueurs. Le jeu suit les règles traditionnelles du volleyball; la première équipe à marquer 15 points gagne ! Vous contrôlez les deux joueurs de l'équipe, qui ont la capacité de servir, de définir, de doper et de bloquer.
RealSports Tennis (USA, Europe) (En,Fr,De,Es,It)	Inscrivez votre nom en vedette sur le panneau de score du jeu RealSport Tennis! Maniez la balle comme sur un vrai court de tennis; vous pouvez lancer dans les angles, taper un coup fort ou frapper une balle de lob bien haut dans les airs. Vous pouvez jouer à vitesse lente ou rapide contre un adversaire ou contre l'expert ordinateur lui-même.
RealSports Volleyball (USA, Europe) (En,Fr,De,Es,It)	Volleyball sur Atari 2600 est un jeu d'action fidèle aux règles classiques du sport : la première équipe à atteindre 15 points remporte la partie. Le joueur contrôle les deux membres de son équipe, capables de servir, de faire des passes, de smasher et de bloquer. Le jeu propose plusieurs variantes : deux niveaux de difficulté et deux vitesses de déplacement. En mode facile, la balle repart automatiquement de l'autre côté du filet lorsqu'elle est frappée. En mode avancé, il est possible de réaliser de véritables échanges entre coéquipiers avant de renvoyer la balle. La vitesse des joueurs peut être réglée sur rapide ou lente, permettant d'ajouter du challenge ou de créer un handicap entre les équipes.
Red Sea Crossing (USA)	Le joueur incarne Moïse traversant la mer Rouge pour atteindre le Sinaï. Le gameplay, de type plateforme à défilement horizontal, consiste à éviter des obstacles sous‑marins (algues, palourdes géantes) et des Égyptiens poursuivants. Le score apparaît en bas de l'écran, et si le joueur est vaincu, la mer se referme.
Rescue Terra I (USA)	Terra I fournit à la Terre des cristaux Zenbar, utilisés pour fournir 72% de son énergie à la Terre. Ordinairement, un ordinateur contrôle les systèmes de défense mais il semble avoir été saboté. Des pirates de l'espace sont dans la région et les intercepteurs de robots travaillent contre nous. Vos ordres sont de piloter votre F-117 Starwarrior vers Terra I, détruisant tout ce qui tente de vous nuire.
Revenge of the Beefsteak Tomatoes (USA)	Vous devez construire trois murs au-dessus des plants de tomates. Vous devez également éviter les bombes de tomates tirées par les plants de tomates, tirer sur les vignes qui poussent sur n'importe quelle partie du mur, tirer sur les tomates cerises (ou simplement esquiver leurs coups) et tirer ou éviter les tomates beefsteak.
Riddle of the Sphinx (USA)	En tant que Fils du Pharaon, il appartient au joueur de lever la malédiction d'Anubis, dieu des morts, en atteignant le temple de Râ et en résolvant l'énigme du Sphinx.
River Patrol (USA)	Vous êtes le capitaine d'un bateau qui remonte la rivière tout en tentant de sauver les personnes en train de se noyer perdues dans l'une des neuf rivières. Vous devez guider votre bateau le long de la rivière sans heurter le rivage, les rochers, le bois flotté, les autres bateaux ou le TNT, qui vous couleront immédiatement.
River Raid (USA)	River Raid est un jeu d'action à défilement vertical. Vous faites voler un avion à réaction sur une rivière pour tenter de détruire des ponts qui sont vitaux pour l'ennemi. La rivière est cependant fortement gardée, avec des montgolfières, des navires, des hélicoptères et des avions ennemis qui tentent de vous arrêter. En cours de route, vous devrez survoler les stations-service pour faire le plein d'essence de votre avion et continuer à voler. L'avion est armé d'un canon avec des munitions illimitées. Il peut être utilisé pour détruire les véhicules et les ponts ennemis, mais un joueur imprudent peut accidentellement détruire une station-service. Une collision avec les berges de la rivière ou avec l'avion ennemi détruit votre avion et vous fait perdre une vie.
River Raid II (USA)	Vous êtes le pilote d'un avion d'assaut F-14, affecté à la mission dangereuse de détruire un pont ennemi au sommet d'une rivière fortement gardée. Dans River Raid II, le gameplay est similaire à celui du River Raid original, mais avec quelques ajouts. Pour chaque mission, vous commencez sur un porte-avions. Après un décollage réussi, vous devez dépasser les forces ennemies situées au-dessus de l'océan qui gardent l'entrée de la rivière. Assurez-vous de récupérer beaucoup de carburant dans les jets de ravitaillement, car une fois que vous atteignez la rivière, le carburant deviendra rare! Ensuite, vous devrez remonter le canal de la rivière perfide jusqu'à ce que vous atteigniez enfin et, espérons-le, détruisez le pont. Mais le niveau n'est pas encore terminé, pour l'instant vous devez retourner au porte-avions et atterrir en toute sécurité. Après avoir terminé tout cela, vous passez au niveau suivant, plus difficile. En plus des niveaux étendus, un autre changement dans River Raid II est la possibilité de contrôler l'altitude de votre avion. Vous pouvez voler au-dessus de tout ou voler bas dans le chenal pour éliminer les chars et les barges ennemis.
Road Runner (USA)	Vous jouez le Road Runner. Vous devez courir le long de la route en évitant les camions, les mines, les chutes de pierres, etc., sans vous faire attraper par Wile E. Coyote. Vous devez également manger des graines pour oiseaux tout au long du chemin, sinon vous vous évanouirez et Wile E. vous attrapera.
Robin Hood (USA)	Robin des Bois est un jeu d'action dans lequel vous devez sauver la demoiselle Marianne qui est retenue par le shérif de Nottingham dans un château (et pendant que vous y êtes, volez de l'or pour le donner aux pauvres) ! Le jeu se déroule sur plusieurs écrans différents qui ont des objectifs différents. Tout d'abord, vous devrez vous frayer un chemin dans la forêt de Sherwood ; de nombreux sbires s'y cachent, alors utilisez vos flèches pour les abattre. Après avoir survécu à la forêt, la section suivante se déroule à l'extérieur du château ; naturellement, de nombreux sbires gardent la porte du château. Tout en esquivant les flèches, vous devez tirer sur suffisamment de sbires pour que la porte s'ouvre. Une fois qu'elle s'est ouverte, vous pouvez entrer dans le château pour la scène finale. À l'intérieur du château, vous trouverez la Demoiselle Marianne derrière l'une des nombreuses portes, et de l'or derrière une autre. Des sbires se cachent derrière les autres portes, mais si vous parvenez à trouver la Demoiselle Marianne ou l'or, vous remportez ce tour et le jeu se répète à un niveau de compétence plus difficile.
Robot Tank (USA)	De nombreux chars ennemis traversent la campagne, détruisant tout sur leur passage! Votre travail consiste à commander un robot tank pour les arrêter. Robot Tank est un jeu d'action de style arcade en perspective à la première personne. Il y a douze escadrons de chars à détruire, chacun contenant douze chars. Chaque fois que vous détruisez un escadron complet, vous gagnez un char de réserve supplémentaire avant de passer à l'escadron suivant, plus difficile. Le jeu se déroule vingt-quatre heures sur vingt-quatre; le gameplay alternera tôt le matin au milieu de l'après-midi et tard dans la nuit. En plus de l'heure de la journée qui change constamment, le temps peut également changer de manière inattendue. La neige, la pluie et le brouillard apparaîtront occasionnellement, ce qui rendra plus difficile la détection de vos cibles. Heureusement, votre char est équipé d'un radar pour aider à localiser l'ennemi lorsque la visibilité est mauvaise. Au fur et à mesure que votre char subit des dégâts, vous perdrez certaines capacités, telles que la vitesse, le radar ou vos canons. Si votre char subit trop de dégâts, il sera détruit; le jeu se termine lorsque tous vos réservoirs de réserve sont partis.
Roc 'n Rope (USA)	Dans Roc 'N Rope sur Atari VCS 2600, vous êtes dans la peau d'un grimpeur sur différentes montages. Le but est d'atteindre le sommet le plus rapidement possible sans se faire toucher par les obstacles ni tomber.
Rocky & Bullwinkle (USA) (Proto)	Rocky & Bullwinkle sur Atari 2600 reprend l'humour absurde du dessin animé : Boris et Natasha utilisent l'« Upsidasium » pour faire flotter des trésors vers un hélicoptère. Le joueur incarne Rocky, qui doit intercepter les objets et les remettre à Bullwinkle. Le gameplay rappelle Kaboom inversé, avec des airs de Dumbo's Flying Circus. Rocky ne peut porter que deux trésors à la fois ; donner n'importe quel objet rapporte des points, mais seule la combinaison affichée à l'écran compte vraiment. Si elle est livrée, le chronomètre se réinitialise à 75, offrant plus de temps pour chercher la suivante. Un second timer descend en continu et met fin à la partie lorsqu'il atteint zéro. Les variantes de jeu permettent de prolonger ce temps, ajoutant un peu de stratégie à ce concept original.
Room of Doom (USA)	Vous êtes pris au piège dans une pièce avec un monstre. Comme si cela ne suffisait pas, il y a des tireurs à l'extérieur de la pièce qui vous tirent dessus lorsque les portails s'ouvrent. Pour avancer, vous devez tirer sur le tireur quand les portails sont ouverts. Vous pouvez tirer sur le monstre, mais il ne sera que stupéfait et si vous restez dans la même pièce trop longtemps, le monstre devient immunisé contre votre arme. Il y a soixante-quatre variantes de jeu. Dans certains, les tireurs tirent en ligne droite seulement, d'autres visent où que vous soyez, d'autres sont lents, d'autres rapides, d'autres les portails tous ouverts en même temps et restent ouverts, d'autres divers portails ouverts et proches.
Rubik's Cube (USA)	Rubik's Cube sur Atari 2600 met en scène Marvin the Cube Master, chargé de résoudre le célèbre casse‑tête. Le joueur dirige Marvin pour qu'il ramasse et dépose des couleurs sur les faces du cube, dans le but de les aligner correctement. Avec des milliards de combinaisons possibles, chaque partie est différente et demande réflexion et rapidité. Le jeu se veut accessible et dynamique : les commandes simples permettent de manipuler les couleurs, mais la difficulté vient de l'immense variété de configurations. Présenté comme une expérience familiale, Rubik's Cube combine la logique du puzzle original avec un rythme plus soutenu, transformant la résolution en un défi interactif et amusant.
Rubik's Cube 3-D (USA) (Proto)	Rubik's Cube sur Atari 2600 met en scène Marvin the Cube Master, chargé de résoudre le célèbre casse‑tête. Le joueur dirige Marvin pour qu'il ramasse et dépose des couleurs sur les faces du cube, dans le but de les aligner correctement. Avec des milliards de combinaisons possibles, chaque partie est différente et demande réflexion et rapidité. Le jeu se veut accessible et dynamique : les commandes simples permettent de manipuler les couleurs, mais la difficulté vient de l'immense variété de configurations. Présenté comme une expérience familiale, Rubik's Cube combine la logique du puzzle original avec un rythme plus soutenu, transformant la résolution en un défi interactif et amusant.
Rush Hour (USA) (Proto)	C'est l'heure de pointe et vous êtes pressé, mais il y a un embouteillage majeur. Vous courez le long d'une autoroute à cinq voies, en contrôle d'une voiture équipée d'armes, dans le cadre d'une mission visant à détruire certaines voitures porteuses qui causent des embouteillages. Vous devez tisser dans et hors de la circulation à grande vitesse dynamitant les voitures lentes dans votre chemin pour atteindre votre destination. En cours de route, vous devez également éviter les obstacles tels que les voitures détruites, les barricades, les clous et les nappes d'huile sur la route. Un radar traque l'ennemi et avertit du danger.
Saboteur (USA) (Proto) (1983-09-02)	Vous êtes Hotot, une forme de vie cybernétique originaire d'une planète sereine dans une galaxie lointaine. Malheureusement, même dans une galaxie lointaine, tout n'est pas aussi paisible qu'il n'y paraît, car Hotot a découvert une base de missiles extraterrestres cachée sur sa planète. Habités par d'étranges aliens bleus, ces intrus maléfiques utilisent votre planète comme site de lancement pour leur ogive mortelle qui est censée détruire la source d'énergie de la galaxie. Avec l'aide de l'oiseau Gorfons, vous devez détruire l'ogive, et empêcher la destruction de la galaxie ! Bonne chance Hotot. Vous êtes le Saboteur. Sur le premier écran, vous essayez d'empêcher les robots de construction Qotile et les esclaves Yar de terminer un missile. Vous êtes aidé par les Gorfrons. Pendant que les robots de construction Qotile et les esclaves Yar construisent le missile, les Gorfrons volent des pièces pour l'abaisser. Méfiez-vous du robot maître qui se trouve sur la passerelle supérieure car il essaiera de vous tirer dessus ainsi que sur les Gorfrons pour empêcher votre intervention. Après avoir terminé le chantier de construction de fusées, vous pouvez passer à l'assemblage d'ogives.
Save Mary! (USA) (Proto)	Save Mary! est un jeu original et inédit développé pour l'Atari 2600, dont la sortie fut annulée en 1990 lorsque Atari cessa ses activités sur cette console. Conçu par Tod Frye (Pac-Man), son développement fut long et chaotique, notamment à cause de changements fréquents imposés par la direction. Le but du jeu est simple : sauver Mary, une jeune fille coincée dans un canyon qui se remplit d'eau. À l'aide d'une grue et de blocs aux formes variées, le joueur doit construire une plateforme pour la hisser hors du danger. La difficulté vient des formes irrégulières des blocs, du comportement imprévisible de Mary, et d'obstacles comme un avion pouvant perturber la grue.
Save Our Ship (USA)	Vous êtes le capitaine d'un navire de la capitale qui navigue sur le Main espagnol. Tout à coup, vous êtes attaqué par des hordes de pirates acharnés. Des dizaines d'entre eux pullulent à bord et seul vous, avec votre coutelas fidèle, pouvez sauver notre navire !
Save the Whales (USA) (Proto)	Dans Save the Whales, vous aurez pour mission de sauver les dauphins depuis votre sous-marin. Il vous faudra pour cela détruire les obstacles que larguent les bateaux avant qu'ils n'atteignent les dauphins.
Sea Hawk (USA)	Vous commandez l'avion de chasse Sea Hawk dans cette bataille militaire ! Votre mission est de détruire les hélicoptères et les navires ennemis qui traversent la zone de combat. Mais attention ! Les navires ennemis attaqueront votre Sea Hawk avec des missiles mer-air qui peuvent vous prendre par surprise. Et les hélicoptères ennemis vous enverront un flot constant de tirs de mitrailleuses. Gagner dépend de votre main ferme et de votre rapidité d'esprit. Si votre Sea Hawk est touché, votre pilote sera parachuté. Mais c'est à vous de le sauver en le guidant vers l'un de vos vaisseaux. S'il atterrit dans l'océan ou sur un navire ennemi, il meurt.
Sea Hunt ~ Scuba Diver (USA)	Vous plongez pour un trésor dans des eaux périlleuses infestées de poissons mangeurs d'hommes et de monstres marins vicieux ! Vous devez faire attention à choisir le bon moment pour plonger dans l'eau car vous ne pourrez pas vous défendre pendant que vous plongez.
Sea Monster (USA)	Dans Sea Monster, vous contrôlez un navire en pleine mer. Sous les vagues se trouvent de nombreux monstres marins, dont beaucoup attaquent votre navire ! Votre navire est situé en haut de l'écran, et votre but est de gagner autant de points que possible en tirant sur les différents monstres marins qui nagent à proximité. Plus le monstre est profond dans l'océan, plus il vaut de points. Le jeu se termine lorsque tous vos navires ont été détruits. Le gameplay est pour un ou deux joueurs et plusieurs variantes de jeu sont disponibles pour contrôler la vitesse et la difficulté.
Seaquest (USA)	Vos plongeurs sont dans l'océan en train de collecter des trésors. Maintenant qu'ils ont trouvé ce qu'ils cherchaient, vous devez piloter un sous-marin et les ramener à la surface en toute sécurité !
Seaquest - International Edition (Europe)	Vos plongeurs sont dans l'océan en train de collecter des trésors. Maintenant qu'ils ont trouvé ce qu'ils cherchaient, vous devez piloter un sous-marin et les ramener à la surface en toute sécurité !
Secret Agent (USA) (Proto)	Ils lui ont donné un numéro et ils ont pris son nom - &quot;Secret Agent Man&quot; de Johnny Rivers. Vous, l'agent secret, vous devez récupérer les objets de l'agent en question, comme des documents américains, des caisses et des sacs d'argent, tout en évitant les indésirables, comme les insectes, les grenades et les armes. Après un certain temps, une tonalité sonnera. C'est quand les bateaux dans l'eau en dessous de vous cessent de se déplacer et vous devez rester au-dessus d'eux et 'retirer la main'. Mais attention, bien que les bateaux aient cessé de bouger, les objets qui tombent ne se sont pas arrêtés. Dans les jeux de deux joueurs, les joueurs alternent.
Secret Quest (USA)	Seaquest est un jeu vidéo de simulation développé par Steve Cartwright et publié par Activision en 1983 sur Atari 26002. Le joueur est aux commandes d'un sous-marin chargé de récupérer des plongeurs qui explorent les fonds marins à la recherche d'un trésor. Pour mener à bien sa mission, le sous-marin doit régulièrement faire surface afin de ramener les plongeurs à l'air libre et de renouveler ses provisions d'oxygène. Il doit de plus faire face à des requins, qui tentent de manger les plongeurs, et à des sous-marins ennemis, qui utilisent des torpilles pour tenter de le détruire et qui peuvent faire appel à un cuirassé pour empêcher le sous-marin du joueur de faire surface.
Sentinel (USA)	Sentinel est un jeu de tir paru sur Atari VCS 2600. A bord d'un vaisseau spatial, vous devez défendre la sentinelle, une petite boule d'énergie qui délivre des mondes envahis par les aliens, contre toutes sortes d'ennemis spatiaux.
Shootin' Gallery (USA)	Shootin 'Gallery est un jeu de tir similaire de Sega's Carnival. Vous contrôlez une arme au bas de l'écran pendant que différents types de cibles se déplacent à gauche et à droite au-dessus. Avec une quantité limitée de munitions, vous devez gagner le plus de points possible en tirant sur les cibles (trains, escargots, grenouilles, kangourous, singes, etc...).
Shuttle Orbiter (USA)	Vous devez obtenir dix pièces d'une usine en orbite vers une station spatiale incomplète. Malheureusement, une comète est passée près de la Terre et a laissé un champ de débris spatiaux que vous devrez éviter. Après le lancement, vous verrez la Terre encerclée mais quatre points de couleur. Au bas se trouve le temps écoulé, le carburant restant et quatre barres indicatrices. Ces barres sont les altitudes de votre orbite et leurs couleurs correspondent aux couleurs des points en orbite : blanc pour la navette, or pour la station, rouge pour l'usine en orbite, et vert pour le dépôt de carburant.
Sinistar (USA) (Proto)	Un prototype inédit du titre d'arcade classique. Le joueur pilote un vaisseau spatial isolé et doit créer des &quot;Sinibombs&quot; en tirant sur des planétoïdes qui dérivent et en attrapant les cristaux qui sont ainsi libérés. Les Sinibombs sont nécessaires pour vaincre le boss du jeu, Sinistar, un vaisseau spatial animé avec un visage de crâne démoniaque. Sinistar n'existe pas au début du jeu et est continuellement en construction par les navires de travail ennemis. Bien que le temps soit crucial, tenter d'exploiter trop rapidement détruira un planétoïde sans libérer de cristaux. Dans le même temps, les navires ouvriers ennemis collectent également des cristaux (souvent en les volant au joueur) qu'ils utilisent pour construire le Sinistar. Pendant ce temps, les navires guerriers ennemis peuvent également attaquer directement le navire du joueur. Le joueur a une longueur d'avance avant que les navires ennemis aient suffisamment de cristaux pour commencer la construction. Le jeu se termine lorsque les vaisseaux du joueur sont tous détruits.
Sir Lancelot (USA)	Une demoiselle en détresse est tenue dans un château par un dragon cracheur de feu! Comme Sir Lancelot, vous devez monter votre cheval ailé Pegase à la rescousse. Chaque niveau de ce jeu d'action se compose de deux écrans. D'abord, vous êtes à l'extérieur du château qui est gardé par de nombreuses créatures volantes. Vous devez voler autour de l'écran et détruire toutes les créatures en les frappant avec votre lance (attention, si elles vous frappent à la place, vous perdrez une vie). Après que toutes les créatures ont disparu, vous entrez dans le deuxième écran qui est à l'intérieur du château. Ici, il y a une grande fosse de lave et un dragon volant. Pour détruire le dragon, vous devez frapper son estomac avec votre lance. Si vous êtes frappé par l'une des boules de feu du dragon, vous serez temporairement étourdi et incapable de voler. Si vous finissez par tomber dans la lave, vous perdrez une vie. Si vous pouvez vaincre le dragon, le jeu se répète à un niveau de difficulté plus élevé. Le jeu se termine quand vous perdez toutes vos vies.
Skate Boardin' (USA)	Dans ce jeu, vous avez cinq minutes pour vous rendre du perron de votre maison à celui de l'école. Vous devez traverser ce labyrinthe et franchir 30 tubes et rampes ET arriver à l'école. Vous commencez sur votre perron. Pour monter sur la planche, déplacez-vous vers la gauche ou la droite et, tout en vous déplaçant, appuyez sur la touche feu. Lorsque vous êtes sur votre planche, appuyez simplement sur la direction dans laquelle vous voulez tourner. Appuyez sur la touche feu pour sauter et appuyez et maintenez la touche feu pour sauter et atterrir en position accroupie. Vous verrez également des rails, des murs et des haies, mais vous devez les éviter car ils vous feront tomber.
Skeet Shoot (USA)	Dans Skeet Shoot sur Atari VCS 2600, il va vous falloir gagner le plus de points possible en tirant sur des disques. Reprenant le principe du ball-trap, vous pouvez jouer à deux ou seul dans plusieurs modes de jeu différents.
Ski Hunt (Europe)	Skiez. Tirez. Recommencez.
Skiing (USA)	Skiing pour Atari VCS 2600 est un jeu de sport développé par Activision. Le but de ce jeu est de descendre tout en bas d'une montagne à ski tout en évitant les arbres et les bosses. Il y a deux modes de jeu : course de slalom et course de vitesse. Chaque mode possède 5 niveaux de difficulté qui influent sur la longueur du parcours.
Skindiver (Europe)	Or ! Diamants ! Rubis ! Émeraudes ! Une fabuleuse richesse vous attend sous les vagues. Mais attention ! Des requins mangeurs d'hommes, des monstres marins et d'autres dangers rôdent en dessous pour protéger ce trésor englouti. Beaucoup ont essayé ces eaux et ont gagné. Ceux qui perdent ne sont jamais revenus. Venez chercher si vous osez.
Sky Diver (Europe)	Sky Diver pour Atari VCS 2600 est un jeu de sport développé par Atari mettant le saut en parachute à l'honneur. Le jeu se joue à 2 et le but est de récolter le plus de points après avoir effectué 9 sauts. Les points sont calculés selon le moment d'ouverture du parachute et le point d'atterrissage.
Sky Diver ~ Dare Diver (USA)	Sky Diver pour Atari VCS 2600 est un jeu de sport développé par Atari mettant le saut en parachute à l'honneur. Le jeu se joue à 2 et le but est de récolter le plus de points après avoir effectué 9 sauts. Les points sont calculés selon le moment d'ouverture du parachute et le point d'atterrissage.
Sky Jinks (USA)	Sky Jinks est un jeu de course / adresse sur Atari VCS 2600 où vous devez slalomer en avion entre des pilonnes tout en évitant les autres obstacles. Le but est de faire le meilleur temps en passant le plus de pilonnes. Si vous touchez un obstacle, vous ne perdrez pas de vie, mais vous serez fortement ralenti.
Sky Patrol (USA) (Proto)	Le jeu a été inspiré par l'expérience du concepteur Brad Stewart qui a aidé une équipe au sol de montgolfière, alors qu'il était au collège, et devait être une course entre deux ballons (avec une option à deux joueurs). Bien que l'œuvre représente des biplans/triplans de la Première Guerre mondiale, aucun n'était prévu. L'aire de jeu est de 2 écrans de haut et 27 écrans de large.
Sky Skipper (USA)	Vous pilotez un avion et devez sauver les animaux des cages où ils étaient placés par des gorilles. Pour ce faire, vous survolez un gorille et larguez une bombe, faisant tomber le gorille de ses pieds. Une fois cela fait, les animaux seront sortis de leurs cages et il vous suffit de toucher chacun pour le sauver. Les cages d'animaux ne seront ouvertes que pour un temps limité, puis le gorille se remettra sur pied. Vous devez ensuite l'abattre à nouveau. Vous ne devez pas prendre trop de temps pour sauver les animaux ou vous manquerez de carburant. Si vous manquez de carburant, rencontrez un gorille ou les murs du parcours ou, étrangement, un nuage, vous perdez un avion. Vous commencez le jeu avec quatre avions.
Skydiver (Europe)	Avant de commencer le jeu, le joueur doit choisir s'il veut parcourir 15 000, 10 000 ou 5 000 kilomètres par niveau (plus de kilomètres allongent chaque niveau). Après cela, l'action commence: le joueur doit guider un parachutiste vers le continent en évitant les hélicoptères, les oiseaux et les montgolfières qui parcourent le ciel. Chaque niveau se termine en touchant le sol en évitant le soldat qui est en patrouille dans la zone. Si le parachutiste atterrit au milieu de l'écran, il recevra 1000 points pour l'exploit et une vie supplémentaire. Atterrir loin du centre signifiera moins de gain de points, mais vous recevrez toujours une vie de cadeau.
Slot Machine ~ Slots (USA)	Slot Machine pour Atari VCS 2600 est un jeu de simulation de machines à sous développé par Atari. Jouable seul ou à plusieurs, le but du jeu est de gagner le plus d'argent possible. La partie se termine quand un des joueurs (ou le joueur) n'a plus d'argent.
Slot Racers (Europe)	Slot Racers pour Atari VCS 2600 est un jeu d'action développé par Atari. Chaque joueur contrôle une voiture dotée d'un lance-missiles. Le but est de se déplacer dans l'un des quatre labyrinthes proposés et de tirer des missiles sur l'adversaire quand c'est possible. Le premier qui touche son adversaire 25 fois l'emporte.
Slot Racers ~ Maze (USA)	Slot Racers pour Atari VCS 2600 est un jeu d'action développé par Atari. Chaque joueur contrôle une voiture dotée d'un lance-missiles. Le but est de se déplacer dans l'un des quatre labyrinthes proposés et de tirer des missiles sur l'adversaire quand c'est possible. Le premier qui touche son adversaire 25 fois l'emporte.
Smurf (Europe)	Gargamel a enlevé la Schtroumpfette. En tant que Schtroumpf, vous devez marcher du village Schtroumpf à travers une forêt et une grotte sur le chemin du château de Gargamel, où la Schtroumpfette attend d'être délivrée.
Smurf - Rescue in Gargamel's Castle (USA)	Gargamel a enlevé la Schtroumpfette. En tant que Schtroumpf, vous devez marcher du village Schtroumpf à travers une forêt et une grotte sur le chemin du château de Gargamel, où la Schtroumpfette attend d'être délivrée.
Smurfs Save the Day (USA)	Dans ce jeu d'apprentissage pour enfants, vous apprenez la musique, le tri et le mélange des couleurs. Avec Harmony Smurf, l'ordinateur jouera quatre, cinq ou six notes et vous devez les répéter. Une fois les notes jouées, elles tombent au sol et vous devez les mettre à leur place. Le niveau le plus élevé a des notes invisibles, vous devez faire correspondre uniquement le son.
Snail Against Squirrel (Europe)	Auriez-vous l'amabilité d'aider un petit écureuil qui joue souvent dans les bois ? Je suis un écureuil très, très sympathique, je jure que je n'ai jamais l'intention de blesser ce pauvre escargot. Comme il fait de plus en plus froid, je ne veux rien de plus que d'entreposer quelques noix dans mes grottes, de peur de ne plus l'être après l'hiver. Mais pourquoi cet escargot cupide se cache toujours quelque part pour me voler mes noix, comme ces hommes de la route ? Vous voyez dans quel dilemme je suis impliqué? Pour se tenir à l'écart de cet escargot rusé, devrais-je aller porter la noix à ma grotte ou en ramasser une fraîchement mûre ?
Sneak 'n Peek (USA)	Sneak 'N Peek est une version informatisée du jeu cache-cache. Le jeu est joué par deux joueurs (ou un joueur contre l'ordinateur); un joueur fermera les yeux pendant que l'autre se cache quelque part. Une fois que le deuxième joueur est caché, le premier joueur doit le localiser le plus rapidement possible. Une fois le deuxième joueur localisé, les rôles seront inversés.
Snoopy and the Red Baron (USA)	Snoopy and the Red Baron est un jeu sorti sur Atari VCS 2600. Le but est de détruire le Baron Rouge à bord de votre avion en évitant tous les obstacles.
Snow White and the Seven Dwarfs (USA) (Proto)	Oh, non ! La méchante reine a créé une pomme empoisonnée et veut la donner à Blanche-Neige ! Nous, les sept nains, devons trouver le Prince Charmant pour qu'il puisse la sauver ! Vous incarnez l'un des sept nains. Tout d'abord, vous vous déplacez dans votre mine de diamants, en collectant des diamants. Vous pouvez collecter jusqu'à douze diamants mais vous devez collecter un rubis pour quitter la mine. En réglage HARD, évitez les obstacles et les chutes de pierres. Après avoir récupéré le rubis, vous devez traverser une rivière sur un rondin. Vous pouvez appuyer sur votre bouton pour utiliser la magie d'un diamant et faire fuir la chauve-souris pendant un court instant.
Solar Fox (USA)	Dans le cadre d'une mission audacieuse pour sauver une Terre en proie au manque d'énergie, vous devez convoyer dans votre vaisseau spatial à travers une matrice complexe, de précieuses cellules solaires. Plus vite vous effacez la matrice, plus votre récompense est grande! Des sentinelles menaçantes oscillent le long du périmètre et criblent le champ d'énergie de boules de feu. Leur moindre contact réduira votre vaisseau en cendres. Sans défense, vous devez vous faufiler entre elles jusqu'à ce que la dernière cellule solaire soit sécurisée! L'action devient de plus en plus ardue à mesure que vous rencontrez des matrices de cellules solaires plus dangereuses et plus sournoises. Mais le test suprême vous attend dans les mystérieux Challenge Racks, où des compétences expertes vous permettront de découvrir le secret ultime de votre mission! Pourrez-vous parvenir à la toute fin... si toutefois, il y en a une?
Solar Storm (USA)	Solar Storm est un jeu d'arcade sorti sur Atari VCS 2600. Le joueur y contrôle un vaisseau spatial chargé de défendre sa planète contre d'autres vaisseaux ennemis et contre les débris d'une explosion solaire.
Solaris (USA)	Le jeu Solaris sur Atari VCS 2600 vous met aux commandes d'un vaisseau évoluant dans la galaxie Solaris. Le jeu offre 3 environnements différents dans lesquels le joueur peut se rendre. Le but est de détruire tous les combattants Zylon restant dans la galaxie.
Sorcerer (USA)	Sorcier est un jeu d'arcade de type action qui a lieu il y a longtemps quand les sorciers et les sorciers régnaient sur la terre. Les sorciers maléfiques ont décidé de tenter de conquérir la terre, et ont envoyé de nombreuses vagues de créatures pour arrêter tous les bons sorciers. Votre but est de détruire les différentes créatures! Sur l'écran de début du jeu, il y a une plate-forme volante : vous devez sauter et attraper cette plate-forme qui vous permettra de voler n'importe où sur l'écran. Ensuite, vous aurez besoin de combattre écran après écran de créatures dangereuses en tirant une charge d'énergie sur eux. Après que vous avez réussi à détruire les créatures sur l'écran actuel, un trésor sera laissé derrière qui peut être recueilli pour les points bonus et ensuite vous pouvez passer à l'écran suivant. De temps en temps, vous pouvez également rencontrer un nuage avec des éclairs mortels que vous devez éviter! Plus vous survivez, plus les ennemis deviennent rapides. Deux niveaux de difficulté ainsi qu'un mode de pratique sont disponibles.
Sorcerer's Apprentice (USA)	Basé sur le classique animé de Disney &quot;Fantasia&quot;, Sorcerer's Apprentice met les joueurs en charge de Mickey Mouse comme il recueille et tire des étoiles et des météores sur le sommet des montagnes pour empêcher les balais ambulants de remplir la caverne du sorcier ci-dessous.. Pour chaque étoile capturée, un seau semble retirer une partie de l'eau de la caverne. Mickey a également la possibilité d'attraper les balais avant qu'ils arrivent au bas de l'escalier et inonder la caverne plus loin. Si Mickey ne fournit pas assez de seaux ou arrête les balais, il inondera la caverne et le jeu sera terminé.
Sound (USA, Europe) (Demo) (Atari Anthology)	Un programme affichant une horloge colorée associée avec des personnages mobiles et multicolores.
Space Attack (USA)	Le but du jeu est de défendre votre vaisseau mère contre les extraterrestres. Vous avez 3 escadrons, avec 3 navires dans chaque escadron. Les étrangers ont 6 flottes de différentes tailles. Détruisez toutes les flottes extraterrestres et vous gagnerez !
Space Cavern (USA)	Vous êtes le commandant d'un vaisseau intergalactique en mission : explorer de nouvelles planètes étranges. Après avoir atterri sur une nouvelle planète et commencé à explorer les nombreuses cavernes, vous découvrez que la planète est habitée par les mortels Electrosauri. Ces créatures peuvent générer des charges électriques mortelles, et sont maintenant après vous!
Space Invaders (USA)	La Terre est sous le feu de bombardiers aliens, vous devez la défendre ! Les rangs ennemis débutent en haut de l'écran et vous contrôlez un canon laser, situé en bas de celui-ci. Votre objectif est de gagner des points en détruisant les aliens avant qu'ils ne puissent atterrir. Les vaisseaux extraterrestres se déplacent incessamment entre la gauche et la droite. À chaque fois qu'ils approchent d'un bord de l'écran ils repartent dans l'autre sens en descendant d'un cran. Détruisez-les tous et vous parviendrez au prochain niveau, d'une difficulté supérieure, mais si l'un d'entre eux parvient à se poser, c'est perdu. De temps à autre, une soucoupe volante fera son apparition en haut de l'écran, détruisez-la pour obtenir des points supplémentaires. Au-dessus de votre canon laser, trois boucliers peuvent vous protéger des bombes ennemies mais ils bloquent également vos tirs. Vous débutez le jeu avec un nombre limité de canons, s'ils sont tous détruit la partie prend fin.
Space Jockey (USA)	Space Jockey est un jeu de tir où votre but est de gagner autant de points que possible en faisant en sorte que votre soucoupe abatte les divers ennemis qui volent devant elle. Des chars, des avions à réaction, des avions à hélices, des hélicoptères, des ballons météo et même des arbres et des maisons défileront à l'écran et tenteront de détruire votre soucoupe.
Space Shuttle - A Journey into Space (USA)	Space Shuttle est un jeu de simulation dans lequel vous êtes le pilote de la navette spatiale Discovery. Votre objectif est de lancer la navette Discovery, d'établir une orbite autour de la Terre, d'ouvrir les portes de la soute et de récupérer un satellite pour effectuer des réparations, et enfin de faire atterrir la navette avec succès, tout en utilisant le moins de carburant possible. Chaque fois que la mission complète est accomplie, elle se répète à un niveau de difficulté supérieur (dans les niveaux de difficulté supérieurs, le satellite a une trajectoire de vol plus erratique). Le jeu se joue à la première personne dans le cockpit de la navette spatiale, où vous pouvez tout contrôler, des moteurs de la navette aux portes de la soute. À la fin du jeu, vous obtiendrez un classement basé sur le nombre d'amarrages réussis et la quantité de carburant utilisée.
Space Tunnel (USA)	Vous êtes le capitaine d'une flotte spatiale et entrez accidentellement dans un tunnel de l'univers où vous êtes attaqué de toutes parts par des stars étrangères et par des OVNI, qui vous lancent un type de missiles énergétiques.
Space War (Europe)	Space War pour Atari VCS 2600 est un jeu de tir développé par Atari. Le jeu est conçu pour 2 joueurs, même si quelques variantes permettent de jouer seul. Il existe deux mode de jeu : Space War et Shuttle War. Space War est le mode basique où il faut détruire le vaisseau spatial adverse avant d'arriver à court de munitions ou de carburant. Shuttle War est un mode basé sur la précision et la rapidité du joueur à se mettre à quai.
Space War ~ Space Combat (USA)	Space War pour Atari VCS 2600 est un jeu de tir développé par Atari. Le jeu est conçu pour 2 joueurs, même si quelques variantes permettent de jouer seul. Il existe deux mode de jeu : Space War et Shuttle War. Space War est le mode basique où il faut détruire le vaisseau spatial adverse avant d'arriver à court de munitions ou de carburant. Shuttle War est un mode basé sur la précision et la rapidité du joueur à se mettre à quai.
Spacechase (USA)	Vous êtes en mission de reconnaissance basée sur la lune dans un Mark 16 Starcruiser. Soudain, des vaisseaux ennemis se téléportent et lancent des missiles à neutrons qui peuvent le détruire. Vous devez détruire les vaisseaux ennemis jusqu'à l'arrivée des renforts. L'ennemi a aussi des missiles à protons dirigés au laser qui sont tirés avec modération. Sachez qu'au fur et à mesure de la bataille, les extraterrestres seront plus désespérés et utiliseront les missiles à protons.
SpaceMaster X-7 (USA)	Vous êtes sur un vaisseau d'assaut, qui a été conçu pour détruire les bases militaires d'Hyperion. Vous devez tirer sur les bases suffisamment de fois pour que le compteur d'énergie en bas aille du &quot; +&quot; au &quot;-&quot;. Une fois que le métro arrivera à &quot;-&quot; la base va exploser. Évidemment, la base n'est pas une cible facile. Il y a un champ de force qui se dilate et se rétrécit, défenseurs de la base et, dans les rondes élevées, boucliers. Le champ de force a un trou par lequel vous pouvez tirer à travers ou vous pouvez manoeuvrer à l'intérieur du champ et tirer sur la base de près. Mais fais attention, parce que tu peux être coincé dans le champ. Si vous touchez un bouclier, le champ de force , la base ou vous êtes touché par un défenseur, une vie est perdue.
Spider Fighter (USA)	Spider Fighter est un jeu d'action de style arcade, un peu similaire à Space Invaders. Vous contrôlez un blaster au bas de l'écran et devez défendre les trois fruits en haut à droite de l'écran. Différents types d'araignées attaquantes se déplacent rapidement, essayant de détruire votre blaster et de voler le fruit.
Spider-Man (USA)	Green Goblin a placé une super bombe au sommet d'une tour à haute tension située au sommet d'un gratte-ciel ! En tant que Spider-Man, vous devez escalader le bâtiment et désamorcer la bombe. Utilisez votre toile pour grimper au bâtiment, mais faites attention aux acolytes de Green Goblin qui apparaissent par les fenêtres pour vous arrêter.
Spike's Peak (USA)	Spike's Peak est un jeu d'arcade sorti sur Atari VCS 2600. A chaque niveau de difficulté, le but est d'atteindre le sommet de la montagne en évitant les ennemis.
Spitfire Attack (USA)	Vous êtes un pilote de chasse américain. Votre mission consiste à abattre les avions ennemis. Si vous volez trop bas, vous recevrez un avertissement de basse altitude. Si vous ne corrigez pas, vous vous écraserez.
Springer (USA)	Vous êtes Springer le lapin. Vous devez sauter de nuage en nuage en recueillant tout ce que vous pouvez pour atteindre le soleil. Vous devez sauter d'un nuage à l'autre et toucher les objets ou les oeufs pour les recueillir. Si un oeuf éclose dans un dragon, vous pouvez donner un coup de pied au dragon pour le recueillir. Il y a un minuteur bonus avec un compte à rebours sur l'écran afin de ne pas retarder. Une fois que vous atteignez le soleil au sommet, alors vous passez un niveau plus difficile.
Springteufel, Die (Germany)	Vous êtes un agent secret envoyé dans une importante mission de récupération de documents ennemis. Il y a des assassins ennemis qui essaient de vous arrêter.
Sprint Master (USA)	Sprint Master est un jeu de course d'action similaire à Super Sprint. Le jeu se joue avec une vue aérienne du circuit, et le premier des deux joueurs à courir autour de la piste pour le nombre de tours requis gagne !
Spy Hunter (USA)	Dans Spy Hunter, l'action se déroule en vue de dessus. Votre voiture est équipée de mitrailleuses pour vous aider à éliminer les nombreux ennemis sur la route mais veillez à ne pas tirer sur les civils. De temps en temps, vous rencontrerez un fourgon d'armes, et si vous foncez dessus, votre voiture sera équipée d'une deuxième arme. À plusieurs endroits, la route se divise et vous pouvez entrer dans un hangar pour transformer temporairement votre voiture en bateau. Des voitures essaieront de vous sortir de la route, des ennemis vous tireront dessus depuis l'arrière d'une limousine et des hélicoptères vous largueront des bombes.
Squeeze Box (USA)	Dans Squeeze Box, votre objectif est de vous échapper de prison ! Pour cela, vous devrez vous frayer un chemin à travers le mur du côté gauche ou du côté droit de l'écran. Une fois qu'un trou assez grand pour traverser est formé, vous pouvez l'utiliser pour vous échapper au prochain écran.
Squirrel ~ O Esquilo (USA)	Auriez-vous l'amabilité d'aider un petit écureuil qui joue souvent dans les bois ? Je suis un écureuil très, très sympathique, je jure que je n'ai jamais l'intention de blesser ce pauvre escargot. Comme il fait de plus en plus froid, je ne veux rien de plus que d'entreposer quelques noix dans mes grottes, de peur de ne plus l'être après l'hiver. Mais pourquoi cet escargot cupide se cache toujours quelque part pour me voler mes noix, comme ces hommes de la route ? Vous voyez dans quel dilemme je suis impliqué? Pour se tenir à l'écart de cet escargot rusé, devrais-je aller porter la noix à ma grotte ou en ramasser une fraîchement mûre ?
Sssnake (USA)	Vous étiez en train de chasser en Amazonie lorsque vous êtes devenu la proie des créatures préhistoriques. Vous avez trouvé une forteresse avec un gros canon. Maintenant, vous devez éviter les serpents qui entrent et sortent et tirez les créatures à travers les trous des briques de la forteresse.
Stampede (USA)	Stampede est un jeu d'action / adresse dans lequel le joueur est à cheval et doit capturer des veaux à l'aide de son lasso tout en évitant les obstacles. Le but est de faire le meilleur score possible.
Star Fox (USA)	Vous contrôlez un vaisseau spatial sur une planète étrangère avec pour mission de collecter de précieux cristaux. Les cristaux sont situés à la surface des planètes ou quelque part dans l'atmosphère. Lorsque vous localisez un cristal, vous devez voler dans l'atmosphère des planètes pour le récupérer.
Star Raiders (USA)	Star Raiders est un jeu vidéo de simulation de combat spatial édité par Atari Inc. sur Atari 8-bit, Atari 2600, Atari 5200 et Atari ST. Programmé par Doug Neubauer, le jeu simule des combats en 3D entre le puissant vaisseau dirigé par le joueur et une flotte de vaisseaux extraterrestres (les Zylons). Star Raiders se distinguait par ses graphismes qui, en plus de diverses cartes et scanner à longue portée, offraient une vue à la première personne vers l'avant et vers l'arrière, avec des mouvements transmis par un champ d'étoiles 3D en continu lorsque le joueur engageait le combat contre un vaisseau spatial ennemi.
Star Ship ~ Outer Space (USA)	Star Ship est un jeu d'arcade paru sur Atari VCS 2600 qui comprend 3 mini-jeux. Dans le premier, vous devez détruire tous vos ennemis à bord d'un vaisseau spatial. Dans le second, vous devez parcourir le maximum de distance en évitant les astéroïdes. Enfin, dans le dernier, vous devez faire atterrir votre vaisseau sur une lune en mouvement.
Star Strike (USA)	Star Strike est clairement inspiré de la séquence de bataille de Death Star dans le film Star Wars. Vous faites voler un vaisseau spatial dans la tranchée de lancement ennemie. Votre mission : détruire la station extraterrestre avant que la Terre ne passe directement au-dessus de la tranchée de lancement. Vous devez échapper aux vaisseaux extraterrestres qui défendent la tranchée de lancement tout en étant sûr de bombarder les &quot;cibles chaudes&quot; rouges.
Star Trek - Strategic Operations Simulator (USA)	Star Trek : Strategic Operations Simulator est un jeu d'action arcade dans lequel vous prenez le contrôle de vaisseau spatial Enterprise. Votre mission est de sauver la Fédération de NOMAD ! Avant de pouvoir détruire NOMAD, vous devrez vous frayer un chemin à travers dix niveaux. À chaque tour, vous pourrez rencontrer des combattants Klingons, des soucoupes mortelles anti-matière, des champs d'astéroïdes et des météores mortels, tous capables d'épuiser l'énergie de l'Enterprise.
Star Voyager (World)	Star Voyager est un jeu d'action similaire à Star Raiders. Vous contrôlez le vaisseau spatial Star Voyager du point de vue de la première personne; Votre objectif est de vous frayer un chemin à travers sept portails étoilés pour sauver le Capital Starport, en détruisant les navires ennemis le long du chemin.
Star Wars - Jedi Arena (USA)	Jedi Arena est un jeu d'arcade paru sur Atari VCS 2600. Vous y incarnez un jedi qui doit prouver sa valeur dans une arène face à toute une gamme d'adversaires.
Star Wars - Return of the Jedi - Death Star Battle (USA)	Star Wars : Return of the Jedi, Death Star Battle est un jeu d'arcade sur Atari VCS 2600. Il est basé sur l'épisode VI de la saga et le joueur doit y détruire l'étoile noire avant sa finalisation.
Star Wars - Return of the Jedi - Ewok Adventure (USA) (Proto)	Star Wars: Return of the Jedi: Ewok Adventure, également connu sous le nom de Revenge of the Jedi: Game I, est un jeu vidéo shoot 'em up de 1983 basé sur le film Star Wars 1983 Return of the Jedi. Le jeu a été développé par Atari Games et devait être publié par Parker Brothers sur l'Atari 2600. Bien qu'il soit terminé, le jeu n'a jamais été mis en vente, car le service marketing de Parker Brothers considérait les commandes trop difficiles à maîtriser.
Star Wars - The Arcade Game (USA)	Star Wars : The Arcade Game est un jeu d'arcade sorti sur Atari VCS 2600. Luke Skywalker doit tuer des hordes d'ennemis avant de pouvoir attaquer l'étoile noire.
Star Wars - The Empire Strikes Back (USA)	Star Wars: The Empire Strikes Back recrée une scène du film du même nom. Vous êtes sur la planète glacée de Hoth, et Imperial Walkers se rapproche du générateur d'énergie rebelle. En tant que pilote d'un snowspeeder, vous devez retirer autant de marcheurs que possible. Les marcheurs sont lourdement blindés, et il faudra beaucoup de puissance de feu pour en détruire un! Le jeu se joue sur un grand écran défilant avec un écran radar en bas pour aider à garder une trace de l'endroit où se trouve l'ennemi. Si un marcheur atteint le générateur de puissance ou si vous manquez de speeders, le jeu est terminé. Bonne chance et que la force soit avec toi!
Stargate (USA)	Stargate fut renommé plus tard Defender 2 (à la suite d'un procès). Il s'agit donc du même jeu que Defender 2, à cela près que le nom a changé ! Stargate est un jeu sorti sur Atari VCS 2600. A bord d'un vaisseau spatial, vous devez sauver des humanoïdes puis les amener à la porte des étoiles tout en détruisant vos ennemis.
Stargunner (USA)	Stargunner est un jeu sur Atari 2600 où le joueur doit détruire les vaisseaux envahisseurs tout en évitant les tirs ennemis. L'avatar se déplace librement à l'écran pour faire face aux différentes vagues arrivant des bords de l'écran.
StarMaster (USA)	Préparez-vous à quitter le monde tel que vous le connaissez. Vous êtes aux commandes du jeu vidéo spatial le plus sophistiqué et le plus puissant jamais conçu. En naviguant dans l'obscurité de l'espace lointain, vous affichez la carte galactique sur votre écran. Le radar révèle que des chasseurs ennemis se rapprochent de l'une des bases stellaires que vous avez juré de protéger. Vos ordinateurs de bord calculent instantanément l'énergie nécessaire à l'interception. Allumez vos moteurs et passez en hyperespace. Les étoiles et les pluies de météores défilent à l'entrée d'un secteur ennemi. Alors, la bataille commence. Vos canons laser tirent sur les chasseurs ennemis. Mais attendez ! Les rapports de dégâts montrent que les tirs ennemis ont détruit vos boucliers défensifs. Rapidement mais prudemment, vous manœuvrez à travers la galaxie pour vous amarrer à votre base stellaire en vue de réparations. Et, imperturbable, vous revenez pour accomplir votre mission.
Starmaster - International Edition (Europe)	Préparez-vous à quitter le monde tel que vous le connaissez. Vous êtes aux commandes du jeu vidéo spatial le plus sophistiqué et le plus puissant jamais conçu. En naviguant dans l'obscurité de l'espace lointain, vous affichez la carte galactique sur votre écran. Le radar révèle que des chasseurs ennemis se rapprochent de l'une des bases stellaires que vous avez juré de protéger. Vos ordinateurs de bord calculent instantanément l'énergie nécessaire à l'interception. Allumez vos moteurs et passez en hyperespace. Les étoiles et les pluies de météores défilent à l'entrée d'un secteur ennemi. Alors, la bataille commence. Vos canons laser tirent sur les chasseurs ennemis. Mais attendez ! Les rapports de dégâts montrent que les tirs ennemis ont détruit vos boucliers défensifs. Rapidement mais prudemment, vous manœuvrez à travers la galaxie pour vous amarrer à votre base stellaire en vue de réparations. Et, imperturbable, vous revenez pour accomplir votre mission.
Steeplechase (USA)	Steeplechase pour Atari VCS 2600 est un jeu de sport développé par Atari. Le joueur incarne un jockey prenant part à une course d'obstacles. Le but du jeu est d'arriver le premier à l'autre bout de la piste avant que le chrono ne se termine. Le cas échéant, c'est le joueur en tête qui gagne. Plusieurs niveaux de difficulté sont disponibles. Ils influent sur la performance de l'IA et la distance entre les haies.
Stellar Track (USA)	Ceci est une version Atari 2600 d'un Star Trek. Il n'a pas de graphiques, seulement du texte. Vous utilisez le joystick, en vous déplaçant vers la gauche ou la droite, pour sélectionner la commande souhaitée, puis appuyez sur le bouton rouge. Vous déplacez ensuite le joystick vers la gauche ou la droite pour sélectionner définir les paramètres de cette commande, s'il en existe. Vous commencez par appuyer sur Reset ou Select pour choisir combien d'ennemis vous devez tuer dans combien d'étoiles.
Stone Age (USA)	Vous êtes revenus à des millions d'années dans le monde sauvage de l'âge de pierre où il n'y a que d'énormes pierres et des dinosaures affamés. Votre mission est de tuer tous les dinosaures, rendant le monde plus sûr pour votre progéniture. Si vous ne pouvez pas, le monde ne sera jamais ce qu'il est aujourd'hui. Le destin du monde est entre vos mains. Vous devrez être courageux et remplir votre mission. Bonne chance!
Strahlen der Teufelsvogel (Germany)	Vous seul pouvez sauver Atlantis, l'une des plus grandes civilisations que l'homme n'ai jamais connu ! Vous commandez les trois postes de défense qui gardent le ciel. La vile Flotte Gorgon va descendre sur Atlantis, votre mission : la détruire - ou périr ! A 1 ou 2 joueurs, défendez donc la cité, mais sachez-le : plus vous tiendrez, plus ils arriveront vite... Et si les Gorgons détruisent vos 7 bases, la cité fabuleuse sera rayée de la carte... Aux armes, annihilez-les !
Strategy X (USA)	Vous êtes un tank qui doit franchir des obstacles et éviter les tirs ennemis pour atteindre une base située à l'extrémité du parcours. Cependant, vous ne devez pas attendre plus longtemps, car vous manquerez de carburant. Il y a des dépôts de carburant le long du parcours qui peuvent vous remplir, mais sachez que parfois les canons ennemis les détruisent avant que vous ne puissiez les récupérer.
Stronghold (USA)	Vous êtes envoyé pour vérifier une base d'astéroïdes abandonnée appelée Stronghold. Lorsque vous vous approchez, les drones sont jetés de la surface. Il est peut-être abandonné, mais apparemment le système de défense automatique fonctionne toujours. Vous devez tirer ou d'éviter les drones. Les drones sont clonés et voyagent dans des ensembles, tirer sur n'importe quel drone détruit tous ceux de l'ensemble, si elles sont destructibles. Vous pouvez vous déplacer dans n'importe quelle direction mais vous ne pouvez pas tirer directement à gauche ou à droite. Après avoir passé les drones, trois boucliers se forment près du bas de l'écran. De plus, des vaisseaux d'interception et de patrouille apparaissent. Les intercepteurs vous traquent, vous et les vaisseaux de patrouille.
Stunt Cycle (USA) (Proto)	Stunt Cycle est un jeu vidéo d'arcade développé par Atari et sorti en 1976. On y incarne un pilote de moto-cross. Le jeu est accueilli par une borne spécifiquement conçue, qui comporte une imitation de guidon. Celui-ci dispose de poignées rotatives, permettant de modifier la vitesse du joueur à l'écran. L'écran affiche trois pistes disposées l'une au-dessus de l'autre, reliées par deux tuyaux imprimés sur la vitre. La moto du joueur avance toute seule, d'abord de gauche à droite, changeant de sens à chaque transition entre deux pistes. La troisième et dernière piste présente une rangée d'autobus encadrée par deux rampes. Le but du jeu est de moduler sa vitesse pour que la moto saute au-dessus de l'obstacle et effectue un atterrissage réussi. En sortie de la troisième piste, le joueur réapparaît au début de la première, et le processus se répète jusqu'à ce que la moto tombe ou atterrisse entre les deux rampes (sachant que la rangée d'autobus s'allonge au fur et à mesure que le joueur progresse).
Stunt Man (USA)	Vous commencez Stuntman avec 4 vies et un besoin de monter des cordes mobiles et finalement atteindre un hélicoptère au sommet de l'écran. Comme vous essayez de monter vers le haut, il y a une variété d'ennemis qui feront de leur mieux pour vous dissuader. Un serpent se ballade le fond de l'écran. Votre seul choix est de l'éviter. En grimpant sur les cordes, les oiseaux vous feront tomber des cordes s'ils vous touchent. Les éviter devient problématique lorsque tout est en mouvement. Une variété d'ennemis apparaissent lorsque vous atteignez les niveaux supérieurs. Vous commencez avec les oiseaux qui vous feront tomber des cordes. Vous rencontrerez également Devil Faces et des ballons. Chaque ennemis et obstacles est manipulé différemment. Les Devil Faces doivent être battus avec un bâton. Ils se transforment en oiseaux qui doivent être évités. Les ballons doivent être saisis par leur ficelle et navigué vers le bas de l'écran.
Sub-Scan (USA)	Des sous-marins ennemis ont été détectés dans vos eaux. Vous commandez un destroyer qui peut lancer jusqu'à quatre charges à la fois. Votre mission est de couler autant de sous-marins ennemis que possible.
Submarine Commander (USA)	Vous êtes le commandant d'un sous-marin dans les eaux ennemies. Utilisez vos compétences, votre radar et votre chance pour abattre les navires ennemis. Avec 8 réglages de difficulté, il y a beaucoup de choses à maîtriser car vous devez commencer à garder un œil sur votre carburant, vos torpilles, votre radar et votre ennemi tout en évitant les charges de profondeur lorsque la difficulté augmente. Vous pouvez tirer jusqu'à deux torpilles à la fois. Le périscope peut tourner à 360 degrés et regarder à l'horizon ou près de votre sous-marin. Certains vaisseaux se déplacent plus lentement que d'autres, et l'un des vaisseaux se déplace si vite que la seule façon de le toucher est de le suivre par radar plutôt que visuellement.
Subterranea (USA)	Subterranea est un jeu d'arcade sorti sur Atari VCS 2600. Sur différents niveaux de difficulté, le joueur y incarne un plongeur qui doit tuer des monstres dans une grotte sous-marine, puis récupérer un cristal.
Suicide Mission (USA)	Suicide Mission est un jeu d'action arcade similaire à Asteroids. Vous contrôlez un sous-marin microscopique qui navigue dans le sang d'une personne infectée par un virus. Votre objectif est de détruire le virus ! Chaque fois que vous tirez sur une cellule infectée par le virus, celle-ci se divise en plus petits morceaux. Finalement, les morceaux seront assez petits pour pouvoir être détruits. Lorsque tout a été détruit, vous pouvez passer au niveau suivant, plus difficile. Le jeu comporte trois niveaux de difficulté, et vous pouvez choisir l'un des deux styles de tir pour votre sous-marin (torpilles simples ou tir rapide).
Summer Games (USA)	Summer Games permet aux joueurs de participer à une série d'épreuves olympiques sur le thème des jeux d'été. Le gameplay est similaire aux autres jeux de la série &quot;games&quot; d'Epyx. Chaque joueur peut choisir un pays à représenter, puis à tour de rôle participer à différentes épreuves pour voir qui va gagner la médaille d'or! Le jeu vous permet de participer à toutes les épreuves, de choisir certaines épreuves, de n'en choisir qu'une seule ou de vous entrainer. Les épreuves disponibles varient légèrement en fonction de la plate-forme et peuvent inclure: 1. Saut à la perche 2. Plongeon sur plateforme 3. Relais 4x400 mètres 4. 100 mètres 5. Gymnastique 6. Nage libre 7. Tir au pigeon d'argile 8. 100 mètres nage libre 9. Aviron
Super Baseball (USA)	Ce jeu est une version modifiée de RealSports Baseball. Les contrôles de jeu sont identiques. Les modifications sont que les graphiques et les couleurs ont été changés.
Super Breakout (USA)	Super Breakout propose un gameplay similaire à l'original, mais avec de nouvelles variantes. Votre objectif est de marquer le plus de points possible en détruisant les briques situées en haut de l'écran. Pour ce faire, vous devez utiliser la raquette située en bas de l'écran pour maintenir une balle rebondissante à l'intérieur du terrain de jeu. Quatre variantes de jeu sont incluses. La première est &quot;Breakout&quot; et se joue comme le jeu original.
Super Challenge Baseball (USA)	Le but du jeu est de marquer le plus de points en 9 manches ou plus. La plupart des règles de baseball professionnel s'appliquent : 3 frappes pour un retrait, 4 balles pour une promenade, les 2 premières balles incriminées comptent pour des frappes. Chaque joueur contrôle une équipe de 8 personnes. Une équipe est sur le terrain pendant que l'autre équipe est au bâton
Super Challenge Football (USA)	Le but du jeu est de sur-marquer votre adversaire. Il y a des passes, des courses, des blocages et des touchés ! Simulation de quarts de 15 minutes. Vous définissez à la fois l'offensive et la défense. Contrôle individuel du quarterback et du linebacker.
Super Cobra (USA)	Vous êtes pilote d'hélicoptère en mission de surveillance en territoire ennemi. Votre objectif est de traverser les différents parcours du combattant et de marquer le plus de points possible. De grands bâtiments, des montagnes, des tunnels étroits et divers ennemis (tels que des chars, des roquettes, des mines, etc.) peuvent tous gêner et détruire votre hélicoptère si vous ne faites pas attention.
Super Football (USA)	Le joueur 1 commence toujours en attaque et porte des maillots rouges. L'ordinateur (ou le joueur 2) commence en défense et porte des maillots bleus. Vous avez le choix entre passer ou courir. En attaque, vous contrôlez le quarterback jusqu'à ce qu'il passe le ballon. Vous contrôlez alors le receveur. Le quarterback ne peut pas faire de passe après avoir franchi la ligne de mêlée. En défense, vous contrôlez le corner.
Super-Ferrari (Germany)	Jeu de course typique. Vous devez éviter les autres voitures avec votre Formule 1 pour devenir le premier de ce Grand Prix.
Superman (USA)	Superman sur Atari VCS 2600 un jeu d'action développé par Atari. Dans sa première adaptation sur consoles, Superman a pour mission de sauver Metropolis de l'emprise de Lex Luthor. Il devra voler parmi les gratte-ciel de la ville en évitant les obstacles placés sur sa route et en envoyant en prison les bandits qu'il croisera.
Surfer's Paradise - But Danger Below! (Europe)	Surfer's Paradise But Danger Below ! est un jeu paru sur Atari VCS 2600. Le joueur y incarne un surfeur qui doit rester en haut de sa vague en évitant de se faire manger par les requins qui rôdent.
Surround (Europe)	Surround est un jeu d'arcade sorti sur Atari VCS 2600. Chaque joueur contrôle un serpent et gagne des points lorsque l'autre joueur lui fonce dessus.
Surround ~ Chase (USA)	Surround est un jeu d'arcade sorti sur Atari VCS 2600. Chaque joueur contrôle un serpent et gagne des points lorsque l'autre joueur lui fonce dessus.
Survival Island (USA)	Survival Island est un jeu sorti sur Atari VCS 2600. Le joueur échoue sur une île mystérieuse et doit collecter des objets pour survivre tout en évitant les ennemis et les bêtes sauvages qui le menacent.
Survival Run (USA)	Dans ce jeu, vous êtes entré dans des grottes souterraines sur une autre planète. En essayant de faire votre chemin, vous devez détruire les vaisseaux ennemis et les champs de force. Vous déplacez le réticule de la cible en déplaçant le joystick en appuyant sur le bouton rouge. Vous pouvez voir les vaisseaux s'approcher, mais s'ils s'approchent trop, ils vous tireront dessus, vous faisant perdre de l'énergie. Si vous voyez un champ de force, vous verrez un carré sur la droite. Tirez dans le carré pour désactiver le champ. Si votre vaisseau atteint le champ, vous perdez de l'énergie. Vous gagnez de l'énergie en détruisant un vaisseau ou en désactivant un champ de force. Utilisez la carte en haut de l'écran pour déterminer le chemin à suivre, à gauche ou à droite. Si vous choisissez le mauvais chemin ou que vous manquez d'énergie, le jeu est terminé.
Sweat! The Decathlon Game (USA)	Sweat! devait être la version de Starpath de Decathlon d'Activision pour le Supercharger. Grâce à la mémoire accrue et à la taille plus importante des jeux permises par le Supercharger, Sweat! aurait probablement été exceptionnel s'il avait été achevé. Mais le marché vidéoludique s'effondrait rapidement et les joueurs investissaient peu, surtout dans des jeux nécessitant du matériel spécifique. C'est à cette période que Starpath, en difficulté financière, fusionna avec Epyx. La plupart des programmeurs de Starpath rejoignirent Epyx et réutilisèrent le concept de Sweat! pour créer Summer Games.
Sword of Saros (USA)	Vous avez pénétré dans les donjons d'un sorcier à la recherche de la légendaire épée de Saros. Vous devez éviter le sorcier, sa chauve-souris et d'autres méchants tout en collectant des trésors. Ensuite, vous devez vous échapper des donjons. Vous commencez dans le labyrinthe. Les zones étroites sont des couloirs et les zones plus larges sont des pièces. Vous devez vous déplacer de pièce en pièce, en évitant le sorcier et sa chauve-souris, en collectant des trésors, des objets et des clés. Une fois dans une pièce, ne restez pas là car chaque pièce contient un monstre qui vous fera du mal. Certaines pièces ont des portes qui contiennent de l'or ou une partie de l'épée. Lorsque vous trouverez le morceau d'épée, il vous permettra d'accéder au niveau suivant du donjon.
Swordfight (USA)	En garde ! Attaquer, feinter, bloquer, frapper ! Il s'agit d'un combat à l'épée en un contre un pour deux joueurs seulement. Appuyez sur le bouton pour faire des sauts et déplacez le joystick pour balancer l'épée et bloquer. Votre épée est manifestement inspirée d'un sabre laser d'après la façon dont la lame s'étend et les effets sonores.
SwordQuest - EarthWorld (USA)	SwordQuest: EarthWorld était un jeu d'aventure produit pour l'Atari 2600. Le jeu se résume à marcher d'une pièce à l'autre, à trouver et à laisser tomber des objets, à battre les étapes de l'action pour trouver plus d'objets et à voir le nombre impair de chiffres clignoter à vous si vous obtenez la bonne combinaison d'articles dans les bonnes chambres. Les ensembles de nombres, par exemple 16-4, étaient en fait une combinaison d'un numéro de page et d'un numéro de panneau dans la bande dessinée fournie avec le jeu. Sur la page indiquée par le jeu, vous trouverez un mot caché quelque part dans le panneau numéroté. Lorsque tous les mots corrects ont été trouvés, vous pouvez les envoyer à Atari dans l'espoir de gagner le concours SwordQuest pour lequel ce jeu a été conçu.
SwordQuest - FireWorld (USA)	SwordQuest: FireWorld, le deuxième jeu de la série SwordQuest, était incroyablement identique au premier jeu, EarthWorld. Dans cet épisode, vous vous retrouverez à marcher d'une pièce à l'autre, à trouver et à déposer des objets, à battre les étapes de l'action afin de trouver plus d'articles, à voir le jeu de chiffres impair vous clignoter si vous obtenez la bonne combinaison d'articles dans les bonnes pièces . Les ensembles de nombres, par exemple 16-4, étaient en fait une combinaison d'un numéro de page et d'un numéro de panneau dans la bande dessinée fournie avec le jeu. Sur la page indiquée par le jeu, vous trouverez un mot caché quelque part dans le panneau numéroté. Lorsque tous les mots corrects ont été trouvés, vous pouvez les envoyer à Atari dans l'espoir de gagner le concours SwordQuest pour lequel ce jeu a été conçu.
SwordQuest - WaterWorld (USA)	Tout comme les jeux SwordQuest: EarthWorld et SwordQuest: FireWorld avant lui, SwordQuest: WaterWorld implique de marcher dans les pièces, de ramasser des objets, de battre des étapes d'action pour révéler plus d'objets, et de voir le jeu de nombres impair vous clignoter lorsque vous avez les bons objets dans les bonnes pièces. Les ensembles de nombres, par exemple 8-4, étaient en fait une combinaison d'un numéro de page et d'un numéro de panneau dans la bande dessinée fournie avec le jeu. Sur la page indiquée par le jeu, vous trouverez un mot caché quelque part dans le panneau numéroté. Lorsque tous les mots corrects ont été trouvés, vous pouvez les envoyer à Atari dans l'espoir de gagner le concours SwordQuest pour lequel ce jeu a été conçu.
Tac-Scan (USA)	Des dirigeables ennemis s'approchent de votre base de commandement ! Vous devez faire voler votre escadron de cinq avions dans la bataille pour le défendre. Tac-Scan est une conversion du jeu d'arcade. Vous contrôlez un escadron de cinq vaisseaux en bas de l'écran, votre but est de gagner le plus de points possible en détruisant les différents ennemis qui vont vous attaquer. Si l'un des vaisseaux de votre escadron est touché par le feu ennemi, il sera détruit. Le jeu se termine lorsque les cinq vaisseaux ont été détruits. Au fur et à mesure de votre progression dans le jeu, vous aurez occasionnellement la possibilité de réapprovisionner les vaisseaux manquants. Chaque fois que vous terminez une manche en tirant sur dix ennemis, un vaisseau supplémentaire passe à l'écran. Vous pouvez ajouter ce vaisseau à votre escadron en l'attrapant dans un espace vide de la formation. Chaque fois que vous terminez quatre tours, le jeu passe au niveau suivant avec une difficulté accrue !
Tanks but No Tanks (USA)	Dans Phantom-Panzer, le joueur prend les commandes d'un véhicule d'assaut pour défendre sa «base énergétique», située en bas de l'écran, contre les chars fantômes qui l'attaquent. Le jeu se compose de trois phases: la première se déroule dans une ville labyrinthique, offrant une relative protection grâce aux murs des bâtiments. Dans la deuxième phase, les chars ennemis traversent deux ponts au-dessus d'une rivière, mais sans aucun abri. La troisième et dernière phase est une bataille sans merci: les chars fantômes chargent agressivement la base du joueur, sans aucun obstacle pour les arrêter. Le joueur ne peut tirer qu'une balle à la fois et doit détruire 20 chars par phase. Les tirs ennemis peuvent être contrés par une balle ennemie. Le joueur perd une vie s'il entre en collision avec un char ou un tir ennemi. La partie est cependant immédiatement terminée si un char ou un obus ennemi touche la base énergétique du joueur.
Tapeworm (USA)	Vous êtes Slinky, le ver de terre. Vous devez vous déplacer à travers l'écran et manger des haricots. Chaque fois que vous mangez un haricot, vous permettra de grandir. Les haricots apparaissent au hasard sur l'écran et doivent être mangés avant que le coléoptère se déplace de gauche à droite pour obtenir le compte à rebours atteigne zéro. Si le coléoptère atteint la droite avant d'atteindre le haricot, deux graines supplémentaires apparaîtront sur l'écran et seront ajoutés pour le comptage. Parfois, l'oiseau Beeky ou l'araignée Spanky passeront sur l'écran. Vous perdez une vie si vous touchez votre tête, si vous heurter des murs ou des obstacles sur votre chemin.
Tapper (USA)	Le jeu Tapper sur Atari VCS 2600 vous met dans la peau d'un barman. Vous devez servir les boissons aux clients avant qu'ils n'arrivent à votre hauteur. Vous gagnez des points à chaque client servi, le but étant d'avoir le plus de points.
Tax Avoiders (USA)	Vous êtes John Q et vous voulez être riche. Dans ce jeu, vous commencez sur l'écran des revenus où vous essayez de collecter de l'argent tout en évitant les tracasseries administratives du gouvernement (qui ressemblent à des serpents rouges). Vous n'avez qu'un an pour récupérer votre argent et l'investir. Chaque seconde, un jour passe.
Taz (USA)	Bien que le nom ne veuille rien dire aux États-Unis, Astérix est un héros de bandes dessinées bien connu. Astérix et son copain Obélix sont deux guerriers espiègles qui contrecarrent constamment les tentatives des soldats romains de conquérir la Gaule. Créé à l'origine en 1959, Astérix est toujours populaire aujourd'hui, ce qui en fait l'une des bandes dessinées les plus anciennes du monde.
Tempest (USA) (Proto)	Sur la liste des jeux qui n'auraient probablement jamais dû être essayés sur le 2600, Tempest doit être proche du sommet. Pourquoi Atari a décidé qu'ils pouvaient reproduire un jeu vectoriel 3D sur le 2600, cela me dépasse, mais les résultats n'étaient pas très jolis. Parfois, il faut respecter les limites du 2600.
Tennis (USA)	Tennis est un jeu sur Atari VCS 2600 qui, comme son nom l'indique, vient du sport du même nom. Il est possible de jouer seul contre l'IA ou à deux joueurs en versus. Le jeu suit les règles du tennis.
Tennis - International Edition (Europe)	Tennis est un jeu sur Atari VCS 2600 qui, comme son nom l'indique, vient du sport du même nom. Il est possible de jouer seul contre l'IA ou à deux joueurs en versus. Le jeu suit les règles du tennis.
Texas Chainsaw Massacre, The (USA)	Ce jeu est très difficile à trouver car de nombreux détaillants ont refusé de le proposer. D'autres ont gardé le jeu derrière le comptoir hors de la portée des enfants. Wizard Video a fait face à des protestations lors de la sortie de ce jeu, certains groupes sociaux affirmant qu'il prônait la violence. Il est très difficile à trouver avec la boîte et le manuel.
Threshold (USA)	Threshold est un jeu de type Shoot'em up. Vous êtes en contrôle d'un vaisseau spatial en bas de l'écran et doit tirer sur plusieurs formations d'ennemis en haut de l'écran. Pour rendre les choses plus difficiles, vous avez un temps limité sous la forme d'un réservoir de carburant qui sera rempli après que vous avez dégagé un certain nombre de vagues. En outre, son vaisseau spatial est équipé d'un laser qui a tendance à surchauffer. Chaque coup augmente légèrement la barre de chaleur du laser. Une fois qu'il a atteint son maximum, vous ne pouvez plus tirer et vous serez obliger d'attendre jusqu'à ce qu'il refroidisse tout en surveillant votre jauge de carburant.
Thunderground (USA)	Il y a six bases nucléaires sur la surface de la planète. Vous devez creuser sous terre et les détruire. Mais soyez prévenus, ils sont surveillés par des chars des Core Rangers qui, s'ils vous ont dans la ligne de mire, vous détruiront.
Time Pilot (USA)	Time Pilot est un jeu de tir de style arcade. En pilotant votre fidèle vaisseau spatial, vous devez détruire les escadrons de vaisseaux ennemis qui attaquent! À chaque niveau, vous avez un quota d'ennemis qui doivent être détruits. Après avoir atteint votre quota, un boss final du niveau apparaîtra; une fois détruit, vous passerez au niveau suivant. Le jeu commence en 1910, et chaque fois qu'un niveau est terminé, vous avancez dans le temps. En 1910, vous n'avez à affronter que des biplans relativement désarmés, mais à mesure que les niveaux avancent, la technologie évolue. Chaque nouveau niveau apporte avec lui des avions plus durs et plus lourdement armés, notamment des jets, des hélicoptères et même des soucoupes volantes! De temps en temps, vous rencontrerez un parachute; si vous rencontrez cela, vous gagnerez des points bonus.
Time Warp (USA)	Ce jeu vous place dans un vaisseau spatial ressemblant à un avion de ligne futuriste armé volant à travers ce qui ressemble à une grotte, tout en affrontant un tas d'ennemis.
Title Match Pro Wrestling (Europe)	Les cris de la foule font trembler l'arène alors que les prétendants à la ceinture de titre s'affrontent. Mad Dog fait le premier mouvement en frappant de ses poings le torse de Skin Head qui halète, puis réplique avec un coup de pied dans le tibia. Mad Dog grogne et s'empare de Skin Head par derrière pour le traîner à travers le ring et le faire tourner en avion. Il le lâche pour qu'il vole dans les cordes et rebondisse pour rencontrer l'avant-bras en béton de Mad Dog sur son cou... une corde à linge parfaitement exécutée.
Title Match Pro Wrestling (USA)	Les cris de la foule font trembler l'arène alors que les prétendants à la ceinture de titre s'affrontent. Mad Dog fait le premier mouvement en frappant de ses poings le torse de Skin Head qui halète, puis réplique avec un coup de pied dans le tibia. Mad Dog grogne et s'empare de Skin Head par derrière pour le traîner à travers le ring et le faire tourner en avion. Il le lâche pour qu'il vole dans les cordes et rebondisse pour rencontrer l'avant-bras en béton de Mad Dog sur son cou... une corde à linge parfaitement exécutée.
Tomarc the Barbarian (USA)	Tomarc the Barbarian est un jeu sorti sur Atari VCS 2600. Le joueur incarne tour à tour Tomarc, qui recherche son épée magique dans des grottes grouillant d'ennemis, et Senta, la jeune fille emprisonnée qu'il doit libérer, qui doit combattre des chauves-souris géantes et d'autres adversaires.
Tooth Protectors (USA)	Dans ce jeu, vous êtes T. P., le protecteur de dent, et essayez de protéger certaines dents de la carie dentaire par les attaques de collation. Snack Attack se déplace sur le haut de l'écran en laissant tomber des miettes de grignotines vers les dents. Vous vous déplacez au bas de l'écran, juste au-dessus des dents. Vous devez dévier les miettes vers le haut, en espérant frapper Snack Attack ou une miette de chute pour les points. Chaque tour est limité dans le temps. Vous jouez jusqu'à ce que le temps s'épuise alors vous obtenez des points bonus en fonction de la météo, vous avez perdu des dents et combien. De temps en temps, Snack Attack va essayer de descendre et de vous attraper. Si vous êtes pris, vous perdez un homme. Si une ou plusieurs de vos dents sont en danger d'être perdu, indiqué par elle clignotant, vous pouvez appuyer sur votre bouton de feu pour atteindre brosse à dents, Johnson & Johnson fil dentaire et Act fluorure rinçage dentaire pour sauver que / ces dents / dents. Vous obtenez trois de ces nettoyages pour commencer, mais gagnez des nettoyages bonus tous les 50000 points. Le jeu est terminé après que vous avez perdu les trois de vos hommes ou de perdre trois de vos dents.
Top Gun (Germany)	Un simple jeu de simulateur de vol. Tirez sur les avions, évitez les tirs d'artillerie. Vous avez une quantité limitée de munitions et de carburant. Tirez sur 10 avions et vous pourrez atterrir pour faire le plein, mais vous risquez de perdre des munitions. On ne vous donnera que la quantité de munitions que vous avez utilisée avec succès pour abattre des avions la dernière fois.
Towering Inferno (USA)	Un gratte-ciel du centre-ville a pris feu, de nombreuses personnes sont piégées et vous devez venir à la rescousse! Votre objectif est de sauver autant de survivants que possible des nombreux étages du bâtiment.
Track and Field (USA)	Track & Field est un jeu de sport paru sur Atari VCS 2600. Le joueur peut s'essayer à différentes épreuves olympiques, telles que le 400m, le saut en longueur, le lancer du marteau et d'autres.
Trick Shot (USA)	Trick Shot est un jeu de billard pour un ou deux joueurs. Vous pouvez choisir de jouer au billard (premier joueur avec 25 ou 50 points gagne), au tricks (tentative de gagner des points en faisant couler toutes les balles du tableau en un seul tir) ou à un jeu d'entraînement avec des variation de tricks.
Tunnel Runner (USA)	Tunnel Runner est un jeu de labyrinthe avancé en 3D, essentiellement ce que serait une version à la 1ère personne du jeu Pac-Man. Comme &quot;Tunnel Runner&quot; a été conçu avec une puce à mémoire étendue intégrée (RAM Plus !), ses 12 Ko de mémoire lui permettent de présenter le labyrinthe en trois dimensions. Par conséquent, le terrain de jeu est un labyrinthe coloré et tridimensionnel, de sorte que vous ne vous voyez jamais... seulement les murs de chaque côté de vous qui forment les couloirs que vous parcourez. Lorsque vous vous déplacez le long des couloirs, des tunnels supplémentaires apparaissent de chaque côté, dans lesquels vous pouvez vous engager en appuyant sur les touches gauche et droite.
Turmoil (USA)	Turmoil est un jeu de tir rapide. Vous pilotez un navire emprisonné dans une chambre de sept tunnels. Votre navire ne peut monter et descendre que dans un couloir vertical reliant les tunnels. Vous n'êtes pas seul, cependant. Une variété d'ennemis parcourent ces tunnels, concentrés sur votre destruction. Par conséquent, l'objectif ultime de «Turmoil» est d'agrandir et de réduire l'allée centrale et de faire exploser les extraterrestres au passage.
Tutankham (USA)	Vous êtes un explorateur de la tombe du roi Tut et avez pour mission de récupérer le plus grand nombre de trésors de valeur que vous pouvez trouver. En plus des trésors, vous trouverez également une clé dans chacune des chambres. Cela est nécessaire pour déverrouiller l'entrée de la prochaine chambre, plus difficile. Attention, la tombe est gardée par de nombreuses créatures dangereuses !
Universal Chaos (USA)	Prenez le contrôle d'un tank en territoire ennemi. En naviguant à travers les colonnes et les lignes, vous devrez éviter de heurter les tanks ennemis tout en les soufflant en petits morceaux. Prenez le bonus lors de votre recherche pour quelques points supplémentaires et un bref soulagement de l'action rapide. Plus vous renversez de tanks, plus l'ennemi est en colère derrière vous. Il y a quatre niveaux de difficulté et la possibilité d'avoir deux joueurs jouant de manière compétitive, chacun à son tour.
Up 'n Down (USA)	Le but est de parcourir un circuit sinueux et de collecter tous les drapeaux colorés. Vous pouvez sauter par-dessus des fossés et par-dessus ou sur d'autres voitures. Si vous atterrissez sur une autre voiture, vous la détruisez et gagnez des points. Vous pouvez également collecter des objets tels que des ballons et des cornets de glace pour obtenir des points bonus. Plus vous collectez rapidement tous les drapeaux, plus vous obtenez un bonus de temps important. Dans les niveaux supérieurs, il y a des impasses ou des fossés et un véhicule qui transporte un drapeau dont vous avez besoin, vous devrez donc sauter dessus. Si vous êtes percuté par un autre véhicule ou si vous sortez du circuit, vous perdez une vie. Les parties à deux joueurs se déroulent à tour de rôle.
Vanguard (USA)	Dans Vanguard, votre objectif est de piloter votre vaisseau spatial vers la Cité du Mystère qui est située au bout d'un tunnel fortement gardé, et une fois là-bas, détruisez la créature Gond. Le tunnel est divisé en plusieurs zones différentes, appelées la zone de montagne, la zone arc-en-ciel, la zone de bâton, la zone de rayures, la zone sombre et la ville du mystère. Chaque zone propose différents types de vaisseaux spatiaux ennemis à gérer et peut défiler horizontalement ou verticalement. Dans la zone de montagne ou dans la zone de rayures, vous pouvez également rencontrer une capsule d'énergie marquée d'un «E». Si vous volez à travers cela, votre vaisseau devient temporairement invincible aux murs mortels de la grotte et aux nombreux ennemis qui tentent de vous arrêter.
Venture (USA)	Venture est un jeu d'action sur Atari 2600 dans lequel vous devez récupérer un maximum de trésors au sein de plusieurs donjons. Il faudra vous battre contre diverses créatures avec pour seule arme votre arbalète afin de vous déplacer dans ces donjons et finir votre quête.
Video Checkers ~ Checkers (USA)	Video Checkers pour Atari VCS 2600 est une simulation du jeu de Dames développé par Atari. Le soft reprend les règles classiques du jeu de Dames. Il contient plusieurs modes de jeu. Un mode classique, un mode 2 joueurs et un mode variante où le but du jeu est de se laisser perdre.
Video Chess (USA)	Video Chess pour Atari VCS 2600 est une simulation de jeu d'échec développé par Atari. Le jeu reprend les règles classiques du jeu d'échec sur plateau. Il existe 8 niveaux de difficulté qui influe sur le temps que prendra l'ordinateur à réfléchir à ses coups.
Video Olympics ~ Pong Sports (USA)	Video Olympics est un jeu d'arcade paru sur Atari VCS 2600. Il propose plusieurs variantes du jeu Pong, où deux joueurs doivent se renvoyer une balle sans la laisser tomber.
Video Pinball (Europe)	Video Pinball pour Atari VCS 2600 est un jeu de flipper développé par Atari. Le jeu reprend le principe d'un flipper. Le but est de gagner un maximum de points. Il y a deux niveaux de difficulté et 4 modes de jeu.
Video Pinball ~ Arcade Pinball (USA)	Video Pinball pour Atari VCS 2600 est un jeu de flipper développé par Atari. Le jeu reprend le principe d'un flipper. Le but est de gagner un maximum de points. Il y a deux niveaux de difficulté et 4 modes de jeu.
Vogel Flieh (Europe)	Dolphin est un jeu paru sur Atari VCS 2600. Le joueur y incarne un dauphin qui doit échapper à une pieuvre géante en nageant toujours plus vite et en évitant les obstacles.
Wabbit (USA)	Dans Wabbit, vous contrôlez l'agricultrice Billie Sue qui doit protéger ses cultures de carottes! Le champ est envahi par les lapins et vous devez les chasser. De chaque côté de l'écran se trouvent cinq trous de lapin; les lapins sortiront des trous et tenteront de voler les carottes. Vous devez jeter des œufs pourris aux lapins pour les faire fuir. Chaque fois que les lapins s'emparent d'une carotte, un point est ajouté à leur score. Chaque fois que vous frappez un lapin avec un œuf, vous recevrez des points. Pour chaque 100 points que vous gagnez, les lapins perdront 25 points. Le jeu se termine lorsque les lapins ont atteint 100 points. Plusieurs variantes de jeu sont incluses, permettant à un, deux ou trois lapins d'apparaître à la fois.
Wall Ball (USA)	Brisez l'habitude &quot;plate&quot; et découvrez une nouvelle dimension dans les jeux vidéo. Jouez avec la vitesse, le contrôle et les compétences du handball, mais sans quitter la maison. Commencez lentement ou vite, mais ne soyez pas surpris si Wall Ball vous donne un bon entraînement !
Wall-Defender (USA)	Wall-Defender est un jeu sorti sur Atari VCS 2600. Le but du jeu est de défendre votre forteresse en tirant sur les vagues d'aliens qui déferlent.
Warlords (USA)	Warlords est un jeu d'action sur Atari 2600 dans lequel vous devez défendre votre forteresse des autres joueurs (ou de l'IA). Vous contrôlez un bouclier afin de renvoyer la balle. Si celle-ci touche votre château, il se détruit petit à petit.
Warplock (USA)	Au bord de la galaxie, en marge de l'hyperespace et de l'hypertime, votre vaisseau spatial est piégé dans une étrange distorsion espace/temps. Tu es englouti par une bande de pirates de l'espace déterminés à te détruire toi et ton équipage.
Wing War (Europe)	Wing War est un jeu d'action où vous contrôlez un dragon. Commençant dans votre grotte souterraine, votre objectif est de capturer un diamant scintillant. Pour ce faire, vous devez d'abord débloquer le passage secret en ramenant un cristal de feu, d'eau et d'air dans votre grotte. Les cristaux peuvent être trouvés en explorant les différents sites disponibles, normalement vous aurez besoin de détruire l'un des nombreux ennemis afin qu'ils se transforment en un cristal. Cristaux de feu et d'eau ne peuvent pas être dans la caverne seuls en même temps, un cristal d'air doit être placé entre eux; alors vous devrez ramener les cristaux dans l'ordre feu, air, eau ou eau, air, feu. Après cela, un super cristal est formé pour déverrouiller le passage secret afin que vous puissiez essayer d'obtenir le diamant! Votre dragon a une quantité limitée d'énergie; être frappé par des ennemis fera s'épuiser l'énergie, et le jeu se termine lorsque tous vos dragons perdent toute leur énergie.
Winter Games (USA)	Winter Games sont une série de sept compétitions passionnantes. Jusqu'à huit joueurs peuvent participer à ce concours international, chacun choisissant un pays pour lequel concourir. Le but est de voir votre pays sortir en tête. Vous concourrez dans des épreuves de vitesse pure comme le patinage et dans des épreuves de vitesse et de contrôle comme le slalom, le biathlon, le bobsleigh et la luge. Vous testerez votre habileté face à des compétiteurs dans des épreuves de distance et de style telles que le saut à ski. Vous gagnerez en marquant le meilleur temps ou en accumulant le plus de points. La nation qui remporte le plus d'événements remporte la médaille d'or !
Wizard (USA) (Proto)	Wizard peut être décrit comme un croisement entre Berzerk et Wizard Of Wor. Vous contrôlez un sorcier qui doit tenter de détruire une créature en forme d'étoile tourbillonnante. La disposition du tableau est un labyrinthe géant, ce qui rend difficile de fuir la créature et d'obtenir un tir net.
Wizard of Wor (USA)	Wizard of Wor est un jeu de tir d'arcade joué d'un point de vue de haut en bas. Le joueur contrôle un guerrier qui est piégé dans un donjon. Le but est de gagner autant de points que possible en tirant sur les nombreuses créatures ennemies qui errent dans le labyrinthe comme des couloirs. Les créatures errent à différentes vitesses, peuvent tirer des fléchettes sur le joueur, et certains ont même la possibilité de disparaître temporairement. Au bas de l'écran, le joueur dispose d'un radar qui peut être utilisé pour localiser les créatures qui sont invisibles.
Word Zapper (USA)	Le joueur contrôle un &quot;Zapper&quot; semblable à un vaisseau spatial qui peut se déplacer sur l'écran et tirer vers le haut, la gauche et la droite. L'objectif est de tirer dans l'ordre les lettres qui épellent le mot actuel, tout en évitant les astéroïdes dans la partie inférieure de l'écran. Il existe quatre types d'astéroïdes et chacun a un effet différent s'il entre en contact avec le Zapper. L'astéroïde &quot;Doomsday&quot; met fin à la partie. L'astéroïde &quot;Scroller&quot; mélange les lettres défilantes pendant cinq secondes. Les astéroïdes &quot;Zonker&quot; et &quot;Bonker&quot; frappent le Zapper sur le côté. Le jeu se termine après avoir été touché par un astéroïde apocalyptique, après la fin du temps imparti de 99 secondes ou l'objectif ultime de terminer trois mots.
World Championship Baseball (Europe)	Ce jeu de baseball concède une licence à l'ancien joueur des Cincinnati Reds, Pete Rose. Il permet au joueur de jouer toutes les positions sur le terrain. Différents styles de frappeur et de tangage sont disponibles.
World End (USA)	Vous êtes le commandant d'une base laser et vous devez contrer une invasion ennemie depuis l'espace. Des robots galactiques attaquent avec des rayons de la mort galactiques, des araignées et des sondes destroyers.
Worm War I (USA)	FLASH SPÉCIAL : DES VERS GÉANTS ATTAQUENT LA VILLE DE TERIYAKI! Vous commandez un char en bas de l'écran. Vous pouvez aller à gauche ou à droite mais vous avancez toujours. Vous pouvez contrôler la vitesse d'avancement en poussant le joystick vers le haut ou vers le bas. Lorsque les vers se déplacent, vous devez leur tirer dessus pour éviter qu'ils ne vous touchent. Tirez également sur les blocs lors de votre parcours. Essayez de ne pas faire exploser les barils de carburants. Touchez-les pour faire le plein. Vous pouvez aller à tout à gauche ou tout à droite de l'écran et ne pas être touché par un ver, mais vous ne pouvez pas leur tirer dessus quand vous y êtes. Dans la partie à deux joueurs, vous avez le choix entre coopération ou compétition. En coopération, vous partager les mêmes points et le même réservoir de carburant. Quand un char fait le plein, celui de son partenaire est automatiquement rempli. En compétition, vous avez chacun vos points et un réservoir de carburant.
Wustenschlacht (Germany)	Ce jeu place l'action autour de la zone de la Pyramide, où de précieux trésors sont convoités par des pirates. Ceux‑ci tentent de les dérober à l'aide d'hélicoptères et de jets. Pour les arrêter, l'association « Keeping Culture » déploie des chars et des hélices. Le joueur commence avec trois hélices : une active et deux en réserve. L'objectif est simple : abattre les appareils ennemis pour accumuler des points. Chaque victoire renforce la défense du site et empêche les pirates d'atteindre leur but. Un gameplay direct et arcade, centré sur la survie et le score.
X-Man (USA)	Ce jeu n'a rien à voir avec n'importe quel personnage de Marvel. Tu es le super étalon, le X-Man. L'objectif est de se frayer un chemin à travers un labyrinthe aléatoire, en évitant les crabes, les ciseaux ou les dents, pour arriver à la bombe derrière la porte au milieu du labyrinthe. Vous avez 90 secondes pour y arriver. Une fois que vous atteignez le bébé, vous entrez dans la Sexy Surprise où vous devez alors lui donner du sexe pour lui faire atteindre l'orgasme. Vous avez 30 secondes pour la satisfaire, puis il est parti au prochain labyrinthe. Vos points sont la quantité de temps restant après que vous atteignez le centre de labyrinthe et climax son fois dix et 20 points pour chaque incrément du mètre d'excitation sexuelle.. Vous devez avoir le commutateur de difficulté gauche dans la position A pour jouer. Réglez-le sur B pour mettre en pause. Reset redémarre le jeu. Sélectionnez et le bon commutateur de difficulté ne sont pas utilisés.
Xenophobe (USA)	Un appel de détresse est reçu des stations spatiales en orbite autour de votre planète, puis c'est le silence. Un seul vaisseau s'échappe, piloté par un homme meurtri qui raconte l'histoire de capsules qui éclosent en Xenos crachant de l'acide. Un petit groupe d'ingénieurs a été envoyé pour combattre la menace Xenos avant qu'elle ne s'empare de toutes les stations spatiales et, finalement, de votre planète. Rassemblez votre groupe d'ingénieurs et combattez les Xénos sur chaque station, en essayant de la nettoyer ou de l'abandonner. Vous commencez avec un laser standard, mais vous pouvez acquérir des armes supplémentaires au fur et à mesure que vous en trouvez, notamment des phasers, des fusils à éclairs, des pistolets Poofer et des bombes.
Xevious (USA) (Proto) (1984-01-18)	C'est dangereux, c'est sournois, c'est Xevious. Jamais auparavant un slogan n'a résumé aussi parfaitement un jeu vidéo. Xevious a été l'un des premiers (sinon le premier) d'un nouveau genre de jeux d'arcade: le jeu de tir à défilement. Alors que nous tenons ces jeux pour acquis aujourd'hui, en 1982, un tel concept était inconnu. La plupart des jeux de l'époque n'avaient qu'un seul écran sans défilement, ce qui limitait sérieusement leur créativité. Un tireur d'écran comme Galaga et Galaxian allait bien, mais les joueurs avaient faim de quelque chose de différent. Xevious satisfait cette faim.
Yars' Revenge (USA)	Yars' Revenge sur Atari VCS 2600 est un shoot'em up où le joueur va devoir détruire le vaisseau géant ennemi sur le bord de l'écran. Il va donc falloir casser le bouclier avant de pouvoir tirer sur le vaisseau et l'éliminer.
Z-Tack (USA)	Vous êtes une soucoupe volante essayant de détruire les villes en bas de l'écran. Vous pouvez vous déplacer dans n'importe quelle direction et tirer sur les cibles. Les villes tireront des missiles sur vous pour vous arrêter. Dans les niveaux ultérieurs, les missiles se transforment en bombes ballon.
Zaxxon (USA)	Le but du jeu est de guider l'avion au travers des lignes de défenses posées par «Zaxxon», afin de l'atteindre et pouvoir l'abattre. Zaxxon est un shoot'em up d'arcade sorti par Sega. Il est nommé d'après son utilisation révolutionnaire de projection axonométrique (bien que plus spécifiquement, il utilise la projection isométrique) et est sortis sur le matériel d'arcade en 1982. Zaxxon a été le premier jeu vidéo à utiliser une perspective isométrique, un style graphique qui serait largement utilisé dans les années qui vont suivre. C'était une première tentative d'ajouter une profondeur tridimensionnelle au genre shoot'em up. Le terme &quot;perspective isométrique&quot; a été initialement inventé par Sega en référence à Zaxxon.
Zoo Fun (USA)	Calmer les animaux agité dans leurs cages. Chaque cage cache un mini jeux ou il faut attraper l'animal pour le calmer puis sortir de la cage pour pouvoir aller calmer un autre animal.
Zoo Keeper Sounds (USA) (Proto)	Un programme affichant une horloge colorée associée avec des personnages mobiles et multicolores.
