#key	synopsis
3-D Havoc (USA) (Proto)	Tu crucero estelar comienza a estremecerse cuando la unidad hiperwaz se corta repentinamente. Al disminuir la velocidad, te das cuenta de que has entrado en un campo de asteroides. Un gran campo de asteroides. Se atornilla para el inversor de pulsos láser de alta densidad. Tu única oportunidad es explotar tu salida. Y es mejor que empieces ahora ...
3-D Tic-Tac-Toe (USA)	3-D Tic-Tac-Toe es, como su nombre lo indica, una versión 3D de Tic-Tac-Toe. El objetivo del juego es colocar cuatro X o cuatro O en una fila horizontal, vertical o diagonal en el tablero 4x4. Hay nueve juegos de los cuales los primeros ocho son para un jugador humano contra la computadora. Los números 1-8 representan el nivel de habilidad. El juego 9 es un juego de dos jugadores. En la versión DOS sólo hay dos ajustes de dificultad y no hay juego de dos jugadores.
3-D Zapper (USA) (Proto) (1982-12-15)	Un prototipo inédito para Atari 2600 llamado &quot;Zapper 3-D&quot;.
32 in 1 Game Cartridge (Europe, Australia)	Este cartucho contiene los siguientes juegos: 1. UFO (a renaming of U. S. Game's Space Jockey) 2. Flag Capture 3. Human Cannonball 4. Reversi (a renaming of Atari's Othello) 5. Activision's Checkers 6. Slot Racers 7. Blackjack 8. Fishing (a graphic hack of Activision's Fishing Derby in which you are fishing for crabs) 9. Freeway Rabbit (a graphic hack of Activision's Freeway in which you are a rabbit) 10. Space War 11. Fun with Numbers 12. Golf 13. 3-D Tic-Tac-Toe 14. Surround 15. Miniature Golf 16. Activision's Boxing 17. Football 18. Air-Sea Battle 19. Freeway Chicken (a renaming of Activision's Freeway) 20. Activision's Tennis 21. Activision's Skiing 22. Activision's Fishing Derby 23. Sky Diver 24. Bowling 25. Combat 26. Activision's Stampede 27. Activision's Laser Blast 28. Outlaw 29. Slot Machine 30. Basketball 31. Home Run 32. Ant Party (a renaming of CommaVid's Cosmic Swarm)
Acid Drop (Europe)	Juego de bloques similar al Columns. El objetivo del juego es crear una línea horizontal o vertical de tres o más bloques del mismo color para que desaparezcan. Los bloques restantes caerán pero no desaparecerán a menos que formen otra línea. cada 10.000 puntos aparece un bloque especial (Acid Block) que borra las tres columnas de bloques y establece el inicio del siguiente nivel.
Activision Decathlon, The (USA)	Activision Decathlon es una serie de juegos olímpicos similares a la serie de juegos Epyx. Hasta cuatro jugadores pueden competir en los diez eventos diferentes de un decatlón de la vida real, ya sea en secuencia o individualmente. Se incluyen el tablero de 100 metros, salto de longitud, lanzamiento de peso, salto de altura, carrera de 400 metros, obstáculos de 110 metros, lanzamiento de disco, salto de pértiga, lanzamiento de jabalina y carrera de 1500 metros.
Adventure (USA)	Un mago malvado ha robado el cáliz encantado y lo ha escondido en algún lugar del Reino. El objetivo del juego es rescatar el Cáliz Encantado y colocarlo dentro del Castillo Dorado al que pertenece. Esta no es una tarea fácil, ya que el mago malvado ha creado tres dragones para obstaculizar tu búsqueda del cáliz dorado: Yorgie, Grundle y Rhindle. Hay tres castillos en el Reino; el Castillo Blanco, el Castillo Negro y el Castillo Dorado. Cada castillo tiene una puerta sobre la entrada. La puerta se puede abrir con la llave de color correspondiente. Dentro de cada castillo hay habitaciones (o mazmorras, según el nivel en el que estés jugando). Adventure fue el primer juego de acción y aventuras en una videoconsola, el primero en contener un Easter Egg ampliamente conocido y el primero en permitir al jugador tener un alijo de elementos, lo que requería que el jugador seleccionara cuál usar en cualquier momento.
Adventures of TRON (USA)	Este es el mismo juego que Adventures of TRON, pero se lanzó después de que expirara la licencia con Walt Disney, por lo que se cambió el nombre. También se eliminó la pantalla de título.
Adventures on GX-12 (Europe)	Este es el mismo juego que Adventures of TRON, pero se lanzó después de que expirara la licencia con Walt Disney, por lo que se cambió el nombre. También se eliminó la pantalla de título.
Air Raid (USA)	El objetivo de este juego es defender los edificios en la parte inferior de la pantalla. Hay cuatro tipos de naves atacantes que se mueven por la pantalla. Te estás moviendo justo por encima de los edificios. Los enemigos están lanzando bombas para tratar de dañar tus edificios o destruirte. Debes disparar misiles para destruirlos. Las oleadas de enemigos nunca terminan. El juego termina cuando las tres naves son destruidas o cuando ambos edificios han sufrido tanto daño que se derrumban. Hay ocho variaciones de juego. Algunos donde las naves se mueven de lado a lado mientras se mueven hacia abajo, algunos donde tus disparos se mueven hacia un lado cuando lo haces, algunos más rápido y otros con combinaciones de cualquiera o todos estos.
Air Raiders (USA)	Un sencillo simulador de vuelo y juego de combate aéreo. Derriba los aviones y esquiva la artillería antiaérea. Tienes munición y combustible limitados. Si derribas 10 aviones, puedes aterrizar para repostar, pero podrías perder munición. Solo recibirás la cantidad de munición que hayas utilizado para derribar aviones la última vez.
Air-Sea Battle ~ Target Fun (Japan, USA) (En) (Atari Anthology)	Air-Sea Battle&quot; consiste en disparar e intentar acertar en los objetivos para ir sumando puntos, algo claramente basado en el mítico &quot;Seawolf&quot;. Existen seis tipos básicos de juego en la batalla del mar de aire, y para cada tipo hay uno o dos grupos de tres juegos, para un total de veinte y siete variantes de juego. Dentro de cada grupo, variante uno es el juego estándar, variante dos misiles que pueden ser dirigido izquierda o derecha después alimentadas, y tres variantes enfrenta un solo jugador (usando el arma derecha) contra un opositor de la computadora, que simplemente dispara continuamente en el ángulo por defecto o velocidad. En cada juego, los jugadores disparan objetivos (aviones enemigos o naves, blancos de tiro o entre sí, según el juego elegido) que compiten para conseguir una mayor puntuación. Cada ronda dura dos minutos y 16 segundos; el jugador con la puntuación más alta después de vencido el tiempo es el ganador, a menos que un jugador gana (y termina el juego) al llegar a 99 puntos antes de la hora.
Air-Sea Battle ~ Target Fun (Japan, USA) (En)	Air-Sea Battle&quot; consiste en disparar e intentar acertar en los objetivos para ir sumando puntos, algo claramente basado en el mítico &quot;Seawolf&quot;. Existen seis tipos básicos de juego en la batalla del mar de aire, y para cada tipo hay uno o dos grupos de tres juegos, para un total de veinte y siete variantes de juego. Dentro de cada grupo, variante uno es el juego estándar, variante dos misiles que pueden ser dirigido izquierda o derecha después alimentadas, y tres variantes enfrenta un solo jugador (usando el arma derecha) contra un opositor de la computadora, que simplemente dispara continuamente en el ángulo por defecto o velocidad. En cada juego, los jugadores disparan objetivos (aviones enemigos o naves, blancos de tiro o entre sí, según el juego elegido) que compiten para conseguir una mayor puntuación. Cada ronda dura dos minutos y 16 segundos; el jugador con la puntuación más alta después de vencido el tiempo es el ganador, a menos que un jugador gana (y termina el juego) al llegar a 99 puntos antes de la hora.
Airlock (USA)	El jugador está atrapado en un submarino nuclear estrellado que ha comenzado a inundarse. Debe escapar ascendiendo por los niveles del submarino uno a uno. Cada piso tiene dos llaves de escotilla que debe recoger para desbloquear el ascensor al siguiente nivel. Sin embargo, hay un límite de tiempo; si tarda demasiado, el piso se inundará y no podrá escapar. Debido al accidente, los torpedos a bordo del submarino están sueltos y se mueven por el suelo mientras el barco se sacude. El jugador deberá saltar por encima de los torpedos que se crucen en su camino, o quedará aturdido momentáneamente y perderá un tiempo precioso.
Alien (USA)	En este juego basado, ligeramente, en la película del mismo nombre, tienes que travesar por un laberinto (los pasillos de tu nave de acuerdo al manual), ala Pac-Man, recolectando puntos (destruyendo huevos de alien). Si recolectas el punto de poder (pulsar), serás capaz de destruir cualquiera de los tres aliens por tiempo limitado. Solo hay tres enemigos por laberinto al mismo tiempo, a veces aparece un objeto de bonificación y solamente existe un punto de poder a la vez. Cuando recolectas un Pulsar, el siguiente aparece en en uno de las otras dos posibles ubicaciones. Al terminar un nivel, accedes a un juego de bonificación. Tendrás que desplazarte hacia arriba y evitar varios aliens para llegar al premio, muy parecido a Freeway. No pierdes una vida si no llegas al premio pero solo cuentas con ocho segundos para llegar antes de avanzar al siguiente, más difícil nivel.
Alien's Return (Europe)	Un extraterrestre se estrelló en la Tierra y, para regresar a su planeta, debe encontrar las cuatro piezas de su nave espacial. Entra en las distintas habitaciones y pulsa el botón. Con suerte, una pieza de la nave aparecerá en una esquina de la pantalla. Recógela y repite el procedimiento hasta que puedas volver a casa. Ten cuidado con los guardianes, ya que te seguirán para atraparte.
Alligator People (USA) (Proto)	Estás perdido en lo más profundo de la selva. Seis de tus amigos han caído bajo el hechizo de la Gente Caimán. Se están transformando lentamente en caimanes, ¡y tú eres el único en el mundo que puede salvarlos! Para detener esta transformación, debes inocularles a cada uno un antídoto especial que recolectas por el pantano. ¡No tienes mucho tiempo! ¡Y encima, los caimanes te persiguen mientras intentas reunir viales del antídoto! Cuanto más esperes, más antídoto necesitarás para revertir los efectos de la Gente Caimán. Gente Caimán es un prototipo inédito basado en la película homónima.
Alpha Beam with Ernie (Japan, USA) (En)	La nave de Ernie se ha quedado sin combustible y depende de ti ayudarlo. Usa los botones del controlador para mover tu nave a la izquierda o derecha y enviar las letras a los espacios correctos en la nave de Ernie. Una vez que todas las letras estén en su lugar, Ernie podrá volar. Este juego ayuda a los niños a reconocer las letras y a relacionar las mayúsculas con las minúsculas, así como a reconocer letras que suelen confundirse fácilmente. El manual del juego también incluía una historia que se puede leer en voz alta. Para edades de 3 a 7 años.
Amidar (USA)	Amidar es un juego tipo Pac-Man. El objetivo del juego es colorear los rectángulos que aparecen en la pantalla, evitando a los enemigos (Amidars). El juego ofrece tres saltos sobre los enemigos, para evitar situaciones comprometidas. Completar los rectángulos de las esquinas permite &quot;cazar&quot; a los enemigos. El juego diferencia pantallas pares e impares: - Impares: Se controla un gorila y los enemigos son soldados. Hay que acabar con todos los puntos. Los rectángulos se colorean cuando se han eliminado todos los puntos del rectángulo. - Pares: Se controla una brocha y los enemigos son cerdos. Para colorear un rectángulo, hay que recorrer su perímetro en un solo recorrido. - También existen pantallas de bonus.
Angriff der Luftflotten (Germany)	M.A.D. (que significa Misiles de Ataque y Defensa) es un juego arcade de acción algo similar a Missile Command. Controlas un cañón de fotones en la parte inferior de la pantalla, y tu objetivo es proteger seis estaciones de energía situadas a la izquierda ya la derecha. Olas de cohetes y otras Naves pasarán volando en la pantalla, y en ocasiones van a bajar en un intento de destruir una de las estaciones (como una advertencia en la mayoría de los niveles, el enemigo se volverá blanco justo antes de que caiga). Tendrás que eliminarlos antes de que puedan destruir la estación de energía! Cuando las seis estaciones de energía caigan, el juego habrá terminado. Una variación de dos jugadores también se incluye; un jugador va a controlar el cañón de fotones, y el segundo jugador controla un cursor y puede seleccionar cuando y donde un enemigo caerá. Los jugadores alternan entre ataque y defensa en esta versión.
Aquaventure (USA) (Proto) (1983-08-12)	Eres un buceador, buceas frente a las costas de Alaska. Tu objetivo es evitar los peces mortales, agarrar tesoros escondidos debajo de la superficie y volver a la superficie para tomar aire.
Armor Ambush (USA)	Armor Ambush es un juego que permite a los jugadores controlar tanques que se enfrentan en terrenos con texturas y accesibilidad variables. Los duelos de tanques eran un tema familiar para los usuarios de Atari 2600, ya que Combat, el juego incluido con casi todas las consolas Atari 2600, tenía una premisa muy similar. Sin embargo, Armor Ambush amplía las sencillas batallas disponibles en Combat. El juego se desarrolla en un campo de batalla diferente, seleccionado aleatoriamente en cada ronda. Además, los jugadores pueden lanzar minas al campo de batalla pulsando simultáneamente el botón de disparo y bajando el joystick. Las minas permanecen activas durante toda la batalla, destruyendo cualquier tanque que pase por encima de ellas. Los jugadores pueden controlar dos tanques y alternar entre ellos a voluntad. El terreno es más diverso, con zonas de vegetación, agua y barreras naturales. Pero, al igual que en Combat, no hay IA para la computadora y el juego no se puede jugar en solitario.
Artillery Duel (USA) (Alt)	En este juego para dos jugadores, cada jugador controla un cañón de artillería en un paisaje montañoso con el objetivo de destruir al otro jugador. Los jugadores se turnan para dispararse; en cada turno, disponen de un tiempo limitado para ajustar el ángulo del cañón y el nivel de pólvora, controlando así la dirección y la distancia del disparo. Al decidir el disparo, deberán tener en cuenta las condiciones actuales, como la velocidad y dirección del viento y cualquier obstáculo montañoso. Destruir el cañón del oponente les otorgará un punto, y el primer jugador en alcanzar la puntuación establecida gana la partida. Hay varios niveles de dificultad disponibles que determinan el tiempo disponible para cada disparo.
Artillery Duel (USA)	En este juego para dos jugadores, cada jugador controla un cañón de artillería en un paisaje montañoso con el objetivo de destruir al otro jugador. Los jugadores se turnan para dispararse; en cada turno, disponen de un tiempo limitado para ajustar el ángulo del cañón y el nivel de pólvora, controlando así la dirección y la distancia del disparo. Al decidir el disparo, deberán tener en cuenta las condiciones actuales, como la velocidad y dirección del viento y cualquier obstáculo montañoso. Destruir el cañón del oponente les otorgará un punto, y el primer jugador en alcanzar la puntuación establecida gana la partida. Hay varios niveles de dificultad disponibles que determinan el tiempo disponible para cada disparo.
Assault (USA)	Una nave nodriza deja caer aliens, hasta tres en la pantalla a la vez. Hay diez por nivel. Debes dispararles y evitar sus disparos. Disparas empujando hacia arriba el joystick. Empujar a la izquierda o a la derecha te hace ir a izquierda o la derecha. Si mantienes pulsado el botón, empujando hacia la izquierda o la derecha disparas a izquierda o derecha. Enemigos posteriores lanzarán bolas de fuego que te persiguen por el suelo o divididas en dos enemigos más pequeños cuando les disparas. Si disparas sin parar, acumularás calor según lo indicado por la barra verde en la parte inferior derecha. Si te sobrecalientas o eres golpeado por un enemigo, perderás una vida. El juego termina cuando pierdes todas las vidas o llegas a una puntuación de 999.999. Recibes un nuevo hombre (4 como máximo) cada 10.000 puntos.
Asteroids (Japan, USA) (En)	Asteroids es una conversión del juego de arcade del mismo nombre. Juega el papel de un piloto de nave espacial atrapado en una gigantesca nube de asteroides y pulveriza los asteroides entrantes con el cañón de fotones de la nave. Cuando se destruyen todos los asteroides, el juego puede pasar a la siguiente ronda. Además del asteroide, el jugador también se enfrentará a una nave alienígena que dispara al azar a través de la pantalla.
Asteroids (USA)	Asteroids es una conversión del juego de arcade del mismo nombre. Juega el papel de un piloto de nave espacial atrapado en una gigantesca nube de asteroides y pulveriza los asteroides entrantes con el cañón de fotones de la nave. Cuando se destruyen todos los asteroides, el juego puede pasar a la siguiente ronda. Además del asteroide, el jugador también se enfrentará a una nave alienígena que dispara al azar a través de la pantalla.
Astroblast (USA)	Astroblast es la versión para Atari del juego Astrosmash de Intellivision. En Astroblast el jugador deberá defender su planeta de un lluvia de meteoritos, disparando a rocas espaciales gigantes para que no se estrellen con la superficie. Controlas una base de defensa en medio de una lluvia de meteoritos y otros objetos interestelares, cuando destruyes uno, ganas puntos y se divide en 2 meteoritos más pequeños, pero ten cuidado de no ser alcanzado por ninguno o que estos lleguen al suelo ya que perderás puntos.
Atari Video Cube (USA, Europe) (Atari Anthology)	En este juego, controlas a Marvin, el Maestro del Cubo. Lo mueves por un cubo de seis caras con nueve casillas por lado. El objetivo es conseguir que las nueve caras sean de un color en el menor tiempo posible o con el menor número de movimientos, según la variante de juego que elijas. Marvin cambia el color de una casilla al pararse sobre ella y presionar el botón de disparo. Marvin intercambiará su color con el de la casilla. Marvin no puede moverse a una casilla del mismo color que él. Para girar el cubo, simplemente muévete al borde y presiona el joystick en la dirección de rotación. Las variantes de juego permiten jugar a velocidad normal o rápida, contrarreloj o con el menor número de movimientos. Otras variantes hacen que el cubo muestre todas las casillas en negro excepto cuando gira, por lo que no sabes en qué color estás.
Atlantis (USA)	¡La ciudad perdida de Atlantis está siendo atacada! Oleada tras oleada de naves Gorgon se acercan, cada una de ellas armada con armas capaces de destruir una parte de la ciudad. Usted está a cargo de los puestos de mando en los bordes de la ciudad y necesita defenderla de los invasores. Las diversas naves Gorgon seguirán volando por la pantalla en diferentes números y diferentes patrones de vuelo. Al principio vuelan alto en el cielo, pero luego progresivamente van bajando. Si un enemigo baja lo suficientemente antes de que lo destruyas, usará sus armas y destruirá uno de los edificios de Atlantis. A medida que avances en el juego, las naves enemigas seguirán aumentando en velocidad. El juego termina cuando todos los edificios restantes de la ciudad han sido destruidos.
Atlantis II (USA)	¡La ciudad perdida de Atlantis está bajo ataque! Oleada tras oleada de naves Gorgon se acercan, cada una armada con armas capaces de destruir una parte de la ciudad. Estás a cargo de los puestos de mando en los bordes de la ciudad y debes defenderla de los invasores. Las diferentes naves Gorgon seguirán volando por la pantalla en números variables y con diferentes patrones de vuelo. Al principio vuelan alto en el cielo, pero progresivamente más bajo. Si un enemigo llega lo suficientemente bajo antes de que lo destruyas, usará sus armas y destruirá uno de los edificios de Atlantis. A medida que avanzas en el juego, las naves enemigas seguirán aumentando su velocidad. El juego termina cuando todos los edificios restantes en la ciudad han sido destruidos. ¿Te suena familiar? Debería. Atlantis II es una versión modificada de Atlantis. Cuando Imagic organizó el concurso &quot;Defend Atlantis&quot;, querían encontrar a los cuatro jugadores con las puntuaciones más altas y llevarlos a Bermudas para una gran final en la que competirían por premios en efectivo. Los doscientos cincuenta mejores concursantes recibirían equipos de esnórquel y los mil mejores camisetas. Sin embargo, más de cuatro personas alcanzaron la puntuación máxima en Atlantis, así que, para desempatar, a todos los jugadores con la máxima puntuación se les enviaron equipos de esnórquel, camisetas y una versión modificada del juego llamada Atlantis II. El juego modificado es más rápido, otorga menos puntos por cada impacto y la fuente de la puntuación es diferente.
Bachelor Party (USA)	El objetivo del juego es usar el control de tu paleta para alinear la Mosca Española con el soltero volador, dándole un impulso de energía y haciendo que rebote, y &quot;anotando&quot; con una de las encantadoras jóvenes que asisten a su fiesta. Al comenzar el juego, el soltero tiene cuatro vidas. Cada vez que falla la Mosca Española pierde una vida y suena una melodía. Después de perder cada vida, debes presionar el botón nuevamente. Cuando se pierden todas las vidas, el juego termina. Unos pequeños cuadrados en la franja en la parte inferior de la pantalla muestran cuántas vidas quedan, además de la que está en juego.
Bachelorette Party (USA)	Se trataba de un cartucho de doble extremo que contenía Bachelorette Party en un extremo y Burning Desire en el otro. Bachelorette Party era simplemente una versión modificada gráficamente de Bachelor Party con los roles de género invertidos. La mecánica de juego era, por lo demás, la misma. En Burning Desire, tu novia ha sido capturada por nativos y está siendo quemada como sacrificio. Estás colgado, desnudo, de un helicóptero y debes apagar las llamas, aparentemente escupiéndoles. Luego bajas tu pene erecto hacia la mujer, quien lo sujeta con la boca mientras la llevas a un lugar seguro. Debes hacer todo esto mientras esquivas las piedras que te lanzan. Si te golpea una piedra o tardas demasiado y tu chica se quema, pierdes una vida.
Backgammon (USA)	Backgammon para Atari 2600 (lanzado en 1979) es una adaptación electrónica del clásico juego de mesa de estrategia y azar, programado por Craig Nelson. Forma parte de la serie &quot;Atari Mindgames&quot; y fue uno de los primeros intentos de llevar juegos de mesa tradicionales a la consola. Objetivo: Al igual que en el juego de mesa, el objetivo es mover las 15 fichas propias alrededor del tablero según el resultado de dos dados, para finalmente sacarlas todas antes de que lo haga el oponente. Modos de juego: Se puede jugar de uno a dos jugadores. En el modo de un solo jugador, se compite contra la IA de la computadora, la cual se consideraba desafiante para jugadores principiantes e intermedios de la época.
Bank Heist (USA)	Eres un ladrón de bancos que conduce por un laberinto de calles (representando la ciudad) en un automóvil estilo década de 1930. Tu objetivo es claro: llevar a cabo &quot;asaltos a bancos&quot; al conducir sobre los símbolos de pilares blancos que representan los bancos. A medida que &quot;robas&quot; cada uno de los bancos, estos desaparecen y un coche de policía aparece en su lugar, comenzando una persecución a alta velocidad después de unos momentos. Debes evitar a los policías para mantenerte con vida. Afortunadamente, no estás completamente indefenso, ya que tienes un suministro de dinamita que puedes dejar estratégicamente para destruir los coches de policía.
Barnstorming (USA)	En Barnstorming eres el piloto de un biplano. Su punto de vista es desde un lado mientras la pantalla se desplaza horizontalmente. Tu objetivo es volar a través de un número determinado de graneros en el menor tiempo posible. Aparecerán varios obstáculos en tu camino, incluidas bandadas de gansos, molinos de viento y veletas. Chocar contra cualquiera de estos obstáculos perderás velocidad, lo que aumentará tu tiempo total. El juego tiene varios niveles de dificultad que requerirán que vueles a través de entre 10 y 25 graneros dependiendo de la dificultad.
Base Attack (Europe)	Base Attack, conocido en Europa como Cosmic Town, es la respuesta de Home-Visions a la fórmula '' Atlantis '' de Imagic. En lugar de defender las ciudades de un ataque aéreo, eres tú el que estás atacando las ciudades desde el aire. Controlarás una nave que puede disparar y moverse en las cuatro direcciones. Tu misión es destruir un conjunto de bases que hay en la superficie del planeta. Estas bases te dispararán y de vez en cuando aparecerán misiles desde los lados, aunque puedes destruir estos misiles con tu cañón.
Basic Math (USA)	Un juego de matemáticas muy sencillo para niños. Cada partida de Matemáticas Básicas ofrece al jugador un conjunto de diez problemas matemáticos básicos (suma, resta, multiplicación o división) para resolver. Se le presentan dos números y una función, y debe introducir la respuesta recorriendo los números con el joystick. Hay una opción de temporizador disponible para aumentar la dificultad. El juego tiene ocho configuraciones principales: básicamente, dos configuraciones para cada función matemática. Las partidas 1 a 4 permiten seleccionar uno de los números con los que se trabajará, mientras que las partidas 5 a 8 plantean preguntas aleatorias.
BASIC Programming (USA)	¿Alguna vez quisiste probar la programación pero no sabías por dónde empezar? Programación BASIC para Atari 2600 hace que programar sea, bueno, básico. BASIC es el acrónimo de Beginner's All-purpose Symbolic Instruction Code (Código de Instrucción Simbólica de Uso General para Principiantes). Junto con el manual, este cartucho te ayudará a aprender los primeros pasos de este lenguaje de programación fácil de aprender. Puedes crear programas sencillos, juegos e incluso componer tu propia música. Se permiten hasta nueve líneas de código. Para simplificar la introducción de datos, Programación BASIC requiere un conjunto de controladores de teclado especiales que se conectan a los puertos de joystick izquierdo y derecho. Estos controladores de teclado venían incluidos en el paquete original.
Basketball (USA)	El baloncesto te permite jugar uno contra uno contra la computadora o contra otro jugador. La cancha se ve lateralmente, con una canasta en cada extremo de la pantalla. Con el joystick, puedes mover a tu jugador por la cancha, driblar/lanzar el balón e intentar bloquear a tu oponente. El partido se juega en dos tiempos de 4 minutos, y el jugador que anote más puntos gana. Hay dos niveles de habilidad disponibles, que se pueden configurar individualmente para cada jugador.
Battlezone (Japan, USA) (En)	Battlezone es un videojuego arcade de Atari, lanzado al mercado en 1980. El juego simula un combate de tanques con una vista tridimensional de líneas (con gráficos vectoriales) en un plano horizontal en blanco y negro, con un monitor CRT. Mediante una lámina translúcida adherida a la pantalla la imagen se ve en verde y rojo. Debido a sus innovaciones este juego fue muy popular durante muchos años.
Beamrider (USA)	Beamrider es un juego de acción arcade en 3-D. Controlas una nave espacial con la misión de limpiar 99 sectores del espacio de alienígenas hostiles. La nave espacial está situada en la parte inferior de la pantalla y sólo puede detenerse en uno de los cinco haces de luz. Estás armado con láseres y torpedos; Los torpedos son más poderosos y pueden destruir más enemigos en comparación con los láseres, sin embargo, solo obtienes tres por nivel. Para completar un sector, debes destruir quince platillos voladores blancos y después el centinela del sector. Cada sector de número par hasta el sector 16 agregará un nuevo tipo de enemigo al que enfrentarse. Estos enemigos adicionales solo intentarán ralentizar tu misión, porque solo es necesario destruir los platillos volantes para avanzar. Ocasionalmente aparecerá un power-up para ganar una vida extra, pero si le disparas accidentalmente se convertirá en un enemigo mas.
Beany Bopper (USA)	En este juego, eres Bopper. El objetivo es aturdir y luego capturar Beannies. También puedes atrapar Bouncing Orange Eyeballs y varios objetos que caen. Si un Beanny no aturdido te toca, pierdes una vida. No es necesario que llegue al punto de hacerlo, pero hacerlo hace que disminuyan la velocidad. Obtienes un Bopper extra disparando cuatro Beanies seguidos sin perder un Bopper. Hay dos opciones de juego, donde los Beannies rebotan en las paredes de la pantalla y el otro por donde pasan.
Beat'Em & Eat'Em (USA)	Eres una protagonista local y todos los chicos de la zona alta están haciendo fila para una cita, pero un experto traficante de refrescos a la vuelta de la esquina está más cerca de ti y parece que no te cansas de sus famosas delicias en la fuente. La mayoría de las noches, el lugar está lleno de actividad, la ciudad clama por ese helado premium envasado a mano de Casanova, y para demostrar que eres la única chica de la ciudad que puede preparar su refresco, tendrás que esforzarte en los asuntos que tienes entre manos y estar un paso por delante de la multitud. Demuestre que su corazón está en el lugar correcto (en el momento correcto) y estará seguro de recibir todo lo que se merece.
Berenstain Bears (USA)	En este juego de aprendizaje para niños, juegas como el oso Berenstain llamado Hermano. En su monociclo, primero debe evitar golpear piedras en la carretera. Luego estarás en el bosque, donde, dependiendo del casete que hayas seleccionado, tendrás que coger los números, letras o letras correctos para deletrear una determinada palabra. Después de atrapar los elementos requeridos, continúe y tenga que esquivar piedras nuevamente o cruzar uno o dos puentes que se abren y se cierran. Si golpea una piedra, atrapa el objeto que cae incorrecto o no cruza el puente a tiempo, escuchará un sonido de advertencia, pero no perderá una vida. Puedes jugar sin parar hasta que decidas parar.
Bermuda Triangle (USA)	Bermuda Triangle es un juego de acción de desplazamiento lateral para uno o dos jugadores. Eres el piloto de un minisubmarino que explora las aguas del Triángulo de las Bermudas. Tu objetivo es ganar tantos puntos como sea posible recolectando tesoros y destruyendo a los diversos enemigos que encontrarás. Tu minisubmarino está equipado con un rayo tractor que puedes usar para recoger tesoros en el fondo del océano; cuando recuperes un tesoro, deberás llevarlo a salvo hasta el buque de investigación en la superficie. Tu minisubmarino también está equipado con láseres que puedes usar para destruir los numerosos peligros que encontrarás, incluyendo calamares gigantes, tiburones devoradores de hombres, minas, bombas, barcos enemigos y más. El juego termina cuando todos tus minisubmarinos han sido destruidos, y hay varios niveles de dificultad disponibles.
Berzerk (Japan, USA) (En)	Berzerk es un videojuego desarrollado por Stern Electronics, lanzado en 1980 para arcade. El jugador controla un humanoide en un laberinto visto desde arriba. Debes avanzar eliminando un ejército de agresivos robots que trataran de detenerte. Es un precursor del genero run and gun, que influyó notablemente en el diseño de Robotron: 2084. El juego presenta características de juego innovadoras (en particular disparos multidireccionales) y sonidos de voz sintética.
Big Bird's Egg Catch (Japan, USA) (En)	&quot;Big Bird quiere ganar el concurso de huevos de la feria del condado y tú puedes ayudarlo. Una gallina en la parte superior pondrá un huevo y bajará por un tobogán. Debes colocar a Big Bird debajo del tobogán correcto para atrapar el huevo. El primer juego es para un solo jugador. Los juegos del dos al diez pueden ser para uno o dos jugadores. Todos los juegos constan de dos rondas. El primer juego es una ronda de práctica. Hay dos gallinas y toboganes rectos, y cuando mueves a Big Bird hacia la izquierda o la derecha, él se posiciona justo debajo del tobogán. En los juegos dos y tres hay tres y luego cuatro toboganes, y el juego se acelera en la segunda ronda. Los toboganes del juego dos son rectos, y los del juego tres zigzagueantes. Big Bird sigue posicionándose bajo un tobogán.
Black Jack (USA)	Blackjack se basa en el juego de cartas de casino del mismo nombre. Puedes jugar solo o con hasta otros dos jugadores contra el equipo que toma el papel de la banca. El juego sigue las mismas reglas básicas como su homólogo del casino. Cada jugador comienza el juego con 200 fichas y cada uno puede apostar de 1 a 25 fichas para conseguir una mano. Un jugador rompe la banca cuando llega a 1000 fichas y pierde cuando no tiene más fichas para apostar. En ambos casos, él se retira del juego. En cualquier momento, un jugador puede abandonar o reanudar el juego utilizando el interruptor de selección de juego. Un jugador que fue a la quiebra o que llegó a 1.000 fichas también pueden permanecer en el juego utilizando el mismo interruptor. La continuación, se iniciará con 200 fichas.
Blueprint (USA)	Tu novia Daisy está en problemas! Ollie Org la está persiguiendo en la parte superior de la pantalla, y hay que acudir al rescate. Para detener a Ollie antes de que acabe el tiempo, necesitas construir una máquina. El proyecto original de la máquina está en la parte inferior de la pantalla, por lo que todo lo que necesitas hacer es localizar las piezas que están ocultas en las numerosas casas en un laberinto como pueblo. Cuando encuentres una parte, arrastrarla hacia atrás y debes colocarla en el proyecto original. Cuando se han localizado todas las partes, presiona el botón de inicio y la máquina estará lista! Para hacer tu tarea más difícil, hay varios obstáculos que se interponen en el camino. Si entras en una casa que no contenga una parte, en su lugar saldrás con una bomba. Tendrás que darte prisa y difundir la bomba en el pozo de bombas antes de que exploten! De vez en cuando, una maceta caerá de arriba. Si eres golpeado por una maceta, se pierde una vida. También hay que tener cuidado de Fuzzy Wuzzy, que se pasea por el barrio al azar. Un encuentro con Fuzzy Wuzzy también es mortal! Escondido en el pozo de bombas eestá Sneaky Pete; si bien no es mortal, de vez en cuando aparece y pulsa el botón de inicio antes de que tu máquina está completa. Si esto sucede, tendrás que arrastrar a Pete de nuevo a la fosa de bombas y volver a montar todas las piezas de la máquina.
BMX Air Master (USA)	En este juego, montas tu BMX y realizas diversos trucos. Los trucos se realizan en half-pipe, quarter pipe y rampas. Algunos de los trucos que puedes hacer son loops, giros, volteretas y rebotes. En el modo práctica, puedes seleccionar qué evento realizar. En el modo arcade, realizas los eventos en un orden preestablecido. En el modo avanzado y en los niveles superiores, debes alcanzar la rampa/tubería con ángulos más precisos al descender, y la gravedad y el pedaleo se vuelven más difíciles.
Bobby Is Going Home (USA)	El jugador controla a un niño llamado Bobby que tiene que pasar a través de siete pantallas, saltar por encima de animales como mariposas, patos y otros peligros. El juego se asemeja Pitfall!
Bogey Blaster (Europe)	Un sencillo simulador de vuelo y juego de combate aéreo. Derriba los aviones y esquiva la artillería antiaérea. Tienes munición y combustible limitados. Si derribas 10 aviones, puedes aterrizar para repostar, pero podrías perder munición. Solo recibirás la cantidad de munición que hayas utilizado para derribar aviones la última vez.
Boing! (USA)	Este es un juego reminiscencia del mítico &quot;Q*bert&quot;. En este juego, eres una burbuja y el objetivo es rebotar en cada una de las treinta y seis casillas para convertirlas a todas.
Bowling (USA)	Bowling es, por supuesto, un juego de bolos que se puede jugar con uno o dos jugadores. El juego es a partir de una vista lateral de la pista de bolos; usando el joystick, tienes que tratar de conseguir la mayor puntuación posible por derribar los bolos en la parte derecha de la pantalla. Hay varias variaciones de juego disponibles; en la variación más fácil, puedes usar el joystick para controlar la dirección de la bola. En el juego más difícil, una vez que se lanza la bola ya no puedes controlar su dirección. También hay dos niveles de dificultad que controlan lo difícil que es conseguir un Strike.
Boxing (USA)	oxing es un juego de acción de boxeo para uno o dos jugadores que se juega visto desde arriba. El juego tiene una duración de dos minutos, y el jugador que gana la mayor cantidad de puntos en ese momento gana. Ganas un punto por un golpe largo, dos puntos por un cercano golpe de energía, y si se puede noquear al rival vale cien puntos. Dos niveles de dificultad se incluyen que se pueden configurar de forma individual para cada jugador.
Brain Games (USA)	En Brain Games uno o dos jugadores intentan ganar tantos puntos como sea posible por resolver varios puzzles presentados por el ordenador. Hay seis puzzles diferentes incluidos!
Breakout ~ Breakaway IV (Japan, USA) (En)	En Breakout, hay una pared de ladrillos en la parte superior de la pantalla y tu objetivo es destruir toda la pared de ladrillos a la vez! Para hacer esto, controlas una pala en la parte inferior de la pantalla que se utiliza para reflejar una pelota que rebota en los ladrillos. Cuando la pelota golpea un ladrillo, lo destruirá. Se comienza con cinco bolas, y el juego termina cuando las cinco se caen en la parte inferior de la pantalla.
Bridge (USA)	Bridge es, por supuesto, un juego de Bridge computarizado para un jugador. La computadora maneja tanto a tu pareja y a tus oponentes, cualquiera de los cuales se pueden ajustar a un nivel experto o nivel de principiante.
Buck Rogers - Planet of Zoom (USA)	Basado libremente en el cómic de Buck Rogers, Buck Rogers: Planet of Zoom es un juego arcade de carreras de ritmo rápido que tienen lugar en una pista de carreras futurista. Guía tu nave espacial entre las torres y derriba a otros corredores enemigos.
Bugs (USA)	Has sido enviado a un planeta para investigar las lecturas de signos de vida. Al llegar allí, descubres insectos gigantes que tratarán de hacerte daño, así como un misterioso Phylanx. A medida que los insectos salen de la planta, debes colocar el punto de mira por debajo de ellos y disparar. Cuando aparezca el Phylanx, será verde luego irá a verde oscuro y luego rojo. Cuando se vuelve de color rojo, se moverá hacia atrás y adelante a través de la pantalla. Si un insecto consigue salir de su nido o tu punto de mira es tocado por un Phylanx rojo, se pierde una vida. Entonces, si es un juego de dos jugadores, es el turno del jugador dos.
Bugs Bunny (USA) (Proto 2)	Bugs se ha robado zanahorias de Elmer. El sabueso de Elmer ha encontrado al &quot;wepulsivo wonejo&quot; y lo ha desenterrado. Ahora, Bugs tiene que regresa a su madriguera para evitar que le llenen la colita de plomo. Tienes tres niveles en la pantalla. Debes elegir un nivel y presionar el botón para robarte la zanahoria. Una vez que la zanahoria ha sido robada, el sabueso de Elmer rascará donde antes se encontraba la zanahoria, forzándote a salir del agujero. Entonces tendrás que buscar la manera de regresar a este agujero y esconderte antes de que Elmer te dispare. Una vez que completes los tres niveles, avanzarás a la siguiente pantalla. Si Elmer te dispara tres veces, pierdes el juego. En la partida de dos jugadores, uno controla a Bugs y el otro a Elmer.
Bump 'n' Jump (USA)	Bump n Jump es un juego de carreras de acción jugado desde un punto de vista de arriba hacia abajo. La carrera se desarrolla a través de caminos traicioneros y en constante cambio, los numerosos coches enemigos tratarán de sacarte fuera de la carretera. Tu coche también tiene la capacidad de saltar muy alto si se tiene suficiente velocidad. Esto es útil para saltar sobre los coches enemigos si hay demasiados en el camino, y también debe utilizarse para saltar las brechas en la calzada y otros obstáculos de la carretera. A medida que los niveles progresan, el camino se hace más estrecho con más obstáculos, y los otros coches aumentan en número y en agresividad.
Bumper Bash (USA)	Este es un juego de pinball para Atari 2600. Se usan los botones de un mando de palanca. Para bajar el émbolo, se presiona el botón derecho. Para reducir la fuerza del émbolo, se presiona el botón izquierdo. Para disparar, se presionan ambos botones. Luego, se usan los botones izquierdo y derecho para controlar los flippers. El juego incluye objetivos rodantes, bumpers, spinners y objetivos emergentes. Puntuación Superior Rollover = 100 puntos Botón Rollover = 50 puntos Tope Superior = 50 o 500 si parpadea Par de Bumpers = 10 o 100 si parpadea Spinner = 10 Objetivo Drop = 100 x Valor del Objetivo Drop Rail Bumper = 5 La selección de juego y los interruptores de dificultad no se utilizan.
BurgerTime (USA)	Juegas como el Chef Pepper y tu objetivo es hacer hamburguesas gigantes mientras que los huevos diabólicos y los embutidos te persiguen alrededor del área de juego. Para realizar correctamente una hamburguesa debes montar todos los ingredientes juntos en la parte inferior. Para hacer realidad esto tienes que pasar con el Chef Pepper sobre todos los ingredientes de la hamburguesa. Cuando pasas por encima este cae al nivel inferior. Los alimentos que caen pueden aplastar a cualquier enemigo que te siga y también &quot;reactivar&quot; cualquier otro ingrediente que haya más abajo. Además, como defensa de emergencia contra la comida enemiga, puedes obtener pimenteros que te permitirá crear una pequeña nube de pimienta que aturde a los enemigos momentáneamente, lo que te permite caminar junto a ellos.
Burning Desire (USA)	Sujetado por un helicóptero, debemos salvar a la pobre mujer entre las llamas, de las manos de los caníbales que a su vez nos tiran piedras y deberemos esquivar. Con nuestro pene eyacularemos para amansar el fuego y también hará de &quot;órgano de sujeción&quot; para que se agarre con toda seguridad para escapar. En Jungle Fever los papeles se invierten y hacemos de mujer.
Cabbage Patch Kids - Adventures in the Park (USA) (Proto) (1984-09-13)	Otro prototipo perdido y nunca lanzado ha salido a la luz, gracias al descubrimiento de Alex Handy en un mercado de pulgas en California. Alex encontró una colección de viejas EPROMs, dándose cuenta más tarde de que había encontrado una copia de Cabbage Patch Kids: Adventures in the Park para el Atari 2600, un título lanzado para el ColecoVision pero que nunca vio la luz en el 2600. Con la ayuda del entusiasta de Atari de larga data, Joe Grand, se realizaron volcados de todo lo encontrado por Alex. La mayoría de los volcados estaban relacionados con el ColecoVision, pero el juego de Cabbage Patch para el 2600 resultó ser el hallazgo de toda una vida para los fanáticos de Atari. Alex publicó rápidamente todas las imágenes volcadas en su blog, incluyendo 10 versiones diferentes del juego de Cabbage Patch. Por casualidad, Cabbage Patch Kids: Adventures in the Park es un juego impresionante, comparable en calidad a muchos juegos modernos caseros.
Cakewalk (USA)	Cakewalk es un juego publicado en Atari VCS 2600. El objetivo del juego es, en varios niveles de dificultad, atrapar los pasteles antes de que caigan al suelo, evitando ser tocados por tenedores y cuchillos voladores.
California Games (USA)	&quot;California Games&quot; es un test de habilidades para uno o más jugadores, hasta un máximo de ocho. El objeto es ganar trofeos en cada prueba, aparte del trofeo por la mejor labor general. Seis son las pruebas: Half Pipe Skateboard, Foot Bag, Surfing, Skating, BMX Bike Racing, y Flying Disk. Puedes practicar o competir en una sola prueba, competir en todos, o incluso montarte una competición con las pruebas que tu quieras. Cada jugador elige un sponsor para la competición. Serás juzgado sobre cada prueba, y llevarán la cuenta de tus totales. Los trofeos son entregados a los mejores. Si consigues un nuevo récord en alguna prueba, tu nombre será grabado y mostrado en la Tabla de Honor. Intenta conseguir ser el Campeón California!
Canyon Bomber (USA)	El jugador y un oponente vuelan sobre un cañón formado por capas de colores. Los jugadores dejan caer bombas en el cañón, rompiendo las bolas. Los jugadores ganan puntos por el número y tipo de las bolas destruidas. El jugador con la puntuación más alta gana. Canyon Bomber es único en el que el juego se controla completamente con un solo botón. El jugador no tiene la capacidad de controlar el vuelo de los dirigibles y los biplanos, en su lugar, el jugador simplemente tiene que pulsar el botón en el momento adecuado para lanzar las bombas. A medida que se reduce la cantidad de bolas, se hace más difícil golpear las bola sin perder. Si el jugador no golpea bolas tres veces, el juego ha terminado.
Care Bears (USA) (Proto)	El concepto del juego de Ositos Cariñositos consiste en agarrar el &quot;Icono de Barriguita&quot; de cada Osito Cariñosito mientras caen lentamente por la pantalla. Una vez recogidos todos los iconos, el jugador debe ordenarlos antes de que se acabe el tiempo. Aunque parezca fácil, hay que tener en cuenta que el juego está dirigido a niños pequeños, por lo que se debe simplificar.
Carnival (USA)	Carnival es un juego arcade de disparos fijo creado por Sega en 1980. Tiene la distinción de ser el primer videojuego con una ronda de bonos. El objetivo del juego es disparar a los objetivos, evitando cuidadosamente quedarse sin balas. Tres filas de objetivos se desplazan por la pantalla en direcciones alternas, que incluyen conejos, patos, búhos, y los puntos de bonificación. Si un blanco pato cruza la fila inferior sin recibir un disparo, comenzará a volar hacia el jugador. Los patos que llegan a la parte inferior de la pantalla van a comer algunas de las balas del jugador. Algunos objetos también aparecen periódicamente entre los objetivos que le darán al jugador balas extra o puntos cuando son golpeados. Una rueda que gira con ocho tubos se sienta encima de las hileras de blancos móviles; estos tubos y todos los objetivos deben ser disparados con el fin de completar la ronda.
Casino ~ Poker Plus (USA)	Casino para Atari incluye tres juegos de cartas: blackjack, five-card stud y poker solitario. Es posible jugar solo o con varias personas.
Cat Trax (USA)	Este juego trata de las más antiguas batallas: gatos vs perros. Eres el gato. Estás tratando de recoger las bolitas de comida de gato en un laberinto. Los perros molestos están decididos a atraparte. Eres perseguido por tres perros a través del laberinto. Periódicamente, aparecerá una poción verde. Si el gato tiene la poción verde, se transformará en una camioneta y puede capturar a los perros. Cualquier perro capturado es enviado a la parte superior de la pantalla, donde permanecen hasta que la poción se desvanece, momento en el que te persiguen de nuevo. El objetivo es comer todas las bolitas de comida para gatos en el laberinto sin perder todas tus vidas.
Cathouse Blues (USA)	En Cathouse Blues nuestro objetivo será pillar a 7 mujeres diferentes en un vecindario, después de cada encuentro deberemos pagar por ello. Como no, habrán obstáculos como casas con alarma que nos dejarán bloqueado durante un tiempo, policías que querrán capturarnos o un ladrón que nos dejará limpios si tropezamos con él. Nuestra final llegará cuando nos quedemos sin vidas.
Centipede (Japan, USA) (En)	En Centipede, el jugador está atrapado en el Bosque Encantado. Armado con sólo una varita mágica para protegerse de insectos del bosque, todos los cuales aparentemente están atacando al jugador en ondas continuas. El jugador debe usar la varita mágica para lanzar chispas a los insectos que se aproximan para ganar puntos pulsando el botón de control. Si mantiene pulsado el botón del controlador establecerá la varita a tiros rápidos de fuego. Si el jugador es picado por un insecto, el jugador estará temporalmente paralizado y perdera una de las tres varitas mágicas.
Challenge (Canada)	Como Alfred, debes correr, saltar y subir escaleras para llegar a las llaves para abrir las puertas para llegar al siguiente nivel. Cuidado con Tazniak y la Bukoï ya que tratarán de matarte. No te entretengas, ya que tienes un tiempo limitado para completar una pantalla. Hay tres pantallas y una pantalla oculta.
Challenge of.... NEXAR, The (USA)	Tienes que volar a través de los niveles destruyendo balizas radiactivas. Cuanto más alto sea el nivel, mayor es la necesidad de destruir. Estas balizas son custodiadas por naves. Puedes destruir estasnaves para los puntos o evitarlas. Tienes noventa y nueve segundos para destruir el número de balizas indicadas por el número que aparece en la parte inferior derecha de la pantalla.
Championship Soccer ~ Soccer (USA)	Championship Soccer para Atari VCS 2600 es un juego de deportes desarrollado por Atari. El objetivo de este juego de simulación de fútbol es marcar tantos goles como sea posible en un tiempo determinado. Puedes jugar contra la computadora o contra otro jugador. El juego ofrece varias opciones: autorizar o no penaltis, tamaño de las porterías, velocidad de los jugadores y tiempo del partido, dividido en dos mitades.
Chase the Chuck Wagon (USA)	Lanzado como parte de una campaña de promoción de Purina Dog Chow, Chase the Chuck Wagon pone a los jugadores en el control de Chuckie el perro. Chuckie debe ser guiado a través de un laberinto, evitando los objetos y al perrero, a la parte superior de la pantalla en la que puede ir directamente debajo de la carreta para escapar. Escapar del laberinto permite a Chuckie entrar en una pantalla de recompensa. Aquí, Chuckie puede encontrar un plato de comida para perros en el laberinto para los puntos de bonificación extra. Si Chuckie pierde, no se otorgarán puntos, y simplemente se le enviará a la siguiente pantalla.
Checkers (USA)	Checkers es una versión computarizada del popular juego de mesa que sigue las mimas reglas; el objetivo del juego es obtener las piezas de tu oponente de un tablero 8x8. Esto se logra moviendo tus piezas de forma diagonal hacia adelante en el tablero; una pieza de tu oponente es retirada del tablero si una pieza tuya salta sobre ella (si tienes la opción de saltar sobre una pieza de tu oponente, estás obligado a hacerlo). Al comienzo del juego las piezas solo se pueden mover en diagonal hacia adelante, hasta que llegan al otro extremo del tablero; entonces esa pieza se corona y puede moverse hacia adelante y hacia atrás. Se puede jugar con una persona en contra de la computadora (con tres niveles de dificultad disponibles) o dos jugadores, uno en contra del otro.
China Syndrome (USA)	El reactor de Spectra Island proporciona energía para millones de residentes. Normalmente, no hay ningún problema pero ha habido un terremoto. Esto ha dañado el reactor, haciendo que se liberen partículas radiactivas. Debes utilizar el brazo robot para recuperar estas partículas antes de la radiación se acumule demasiado y tengamos un colapso. Hay tres secciones por pantalla. Ellas de arriba a abajo, son de color rojo, azul y amarillo. Se comienza con una partícula en cada área y se debe mover el brazo robot para interceptar estas partículas, empujando el botón de disparo para captarlas cuando llegan al brazo robot.
Chopper Command (USA)	Chopper Command es un shooter de desplazamiento lateral. Como el piloto de un helicóptero de combate, tu misión es proteger el convoy de camiones que está viajando en la parte inferior de la pantalla. Cada ola se compone de numerosos helicópteros y aviones enemigos que intentan destruirte a tí y al convoy. Cuando se destruyen todos los enemigos en la ola actual, se puede pasar a la siguiente ola, más difícil. Para ayudar, un escáner de largo alcance se encuentra en la parte inferior de la pantalla que puede localizar los camiones del convoy, así como aviones enemigos. Buena suerte, las tropas de tierra cuentan con usted!
Chuck Norris Superkicks (USA)	En este juego de acción, asumes el papel de Chuck Norris en una búsqueda para llegar a un monasterio donde un líder importante es mantenido como rehén. El juego consta de varias pantallas diferentes: al comenzar y entre peleas verás una vista del camino que conduce al monasterio. Recorriendo el camino, te encontrarás con numerosos enemigos. Cuando peleas, la vista cambia a un primer plano de tu ubicación actual. Al presionar el botón del joystick y mover el joystick en una de las cuatro direcciones, puede realizar varias patadas, puñetazos y bloques. Los enemigos que te encuentras son variados, y algunos solo pueden ser derrotados por ciertos movimientos. El camino se bifurcará en dos o más recorridos; cuando esto sucede, solo una opción es correcta y las otras son callejones sin salida. Si eliges incorrectamente, tendrás que retroceder un poco y volver a intentarlo.
Circus Atari (Japan, USA) (En)	Estalla los globos y gana puntos. Una pared de globos de color rojo, azul y blanco aparecerá en la parte superior de la pantalla. Debe estallar los globos lanzando un payaso con el trampolín. Utiliza el controlador para mover el trampolín de izquierda a derecha. Cada vez que un payaso hace estallar un globo, el globo desaparecerá y ganas puntos. Cada jugador recibe cinco payasos. Si el payaso cae al suelo pierdes una vida. Pulsa el botón de control y el otro payaso rebotará en el trampolín de la esquina izquierda o derecha del campo de juego. Después de que los cinco payasos se hayan estrellado el juego ha terminado. Los payasos pueden aterrizar en cualquier punto del trampolín, salvo donde el otro payaso está sentado, lo que hace que se bloquee.
Coco Nuts (USA)	En CocoNuts Stanley el intrépido explorador de la selva está siendo atacado por Coco el mono! Coco está en los árboles lanzando cocos a Stanley. Controlas a Stanley y tienes la necesidad de esquivar los cocos. Comienzas el juego equipado con un casco y un paraguas para protegerte. Cada vez que eres golpeado por un coco, se pierde uno de estos elementos. También es posible recuperar un elemento al anotar suficientes puntos. El juego termina cuando no te queda nada para protegerte y un coco te pega. Por supuesto, cuanto más tiempo puedas durar en el juego, más rápido se vuelve!
Codebreaker (USA)	En Codebreaker tu objetivo es adivinar un código secreto de 3 o 4 dígitos que se genera por la computadora u otro jugador. Dependiendo del nivel de dificultad, el jugador tiene 8 o 12 conjeturas para averiguar el código mediante la introducción de valores con el controlador del teclado. Después de cada conjetura, la computadora analiza los resultados de tu entrada y la pantalla indica si tienes un dígito correcto en la posición correcta, un dígito correcto en la posición incorrecta, o no hay dígitos correctos en absoluto. Los puntos se anotan según el número de vueltas que se necesitan para identificar correctamente el código. Una segunda variante del juego llamado Nim también se incluye. En este juego, dos jugadores se turnan para la eliminación de los elementos de una pila. En cada turno, un jugador debe tener al menos un elemento de una pila, y el jugador que elimina el último elemento consigue la victoria.
Combat (USA, Europe) (Atari Anthology)	Un juego de tanques de 2 jugadores. Dispara al tanque enemigo antes de que te dispare a tí. Puedes elegir como alternativa jugar con aviones en lugar de tanques.
Combat ~ Tank-Plus (Japan, USA) (En)	Un juego de tanques de 2 jugadores. Dispara al tanque enemigo antes de que te dispare a tí. Puedes elegir como alternativa jugar con aviones en lugar de tanques.
Commando (USA)	Varios niveles esperan a tu Comando súper duro en este juego de desplazamiento vertical. Armado con sólo un rifle estándar y algunas granadas debes acabar con hordas de nazis. Algunos están deambulando en abierto, mientras que otros han elegido escondites, que debes abordar desde ciertos ángulos. Los árboles, ríos y puentes crean un terreno variado de combate y deben ser incorporados en tu forma de pensar. Granadas adicionales se pueden recoger, y sin duda se requieren, ya que permiten que mates desde lejos y así evitar algunos disparos enemigos.
Commando Raid (USA)	Tu ciudad está siendo atacada por commando raiders, y tu trabajo es defenderla! Tú controlas una gran arma en la parte inferior de la pantalla. Helicópteros dejan caer paracaidistas, los cuales deben ser destruidos. Si un paracaidista llega a tierra puede dañar y eventualmente destruir uno de los edificios de la ciudad. Después, los paracaidistas empezarán entonces un túnel hacia tu arma en un esfuerzo para destruirla. De vez en cuando un avión volará y soltará una gran bomba. La bomba necesita ser disparada antes de que aterrice, o puede destruir toda la ciudad! El juego termina cuando el arma es destruida por una bomba o un paracaidista.
Communist Mutants from Space (USA)	Communist Mutants From Space es un juego de acción con una mecánica similar a Space Invaders. Tu objetivo es defender tu planeta de los ataques de varios guerreros mutantes. Controlas un cañón antimutantes en la parte inferior de la pantalla y debes eliminar a tantos mutantes como puedas en la parte superior. En la parte superior de la pantalla, una criatura madre genera huevos mutantes que se forman. Varias criaturas nacen lentamente de los huevos, descienden e intentan bombardear o colisionar con tu cañón. Destruir a la criatura madre y a todos los mutantes en pantalla te permite avanzar al siguiente nivel, más difícil. Incluye varias opciones de juego, que te permiten activar o desactivar un escudo, un disparo guiado, un salto temporal para ralentizar el juego temporalmente y un disparo penetrante que elimina a varios mutantes de un solo golpe.
Computer Chess (USA) (Proto)	Juego se Ajedrez estandart con distintos niveles de dificultad. Los niveles de habilidadnnEstos determinan el tiempo que el equipo va a pensar en su movimiento. Estos tiempos son aproximados y pueden variar ligeramente, dependiendo de qué movimiento que hiciste. Nivel 1 = 15 segundosnnNivel 2 = 30 segundosnnNivel 3 = 45 segundosnnNivel 4 = 2 minutos, 45 segundosnnNivel 5 = 3 minutos, 15 segundosnnNivel 6 = 12 minutosnnNivel 7 = 10 horasnnNivel 8 = 10 segundos
Condor Attack (USA)	Condor Attack es un videojuego matamarcianos publicado en 1982 por la empresa Ultravision para la consola Atari 2600. También fue lanzado por K-Tel Vision bajo el nombre Vulture Attack.
Congo Bongo (USA)	Congo Bongo es un juego arcade de plataformas similar en muchos aspectos a Donkey Kong, pero con una perspectiva isométrica. El jugador toma el control de un cazador de safari que está buscando a un mono llamado Bongo, determinado para castigarlo por haber prendido fuego en la tienda del cazador. El juego consta de cuatro etapas de una sola pantalla, cada una con un objetivo de saltar sobre las plataformas y llegar a la cima. Varios animales tratarán de detener el protagonista: por ejemplo, en el primer nivel de un gran gorila lanza cocos. El héroe no tiene habilidades ofensivas y debe saltar o evitar los ataques enemigos. Las etapas pueden contener obstáculos o puntos peligrosos que matarían al personaje principal.
Cookie Monster Munch (USA)	Manejas al Monstruo de las Galletas moviendo alrededor de un laberinto, recogiendo las galletas y traerlas de vuelta a un tarro de galletas. Hay diez variantes de juego: En los Juegos del uno al tres son para un jugador, los juegos de cuarto a diez son de uno o dos jugadores. En los juegos de uno, dos y tres, se mueve al Monstruo de las Galletas por el laberinto, consigue las galletas y las devuelve a la caja de galletas, una a la vez. Entre laberintos, el Monstruo de las Galletas come cada galleta, una a la vez. Hay tres laberintos por partida. En el juego uno, hay una, dos y luego tres galletas. En el juego de dos, cuatro, cinco y luego seis y en el juego tres, siete, ocho, y nueve.
Cosmic Ark (USA)	¡El sistema solar Alpha Ro está en peligro! Su sol está a punto de convertirse en supernova, lo que significa la muerte de los muchos planetas y exóticas formas de vida que allí viven. Afortunadamente, los nobles atlantes han oído hablar de la difícil situación de Alpha Ro y han enviado un arca cósmica, desde miles de años luz, para intentar salvar tantas especies como sea posible. Como capitán del Arca, temdrás que lidiar con terribles tormentas de meteoritos y con los sistemas de defensa de los planetas si quiere tener éxito en su misión. Cosmic Ark cuenta con dos pantallas de juego: en la primera, tendrás que destruir con cañones los meteoritos que vienen desde las cuatro direcciones. Destruyelos todos y puedes pasar a la segunda pantalla. En la segunda pantalla, el Arca desciende sobre uno de los planetas de Alfa Ro y debes guiar una nave para subir a bordo a las criaturas con el rayo succionador, mientras evitas los sistemas de defensa láser que puedan estar en funcionamiento. Deberás regresar a la nave con las criaturas lo antes posible, porque en cualquier momento puede aparecer otra lluvia de meteoritos y destruir el arca mientras está fuera. ¡Buen viaje!
Cosmic Commuter (USA)	Cosmic Commuter tiene lugar en el año 2075. Trabajas en la Agencia de Viajes Galáctica, y ayudas a los ciudadanos que viajan hacia y desde el trabajo! Cada nivel consta de varias partes. En primer lugar, debes aterrizar con éxito el módulo cohete en la superficie del planeta (este contiene su astrobus). Esta parte del juego es similar al juego Lunar Lander; debes controlar la velocidad de la sonda para asegurarte de que no choque! En segundo lugar, el segmento de desplazamiento horizontal en el que debes controlar el astrobus e intentar recoger a los pasajeros en las paradas de autobús. Una vez que todos los pasajeros son recogidos, regresa al módulo cohete y despega para transportar a los pasajeros a la gran estación espacial central. Por supuesto, hay muchos obstáculos que pueden impedir una misión exitosa. Los meteoros, bolas de fuego y minas espaciales pueden destruir tu astrobus. Tu astrobus está equipado con un láser que puede ser utilizado para destruir estos obstáculos. El astrobus también tiene una cantidad limitada de combustible; si comienzas a quedarte sin combustible es mejor encontrar más combustible antes de que te estrellas!
Cosmic Creeps (USA)	La civilización está condenada! Tú eres nuestra última esperanza! Debes proteger a los niños de los Creeps Cósmicos, y escapar del planeta! La primera parte del juego es el viaje. Comienzas en la parte inferior de tu Orbinaut. Debes moverte a la estación espacial en la parte superior, evitando el plasma, que se mueve de arriba a abajo, y los Skeeters, que se mueven de izquierda a derecha o de derecha a izquierda. Si eres golpeado por cualquier cosa, debes comenzar de nuevo. El lanzamiento de una nueva Orbinaut, sin embargo, también hace al planeta decaer un poco más
Cosmic Swarm (USA)	Estás en el Waypoint Interestelar de Comercio, un puesto tranquilo en el espacio, cuando de repente un grupo de termitas cósmicas que se alimentan de minerales despierta. Entonces empiezan a hacer sus nidos. Usando tu nave sonda, debes destruir las termitas y sus bloques de nidos. Sólo tienes que disparar a las termitas para destruirlas, pero sus bloques de nidos se deben activar antes de poder destruirlos. Para activar un bloque de nido, tienes que golpear a un bloque mientras una termita aún loe carga. Esto activará todos los bloques en la pantalla.
Crackpots (USA)	Un aluvión de insectos están atacando tu casa, y hay que defenderla con las macetas! Controlas a tu personaje en la parte superior de la pantalla donde hay seis plantas en maceta. Estas pueden ser lanzadas sobre los insectos para destruirlos según suben de la alcantarilla en la parte inferior. Justo debajo de las macetas hay seis ventanas; y necesitas asegurarte de que destruyas a los insectos antes de que puedan llegar a estas ventanas. Si seis de los bichos llegan a las ventanas, se come una capa de tu casa. Esto te dejará un paso más cerca de la parte inferior de la pantalla, lo que hace más difícil destruir los insectos! Hay cuatro insectos de color diferentes en el juego, cada uno de los cuales tienen un patrón diferente de movimiento. A medida que subes de nivel, los insectos seguirán llegando más y más rápido! El juego termina cuando se han comido seis capas del edificio.
Crash Dive (USA)	El objetivo de este juego es utilizar su submarino volador, el Sea Hunter, para destruir a los enemigos y conseguir tesoros. Te mueves más rápido cuando estás en el aire, y a mitad de velocidad cuando estás en el agua y no se puede mover hacia adelante cuando estás en el fondo del mar. El juego se acaba cuando estrellas el submarino o se queda sin combustible. Puedes repostar por acoplamiento en la parte superior de la mar (cuando aparece a un barco sin un arma). El séptimo obstáculo es siempre el campo de minas. Si sobrevives a esto se te dará otra oportunidad para abastecerte de combustible antes de avanzar para encontrar más tesoros.
Crazy Climber (USA)	Como loco escalador, debes escalar a la cima de una serie de edificios, donde un helicóptero está esperando para recogerte y te llevará al siguiente edificio. Cuando escalas un edificio, eres capaz de subir e ir hacia los lados, pero no puedes bajar. Mientras subes un edificio, las ventanas se abren y cierran simultáneamente. Si cualquier ventana se cierra en cualquiera de tus manos vas a perder tu agarre. Sin embargo, si una ventana se cierra en tus dos manos, caerás, lo que resulta en la pérdida de una vida. Tienes tres escaladores en total, pero se te otorga un escalador extra cada 30.000 puntos.
Cross Force (USA)	Parece ser que los Morplus del planeta Tzoris han aterrorizado a la galaxia, dejando muerte y destrucción a su paso. Pero ahora, nuestros científicos han desarrollado nuestra arma más nueva, el Spectron! Serás implementado con esta arma y debes destruir el mayor número de Morplus que puedas. Tienes dos láseres, uno en la parte superior y unoa en la parte inferior que dispara hacia arriba. controlas ambos láseres. Dependiendo de lo que elijas, puedes tener ambos láseres paralelos entre sí o que se muevan frente el uno del otro. Tu objetivo es disparar el láser, que dispara desde un láser a el otro, y destruir a los enemigos capturados en el fuego cruzado. La nave nodriza es indestructible.
Crossbow (USA)	En Crossbow tú y varios amigos estais tratando de cruzar muchos paisajes traicioneros con el fin de recuperar los tesoros robados del castillo del Maestro del Mal. Todos los miembros de tu grupo están desarmados, sin embargo llevas una ballesta. Debes usarla para disparar a los obstáculos o enemigos hostiles que pueden interponerse en el camino de tus amigos mientras cruzan la pantalla. Ves el paisaje desde primera persona, y uno a uno cada miembro del equipo caminarán desde la izquierda a la derecha en la pantalla. Hay muchos paisajes diferentes que necesitan ser cruzados, cada uno con su propia variedad de peligros. Hay desiertos con escorpiones, cavernas de hielo, selvas con monos hostiles, un volcán escupiendo lava, e incluso el castillo fuertemente custodiado. El juego comienza con dos amigos en tu grupo, con amigos uniéndose después de despejar ciertas partes del juego. El juego termina cuando todos en tu equipo ha sido asesinado.
Crypts of Chaos (USA)	El objetivo de este juego es matar a los monstruos en las criptas, conseguir cualquier tesoro que puedes encontrar, y salir. Tu armas son una espada (ataques ilimitados pero inútil contra magos), varita (ataques limitados, dependiendo de la selección del juego, inútiles en dragones), anillo de poder (ataques limitados, dependiendo de la selección del juego), y el símbolo de la paz (usos ilimitados). Tu enemigos son trolls, ranas, serpientes, calaveras, gotas, ojos, magos y dragones. El nivel uno tiene sólo trolls, el nivel dos tiene trolls y las ranas, el nivel tres tiene trolls, ranas y serpientes, etc. hasta el nivel ocho, el cual tiene todo.
Crystal Castles (USA)	¡Bentley Bear está atrapado en Crystal Castles! Para salir, tendrá que recoger todas las gemas ubicadas en todo el castillo. El juego se juega en una vista isométrica del castillo. Cuando Bentley recolecte todas las gemas en el castillo actual, pasará al siguiente castillo, más difícil. Vagando por los castillos hay una gran variedad de criaturas peligrosas, que Bentley debería evitar. De vez en cuando, aparecerá un sombrero mágico. Si Bentley recoge el sombrero, será invencible temporalmente para los habitantes de los castillos.
Cubicolor (USA) (Proto)	El objetivo de Cubicolor es hacer coincidir el patrón que se muestra a los lados. Se muestra una cuadrícula de cinco por cinco en el centro de la pantalla. A izquierda y derecha hay una cuadrícula de tres por tres con un patrón. Debes hacer coincidir el área central de tres por tres de la cuadrícula de cinco por cinco. Para moverte, mueve el joystick en una dirección para seleccionar una casilla y luego mantén pulsado el botón mientras mueves el joystick para mover esa casilla. En partidas de dos jugadores, intenta hacer coincidir el patrón antes que tu oponente.
Custer's Revenge (USA)	Custer´s Revenge retrata a George Armstrong Custer en calidad de un auténtico pistolero, con su pañuelo, botas, sombrero y... una buena &quot;Pistola&quot;. Superando los obstáculos, Custer tiene como objetivo violar a una nativa americana al más puro estilo rudimentario.
Dan Kitchen's Tomcat - The F-14 Fighter Simulator (USA)	Conviértete en un piloto de F-14 en combates aéreos mortales con tu cañón de 20 mm y misiles aire-aire. El modo de juego al igual que otros juegos de simulación consiste en despegar, volar, combatir y aterrizaje. Aunque la mayor parte del juego se centra en torno a los combates aéreos con enemigos (esquivando misiles). Además de eso, también hay misiones de noche que añaden dificultad debido a la visión limitada. Tu armamento consiste en una ametralladora M 61 y 3 diferentes Misiles (AIM 7, 9, 54) cada uno lleno con 15 misiles (que es una gran cantidad de misiles!). Después de cada misión recibirás un Rating de la Misión que se basa en tu habilidad de vuelo y número de muertes.
Dancing Plate (Europe) (Puzzy)	¿Te gustaría probar este tradicional juego de hacer bailar los platos chinos? ¡Esta es tu oportunidad! Haz que varios platos giren en la parte superior de las diferentes varitas y manténlos todos en equilibrio. Si un plato cae, corre para cogerlo porque si rompes demasiados platos, se acaba la partida.
Dark Cavern (USA)	Night Stalker o Dark Cavern es un videojuego publicado en 1982 por Mattel Electronics y M-Network para la consola Intellivision y para Atari 2600 (se le llamó Dark Cavern). En 1983 se lanzó la versión para Apple II y PC booter. Robots, murciélagos y arañas persiguen al jugador a través de un laberinto en Night Stalker, el cual es parecido al videojuego Berzeck, aunque un poco más lento. Los jugadores deben recoger una pistola que es colocada de forma aleatoria en el laberinto. La pistola tiene un cierto número de disparos, una vez vacía es vuelta a colocar en otra parte del laberinto.
Dark Chambers (USA)	Dark Chambers es un juego arcade de acción similar a Gauntlet. Eres un explorador en un laberinto subterráneo; tu objetivo es sobrevivir los 26 niveles diferentes y recoger la mayor cantidad de tesoros escondidos que puedas. Escondida en algún lugar de cada uno de los niveles hay una salida que te llevará al siguiente nivel. Tratando de evitar que completes tu misión hay una amplia variedad de criaturas, incluyendo zombis, fantasmas, esqueletos, magos y la parca. Cada una de las criaturas en el juego tiene una fuerza diferente; cuando se dispara a una criatura, se transformará en la próxima criatura más débil. Eventualmente una criatura se convertirá en la más débil (un zombi) en cuyo punto puede ser destruida. Además de las criaturas y tesoros, otros artículos que se pueden encontrar en el laberinto son llaves (para abrir puertas), pociones (para restaurar la salud), veneno (drenas salud), armas (aumenta tu tasa de disparo), trampas, escudos, y bombas. El juego se juega desde el punto de vista de arriba, y es para un jugador o dos jugadores al mismo tiempo.
David Crane's Pitfall II - Lost Caverns (USA)	Juegas a Pitfall Harry en busca del diamante de Raj, su sobrina Rhonda y tesoros en algún lugar de los Andes. Ranas venenosas, anguilas, escorpiones, murciélagos y otros peligros se interponen en tu camino. Pitfall II es la secuela de Pitfall, el juego de plataformas original. El modo de juego sigue siendo prácticamente el mismo: cada pantalla presenta una vista lateral de los obstáculos que hay que superar y los posibles tesoros que hay que recoger. A lo largo del camino hay puntos de control. Al morir, Harry Pitfall es enviado de vuelta al último punto de control cruzado.
Deadly Duck (USA)	Eres Deadly Duck y el objetivo es disparar tus balas de billetes a los cangrejos, los ladrillos que ellos te arrojan y a las libélulas. El juego continúa hasta que pierdes todos tus patos.
Death Trap (USA)	Un mensaje importante te han asignado para que entregues y en el camino una nave gigante conocida como IT te ha secuestrado, por lo que deberás destruir sus tres reactores para poder completar tu misión.
Defender (USA)	Defender pone a los jugadores a cargo de una nave enviada para proteger a la humanidad de una oleada tras otra de ataques de las fuerzas alienígenas. Armados con bombas inteligentes y la capacidad de utilizar el hiperespacio para moverse rápidamente por todo el planeta, el jugador debe luchar contra las naves Bombers, Pods, Swarmers, Baiters y Landers - que pueden capturar a los humanoides y transformarlos en mutantes letales e implacables. Si fallas en salvar a los humanoides el planeta ssrá destruido.
Demolition Herby (USA)	Wham! Bam! ¡Cuidado, señora! Eres Demolition Herby y eres el dueño de las carreteras. Debes conducir alrededor de una sección cuadrada para apagarlo; el objeto está oscureciendo todas las secciones. Sólo hay tres cosas en tu camino: los coches de persecución. Cuando conducen sobre una línea roja, se vuelve blanca otra vez. Para empeorar las cosas, intentarán sacarte de la pista. La buena noticia es si vas a estar allí por unos segundos. Si necesita una ráfaga de velocidad, cambie a overdrive presionando su botón, sin embargo, hay un inconveniente, como explicaré. Algo más para vigilar tu combustible. Usted quema su combustible a medida que quema overdrive. Cada vez que pierdes una sección, ganas puntos y combustible. Si bloquea dos secciones a la vez, gana más combustible. Perderás una vida si te quedas sin combustible o si te caen de la pista. Si pierdes tres vidas, el juego termina.
Demon Attack (Europe)	¡Destruirte! Este es el objetivo de estos demonios del espacio. Debes eliminarlos para sobrevivir. Pero cada oleada de demonios interplanetarios es más difícil de destruir que la anterior. Cuando los golpean, algunos se parten en dos. Todos son reemplazados por mas enemigos. 1 o 2 jugadores se enfrentarán a peligros cada vez mayores. Una ola devastadora tras otra te atacará desde arriba. Justo después de destruir una banda de monstruos galácticos, otra horda malvada te atacará con una nueva estrategia de asalto. Si no puedes vencer a los demonios de los mundos alienígenas, siempre podrás superar tu propia puntuación o la de tu oponente. El desafío nunca te abandonará en Demon Attack.
Demons to Diamonds (USA)	En Demons to Diamonds, controlas a un zapper láser que se mueve horizontalmente en la parte superior o la parte inferior de la pantalla. Tu objetivo es ganar tantos puntos como sea posible disparando los objetos en el centro de la pantalla. Vagando de ida y vuelta en el medio están los demonios que pueden ser uno de dos colores. Si disparas un demonio que es del mismo color que tu zapper, se convertirá en un diamante. Disparar al diamante antes de que desaparezca te hará ganar puntos extra. Si disparas un demonio del color contrario, se convertirá en unacalavera que dispara rápidamente a tu zapper. Comienzas el juego con cinco zappers, y el juego termina cuando todos los cinco han sido destruidos por las calaveras. El juego puede ser jugado por uno o dos jugadores, y varias variantes de juego se incluyen para establecer el nivel de dificultad.
Desert Falcon (USA)	Desert Falcon es un shooter estilo arcade. Muchos de los grandes tesoros del faraón están perdidos por el desierto, y tu objetivo es robar tantos como puedas para ganar puntos. El juego cuenta con un punto de vista isométrico. Los tesoros que hay están custodiados por supuesto. Muchas criaturas del desierto incluyendo buitres, guerreros, peces voladores, esfinges y más trataran de impedir que tengas éxito en tu tarea. Además, al final de cada nivel tendrás que enfrentarte a una gran esfinge antes de poder continuar. Tu halcón no está completamente desarmado, y tiene la capacidad de disparar dardos que pueden utilizarse para destruir a los enemigos y a la esfinge. En la arena, de vez en cuando encontrarás algunos jeroglíficos. Varias potencias diferentes se pueden obtener por aterrizar y saltar sobre tres de estos jeroglíficos. En función de cual se recoge, puedes ser invencible, ir al final del nivel, ganar puntos gratis, señuelos, o incluso obtener una bomba de aire que destruye todos los enemigos en el aire.
Dice Puzzle (USA)	El jugador es presentado a una pantalla con 16 dados simbolizando el número uno. Al comenzar a jugar, el juego dará vuelta los dados y ahora éstos poseen un valor aleatorio. Es la misión del jugador hacer que los dados muestren el número seis. Para ello, se debe utilizar un cursor que es capaz de moverse por los bordes de la pantalla, tanto horizontal como vertical y diagonalmente. Al presionar el botón de acción del joystick, todos los dados que estén en la línea señalada por el cursor aumentarán en uno su valor. Entonces, si en una fila los dados muestran los valores correspondientes a los números 3, 5, 2 y 6, éstos pasarán a mostrar los valores de 4, 6, 3 y 1, respectivamente. Se permite un máximo de una hora para resolver el puzle, y cada 5 minutos un timbre sonará para apurar al jugador. Según el manual de instrucciones adjunto con el juego, todas las combinaciones de dados son posibles de resolver.
Dig Dug (USA)	Dig Dug es un juego en donde el jugador debe excavar túneles bajo tierra y usar una bomba de aire para inflar y hacer explotar numerosos enemigos, los cuales aparecen en dos formas: los Pookas y los Fygars. También es posible matar a los enemigos haciendo un túnel bajo una roca y soltándola encima de ellos. Si dos rocas son utilizadas, una fruta o verdura aparecerá en el centro de la pantalla, y si el jugador la coge, él ganará cierta cantidad de puntos. Los niveles finalizan cuando todos los enemigos hayan sido eliminados.
Dishaster (USA)	¿Te gustaría probar este tradicional juego de hacer bailar los platos chinos? ¡Esta es tu oportunidad! Haz que varios platos giren en la parte superior de las diferentes varitas y manténlos todos en equilibrio. Si un plato cae, corre para cogerlo porque si rompes demasiados platos, se acaba la partida.
Dodge 'Em (Europe) (Rev 1)	Controlas un coche de carreras en una pista de cuatro carriles, y tu objetivo es recoger todos los puntos y pasar al siguiente nivel! La pista se divide en cuatro cuadrantes, tu auto debe permanecer en el carril que está a salvo. Trata de detenerte un segundo coche que viaja en la dirección opuesta. Este coche estará siempre tratando de entrar en el mismo carril que tu, causando un accidente, por lo que necesitas asegurarte de que cambias a una pista libre. Para ayudar, el auto de carreras tiene la capacidad de viajar a una velocidad rápida o lenta.
Dodge 'Em ~ Dodger Cars (USA)	Controlas un coche de carreras en una pista de cuatro carriles, y tu objetivo es recoger todos los puntos y pasar al siguiente nivel! La pista se divide en cuatro cuadrantes, tu auto debe permanecer en el carril que está a salvo. Trata de detenerte un segundo coche que viaja en la dirección opuesta. Este coche estará siempre tratando de entrar en el mismo carril que tu, causando un accidente, por lo que necesitas asegurarte de que cambias a una pista libre. Para ayudar, el auto de carreras tiene la capacidad de viajar a una velocidad rápida o lenta.
Dolphin (USA)	Dolphin es un juego de acción de desplazamiento lateral. Controlas a un delfín perseguido por un calamar gigante y tu objetivo es ganar puntos manteniéndote con vida el mayor tiempo posible. A medida que te alejas de los calamares, encontrarás bancos de caballitos de mar que forman una fila vertical en la pantalla con solo una pequeña abertura para nadar: El sónar te ayudará a localizar la abertura; un sonido grave indicará que la apertura está cerca de la parte inferior de la pantalla, y un sonido más alto indicará que la apertura está cerca de la parte superior. ¡Si pasas por alto la apertura, el delfín perderá velocidad y el calamar te alcanzará! Si saltas fuera del agua y tocas la gaviota que de vez en cuando pasa volando, tu delfín podrá perseguir temporalmente al calamar. A lo largo del océano hay olas que están indicadas con flechas; Una flecha que apunta en la misma dirección en la que viajas aumentará tu velocidad, mientras que una flecha que apunta en la dirección opuesta te ralentizará. ¡Cuanto más tiempo permanezcas con vida, más rápido y complicado se volverá el calamar!
Donkey Kong (USA)	Donkey Kong es un juego de acción / plataformas donde tienes que salvar a Pauline del terrible Donkey Kong. Deberás ponerte en el papel de Jumpman (posteriormente conocido como Mario) y llegar a la cima de la torre evitando los obstáculos que te envía el gorila y así rescatar a la chica.
Donkey Kong Junior (USA)	¡Mario ha secuestrado al Papá de Junior! En este juego, Mario juega como el enemigo, finalmente, después de haber capturado a Donkey Kong, ha puesto al mono en una jaula cerrada. En Donkey Kong Jr., los jugadores tendrán que abrirse camino a través de cuatro niveles diferentes en un intento de encontrar las llaves para liberar al padre del pequeño mono.
Double Dragon (USA)	Ambientada en una Nueva York post-apocalíptica, Double Dragon es la historia de Billy y Jimmy Lee, hermanos gemelos entrenados en el estilo de lucha de Sou-Setsu-Ken. Juntos, manejan una pequeña escuela de entrenamiento en artes marciales, enseñando a sus estudiantes en defensa propia. Un día, la novia de Billy, Marian, es secuestrada fuera de la calle por los &quot;Guerreros Negros&quot;, una pandilla callejera salvaje dirigida por un hombre llamado Willy. Los Guerreros Negros les piden a los hermanos Lee que revelen sus secretos de artes marciales a cambio de la libertad de Marian. Los hermanos Lee emprendieron una misión para aplastar a los Guerreros Negros y salvar a Marian. Usando cualquier técnica que tengan a su disposición, desde los golpes básicos y patadas hasta el codo invulnerable, cuando llegan a sus manos, los hermanos Lee deben perseguir a la pandilla de la ciudad, el área industrial y el bosque antes de enfrentarse al gran jefe, Willy.
Double Dunk (USA)	Juega un dos contra dos juego a ritmo rápido en media cancha de baloncesto. Utilizando sólo la mitad de la cancha significa que tienes que tener más cuidado de no perder la pelota, o perderse tiros fáciles cuando un oponente está cerca. Con varios estilos de juego, Tiros de 3 puntos y las faltas se pueden activar o desactivar. Además, tienes la opción de cambiar los colores de los uniformes de cada equipo.
Dragon Defender (Europe)	El objetivo del juego era controlar un dragón que debía abrirse paso entre oleadas de atacantes que venían desde la derecha de la pantalla. Extraños enemigos con forma de esfera se acercaban, pero aunque no disparaban, podían destruirte si chocaban con tu dragón. Grandes platillos voladores aparecían y te disparaban; necesitabas cuatro golpes para destruirlos. Cada golpe los reducía de tamaño hasta que parecían pequeños invasores alienígenas que se movían de arriba abajo por la pantalla. En la parte inferior de la pantalla, una extraña criatura intentaba pasar, pero podías bombardearla mientras se arrastraba.
Dragonfire (USA)	¡Los tesoros del rey han sido robados! Como joven y audaz príncipe, tu objetivo es recuperarlos a todos. Los tesoros se guardan en diferentes castillos, cada uno custodiado por un dragón de fuego. Cada nivel del juego tiene dos partes, primero tienes que cruzar el puente levadizo del castillo. ¡Tendrás que saltar y esquivar las bolas de fuego de los dragones y evitar las flechas voladoras para llegar al otro lado! En la segunda parte, tienes que recoger todos los tesoros de la pantalla y ponerlos en un lugar seguro mientras evitas al dragón que corre por la parte inferior de la pantalla. Los dragones de cada nivel tienen diferentes patrones de movimiento y disparo, y a medida que avanzan los niveles se vuelven más rápidos y complicados.
Dragonstomper (USA)	Hace mucho tiempo, un mago druida creó un poderoso amuleto capaz de controlar a un dragón. Mientras se dirigía a la guarida del dragón, el druida dejó caer accidentalmente el amuleto, que cayó al fondo. Con el tiempo, el amuleto imbuyó al dragón de astucia y poder, lo que provocó que propagara la traición y el mal por todo el pacífico reino. La misión del jugador comienza con la invocación del rey para derrotar al dragón de una vez por todas. Atendiendo a la llamada, el jugador primero reúne sus fuerzas y lucha contra criaturas en la campiña encantada para obtener el poder suficiente para convertirse en un Pisador de Dragones. Una vez listo, el jugador viaja a una aldea oprimida cerca de la guarida del dragón para reclutar soldados, comprar pergaminos mágicos y adquirir las medicinas y elixires necesarios para enfrentarse al dragón en su guarida. Con todas sus habilidades, entrenamiento, equipo y soldados, el Pisador de Dragones desciende a la guarida del dragón para una batalla final y devolver la paz al reino.
Dragster (USA)	Dragster , lanzado en 1980 para el Atari 2600 , es el primer videojuego desarrollado por Activision . Fue programado por David Crane , quien más tarde escribió trampa! El objetivo del juego es vencer al oponente, ya sea del jugador en la pantalla, o para correr contra el reloj para obtener el mejor tiempo, dependiendo de la configuración utilizada. Dragster es una adaptación no autorizada del 1977 Kee Juegos coin-op Drag Race .
Dschungel Boy (Europe)	Pitfall! es un juego de plataformas de acción. Juegas como Pitfall Harry que está en una búsqueda para localizar tesoros en la selva. Con un poco de suerte podrás encontrar bolsas de dinero, barras de plata, lingotes de oro y anillos de diamantes. Sin embargo, muchos obstáculos se pondrán en el camino, algunos de los cuales simplemente deducen puntos de tu puntuación, mientras que otros son fatales. Cayendo en un agujero deducirá puntos, y escorpiones, lagartos, serpientes, pozos sin fondo, pantanos, y los incendios provocarán a Pitfall Harry perder una vida. Tienes 20 minutos para tratar de recoger todos los tesoros en las numerosas pantallas, si es que puedes vivir tanto tiempo!
E.T. - The Extra-Terrestrial (USA)	E. T. El extraterrestre es un juego de aventura con licencia, basado en la película. La aventura tiene lugar en varias pantallas con pozos esparcidos. El objetivo del juego es encontrar piezas del teléfono de ET. Una vez que se encuentran todas las piezas, E. T. llama a su casa y la nave espacial llega a recogerlo. E. T. puede recoger plantas con el fin de recuperar la energía que está constantemente agotandose con el tiempo. Las piezas de teléfono se encuentran en algunos de los pozos, y ET debe saltar para conseguirlos, a veces también hay una flor muerta en el pozo que proporciona puntos extra si la trae de vuelta a la vida. Una vez que E. T. ha hecho su tarea en el hoyo, para salir debe levitar, aunque debe tener cuidado de no caer en el pozo de nuevo después de salir.
Earth Dies Screaming, The (USA)	A bordo de un destructor espacial tu misión será defender la Tierra del ataque de los Trillians, será una batalla difícil, pero con todo tu esfuerzo y valentía deberás lograr la meta.
Eggomania (USA)	Eggomania es un videojuego de acción lanzado en enero de 1983 por US Games para el Atari 2600. De diseño similar a Kaboom !, que es un derivado del juego arcade Avalanche, el objetivo es atrapar los huevos en un sombrero que son arrojados por un pollo.
Elevator Action (USA) (Proto)	Eres el Agente 17 (nombre en clave: &quot; Otto&quot;) . Tu misión es la de asegurar todos los documentos secretos superiores de un edificio de seguridad y escapar en el coche, que se encuentra en el sótano del edificio. Enemigos espías están dispersos por todo el edificio de 30 pisos y tienen una sola misión: ejecutar el Agente 17 a toda costa. Hay varias formas en las que el Agente 17 puede matarlos: Disparar con su arma. Patadas saltando sobre ellos. Disparar una luz en el techo, mientras que están en un ascensor, dejando caer la luz sobre uno de ellos. Aplastarles con un ascensor.
Eli's Ladder (USA)	Este juego fue diseñado para ayudar a enseñar a los niños, a sumar, restar y contar. Eli tiene que regresar a su nave espacial. Lo mueves por la escalera mediante la resolución de problemas de sumas o restas. Un problema aparece con cuatro opciones de respuesta abajo. Mueve el joystick hacia la izquierda o hacia la derecha para seleccionar su respuesta a continuación, pulsa el botón. Después de 20 preguntas, Eli llega a su nave. Si tienes 18 o más respuestas correctas, Eli saltará de alegría y habrá una palabra intermitente WOW.
Encounter at L-5 (USA)	Usando un lanzador de anti-materia, debes defender la base estelar L5 contra una horda de naves Megalyte y sus naves de la muerte. A veces, la nave de la muerte cae en picado hacia tu base, disparando a medida que avanza. Si llega a tu base, va a destruir tu generador, y perderás una vida. Hay 26 variantes de juego. Los impares son los de un jugador, el número par son dos jugadores.
Enduro (USA)	Enduro es un juego de carreras parecido a Pole Position. Tu objetivo es permanecer en la carrera de enduro todo lo que puedas; cada día de carrera es necesario que adelantes a un cierto número de coches, si tienes éxito podrás continuar pero si fallas estarás fuera de la carrera. Las condiciones climáticas variarán a medida que pasen los días, no solo tendrás que conducir en diferentes momentos del día con diferentes tipos de luz, sino que el clima puede cambiar y la nieve, el hielo y la niebla podrán hacer que la conducción sea muy peligrosa. Cada día que pase, los otros coches se volverán más rápidos y agresivos. En la parte inferior de la pantalla hay un odómetro, por lo que cuando la carrera haya terminado, podrás ver hasta dónde has llegado.
Ente und der Wolf, Die (Germany)	En este remake del juego de arcade Pooyan de principios de los 80, juegas en el papel de un cerdo, protegiendo a sus lechones de los lobos. La primera pantalla se lleva a cabo cerca de la casa de los cerdos. La señora Pig sube y baja en un teleférico, disparando a los lobos, que están montando en globos hacia abajo, hacia el suelo. Si los lobos aterrizan con seguridad en el suelo, entonces pueden subir una escalera, cerca del teleférico, y coger a la señora Pig. Pero si ella dispara a sus globos, ellos se estrellarán en el suelo. Los lobos disparan bellotas a los cerdos. Pero la señora Pig tiene un arma también. Si ella llega a la cima, puede conseguir carne, para echar a los lobos y hacerlos saltar de sus globos en su persecución. Cada lobo sacado de esta manera vale los puntos de bonificación (en un esquema de duplicación : 400, 800 ... 1600 ).
Entity, The (USA) (Proto)	La Entidad debe ser trasladada rápidamente a planos superiores de existencia para evitar su inminente destrucción. Se resistirá, pero no puedes dejar que eso te detenga. Nivel tras nivel, el desafío continúa. ¿Podrás aguantar lo suficiente para reabastecer tu suministro de helio? Acción para un jugador con joystick. Localiza un portal en la barrera que separa los planos de existencia y usa el joystick para canalizar la Entidad hacia él y avanzar al siguiente nivel. Cuando la Entidad se resista, sométela con una ráfaga de helio líquido.
Entombed (USA)	Lo que comenzó como una pequeña expedición arqueológica se ha convertido de repente en una lucha por la supervivencia de pesadilla! Un equipo de arqueólogos está atrapado en un laberinto subterráneo de túneles sinuosos, oscuros. A su alrededor, los zombis temibles están emergiendo de las criptas. La única esperanza de supervivencia de los arqueólogos es un antiguo dispositivo conocido como el 'make-break', que se puede utilizar para crear o destruir las piezas de pared. En este juego cada vez más frenético arcade de uno o dos jugadores, necesitarás ingenio, así como destreza. Vas a tener que pensar sobre la marcha, la planificación estratégica y correr a través del laberinto lo más rápido que puedas.
Escape from the Mindmaster (USA)	¿Eres lo suficientemente inteligente (y rápido) para escapar del laberinto de MindMaster? ¡Con gráficos realistas en primera persona, cuatro segmentos Multi Load independientes, mapas de laberinto, reloj en tiempo real, acechador alienígena, indicador de dirección, obstáculos deslizantes de campo de fuerza y ​​mucho más!
Espial (USA)	Eres un piloto de ataque espacial volando sobre una nave espacial gigante. Debes luchar a través de las olas interminables de naves enemigas mientras que también lanzas misiles en la propia nave. Buena suerte! Controlas tu nave con el joystick. Para el fuego, sólo tienes que pulsar el botón. Vas a disparar rayos láser y misiles simultáneamente. Los misiles golpean en la cruz en frente de tu nave en el momento de su lanzamiento.
Exocet (Europe)	Eres un OVNI. Debes disparar a las torres altas por encima del suelo. Después de destruir diez torres, un túnel se abrirá para que puedas pasar a la zona subterranea. Tendrás tres oportunidades. Si decides permanecer por encima del suelo, la tasa de disparos de los enemigos se duplica. En el Subterráneo, el túnel se estrecha después de un tiempo. Después de golpear a diez torres subterránea, la velocidad de disparo se duplica.
Extra Terrestrials (USA)	Cuando el Museo de Computadoras Personales de Brantford, Ontario, descubrió Extra Terrestrials, el hallazgo causó gran revuelo en la comunidad de Atari. No solo había aparecido un título desconocido hasta entonces (pero lanzado comercialmente), sino que además se reconoció como el único juego de Atari 2600 desarrollado en Canadá. El grupo esperaba aprovechar el auge del mercado de videojuegos de la época. Su intención era lanzar el juego para la Navidad de 1983, pero los retrasos en la programación lo impidieron y el juego no llegó a tiempo. Tras su finalización a principios de 1984, Peter recuerda haber ido de puerta en puerta a las tiendas para vender copias. No tenían distribuidor y, para entonces, el mercado de videojuegos se había desplomado. Este juego de laberintos ofrece una variante para dos jugadores del clásico Pac-Man. Un jugador controla a un alienígena que sustituye a Pac-Man, devorando tantos puntos como pueda a lo largo del nivel. Quien los persigue es el otro jugador, un humano que, al igual que los fantasmas, intenta atraparlos y destruirlos.
Fantastic Voyage (USA)	Fantastic Voyage es un juego de disparos de desplazamiento vertical para un jugador. La premisa del juego sigue la de la película homónima de 1966: tú y tu submarino habéis sido miniaturizados e inyectados en el torrente sanguíneo de un paciente enfermo. Tu objetivo es evitar que el paciente muera localizando coágulos de sangre mortales y destruyéndolos. En cada nivel, guiarás el submarino a través de los vasos sanguíneos y deberás evitar los numerosos obstáculos que encontrarás, como bacterias y coágulos. El submarino está equipado con un rayo láser que puedes usar para disparar a estos obstáculos. También hay objetos útiles; algunas fases tienen numerosas células sanguíneas (¡no les dispares, el paciente las necesita!) y enzimas (dispárales para liberar sus propiedades curativas). Cuando superes todos los obstáculos y atravieses los estrechos pasadizos, podrás encontrar el coágulo de sangre; una vez destruido, pasarás al siguiente nivel. Si chocas demasiadas veces o no logras destruir el coágulo, el paciente muere y el juego termina. Se incluyen varias opciones de juego que controlan la dificultad y la duración de cada nivel.
Farmyard Fun (USA)	Controlas a Tom, el ladrón de huevos que vaga recolectando huevos de corral. Los huevos son custodiados por gallinas que derrotan Tom con un simple toque. Recolecta con éxito todos los huevos y avanza al siguiente nivel donde se muestran los huevos en diferentes lugares. Las gallinas también se vuelven más rápidas y más difícil de evitar.
Fast Eddie (USA)	En este título personificarás a Eddie que tiene por cualidad la velocidad, así que haciendo uso de ella deberás recolectar la mayor cantidad de premios que tengas a tu alcance.
Fast Food (USA)	¡Come! Come y consigue todas las calorías que puedas, pero ten cuidado con los pepinillos morados, tienen mal aspecto y te pueden sentar mal. La comida viene desde la izquierda y se mueve hacia la derecha. Tú deberás mover la boca para atrapar los alimentos y cuanto más engordes, mejor. A medida que avances verás que la comida va más rapido. Si comes seis pepinillos morados durante el juego, eructarás y terminarás la partida. Tabla de calorías de los alimentos, de menor a mayor: 1. Pepinillo verde 2. Cerveza 3. Cola 4. Soda pop 5. Hot dog 6. Hamburguesa 7. Barra de helado 8. Batido de leche 9. Cono de helado 10. Patatas fritas 11. Pizza 12. Hamburguesa Con Queso
Fatal Run (USA)	En este juego de conducción y carreras postapocalíptico, deberás viajar por varios pueblos repartiendo medicinas, de camino a una base de misiles que alberga un cohete capaz de salvar al mundo. Al conducir por los 32 niveles, te encontrarás con innumerables enemigos que intentarán impedirte alcanzar tu objetivo. Tu coche cuenta con numerosas armas para ayudarte, como dinamita, cohetes, manchas de aceite, cortinas de humo y ametralladoras. También puedes mejorar tu vehículo en las tiendas de la ciudad. Mejorar el depósito de gasolina te proporciona un mejor kilometraje, mientras que mejorar el parachoques te protege en caso de colisión. Una función de contraseña te permite continuar donde lo dejaste.
Fathom (USA)	Neptina, la hija de Neptuno, ha sido encarcelada en el fondo del mar por los Titanes. Tu objetivo es rescatarla localizando las piezas dispersas de un tridente mágico! Tendrás que tomar la forma de un delfín y un pájaro con el fin de localizar las piezas que están ocultas en el mar y las nubes. Al volar en el aire, hay varias pantallas que tienen nubes volando. Toca todas las nubes, y la pieza tridente aparece! Otras aves que están volando alrededor harán que pierdas energía si las tocas accidentalmente. Debajo del agua, las piezas del tridente se encuentran tocando los caballitos de mar. Los pulpos, tiburones, y un laberinto mortal de algas se interponen en tu camino y hacen que pierdas energía si te tocan. Cuando hayas encontrado todas las piezas tridente, la jaula de Neptina puede desbloquearse, pero si te quedas sin energía el juego habrá terminado.
Feuerwehr im Einsatz (Germany)	Un almacén local se incendió, y eres el bombero que tiene que venir al rescate! Tu objetivo es salvar al trabajador que se encuentra atrapado en el almacén; en el lado derecho de la pantalla hay un camión de bomberos con una escalera ajustable. Puedes mover la escalera al piso apropiado del edificio para subir y rescatar al trabajador atrapado. Dependiendo de qué plantas se han incendiado, el trabajador se trasladará a la planta más baja que pueda sin quemarse; tendrás que estimar en qué piso va a estar en cuando se coloca la escalera. Una vez que el trabajador está a salvo, pasas al siguiente nivel (más difícil). El incendio en el edificio puede propagarse rápidamente! Si es necesario, puedes utilizar una manguera de bomberos para apagar el fuego. Por supuesto, tienes una cantidad limitada de agua!
Final Approach (USA)	Eres un controlador de tránsito aéreo en un aeropuerto internacional. Debes guiar a los aviones a aterrizar de forma segura. Tu primera pantalla es la pantalla de radar de control de aproximación o ARC. Debes guiar a la aeronave, con el cursor, hasta que se dirijan de izquierda a derecha a lo largo de la línea amarilla hacia la franja negra. Después de que el avión se acerca a la banda negra, mueve el cursor hasta el centro de la luz roja y pulsa el botón. A continuación, en la pantalla de enfoque de control de tierra o la ACG. Aquí hay que centrar el morro del avión antes de que llegue al final de la pista. Si el destino es exitoso, el avión desaparecerá de la pantalla ARC y uno nuevo aparecerá pronto para tomar su lugar.
Fire Fighter (USA)	Un almacén local se incendió, y eres el bombero que tiene que venir al rescate! Tu objetivo es salvar al trabajador que se encuentra atrapado en el almacén; en el lado derecho de la pantalla hay un camión de bomberos con una escalera ajustable. Puedes mover la escalera al piso apropiado del edificio para subir y rescatar al trabajador atrapado. Dependiendo de qué plantas se han incendiado, el trabajador se trasladará a la planta más baja que pueda sin quemarse; tendrás que estimar en qué piso va a estar en cuando se coloca la escalera. Una vez que el trabajador está a salvo, pasas al siguiente nivel (más difícil). El incendio en el edificio puede propagarse rápidamente! Si es necesario, puedes utilizar una manguera de bomberos para apagar el fuego. Por supuesto, tienes una cantidad limitada de agua!
Fire Fly (USA)	Después de que tu nave interplanetaria entra accidentalmente un agujero negro, te encuentras en un universo diferente. Este mundo está habitado por extrañas criaturas, como insectos mecánicos. Encontrarás que este mundo contiene bichos malos y buenos; los buenos insectos han pedido ayuda, y aceptas defenderlos. Tu primer reto es rescatar a Pixy; este es el último ser vivo en el planeta y está custodiado por una abeja asesina. En caso de tener éxito, en el próximo tendrás que luchar contra una variedad de criaturas enemigas incluyendo una calabaza en llamas, demonios y serpientes enroscadas. Cada vez que derrotes a las criaturas en la pantalla, puedes desplazarte a la derecha, donde un nuevo desafío (y bonus) esperan! Después de completar todas las pantallas de bichos malos, entonces el juego se repite a un nivel de dificultad más duro.
Fire Spinner (USA)	Firebug es un intento de un juego de disparos en 3D que queda a mitad de camino. Esto es algo que tal vez no debería haberse intentado en la 2600, pero Vidco igualmente decidió hacerlo. El resultado es un juego de aspecto decente, pero con una jugabilidad horrible. El objetivo es que tu hechicero cree y dispare una bola de fuego a la catapulta que se mueve en la parte superior de la pantalla.
Fireball (USA)	Fireball es un juego de acción arcade similar a Breakout. Eres un malabarista y debes mantener varias bolas de fuego en el campo de juego. Puedes atrapar dos bolas a la vez, así que ten cuidado, porque si intentas atrapar una tercera, podría caerse de la pantalla. Tu objetivo es destruir los ladrillos de la parte superior de la pantalla golpeándolos con las bolas de fuego. Cuando todos los ladrillos estén destruidos, pasas a la siguiente ronda y recibes una bola de fuego adicional para mantener en juego. Incluye cinco variantes de juego: Firetrap, Marching Blocks, Knock-A-Block, Migrating Blocks y Cascade.
Fishing Derby (USA)	En Fishing Derby, tu objetivo es ser el primero de los dos jugadores en atrapar 99 libras de pescado. Cada jugador está en un muelle en la parte superior de la pantalla, y controla el sedal en el agua. Al mover el sedal hacia arriba o hacia abajo, se pueden coger los peces que nadan cerca. Cuanto mayor profundidad, más grandes son los peces. Cuando se captura un pez, es necesario sacarlo del agua. Para hacer el juego más difícil, un tiburón está nadando constantemente hacia atrás y adelante. Si tienes un pez y lo toca el tiburón, el tiburón se lo come y, tendrás que atrapar otro pescado. Dos niveles de dificultad están disponibles, y el juego puede ser jugado por una persona contra el ordenador o dos jugadores uno contra el otro.
Flag Capture ~ Capture (USA)	Flag Capture es un juego de acción y estrategia para uno o dos jugadores. Tu objetivo es localizar una bandera escondida en algún lugar en una cuadrícula de 9x7. Se puede mover el explorador alrededor de la rejilla; en cualquier cuadro, puedes pulsar el botón para ver si la bandera se encuentra en esa plaza. Si la plaza no contiene la bandera, uno de varios elementos pueden aparecer: una flecha que indica la dirección dónde la bandera está, un número que indica cuántas casillas de distancia está la bandera, o una bomba que hará que tengas que comenzar de nuevo. En el juego de un jugador tu objetivo es localizar tantas banderas como sea posible en el plazo de 75 segundos. Hay varias variedades de juegos para 2 jugadores: en free-for-all, ambos jugadores pueden moverse por la red de forma simultánea y quien descubre las primera bandera gana un punto. En los otros dos juegos, los jugadores se turnan para moverse alrededor de la rejilla. Varios niveles de habilidad están disponibles que controlan la velocidad de movimiento, permiten que la bandera sea estacionaria o moverse, o añadir un muro invisible alrededor del campo de juego.
Flash Gordon (USA)	Eres Flash Gordon. Muchos astronautas han entrado en la ciudad de la Araña, pero nunca regresó ninguno. Tu trabajo, Flash, es doble. Rescatar a los astronautas que encuentres en los túneles de la Ciuad araña y destruir todos los pods que están listos para incubar. La parte inferior de la pantalla es un mapa. Tu eres la línea horizontal, las vainas para incubar son las líneas verticales y los Disruptores son los cruces. La parte superior de la pantalla es el primer plano de la acción.
Football (USA)	Juego de football Americano para dos jugadores. El juego se juega desde el punto de vista del campo de arriba hacia abajo y cuenta con dos niveles y tres variantes de juego. Con el joystick puedes elegir entre una de las cinco jugadas ofensivas o defensivas diferentes. En la primera variante del juego, después de seleccionar una jugada luego controlas a los jugadores en el campo. En el segundo juego, ienes la opción de controlar a tus jugadores después de seleccionar una jugada o permitir que la computadora controle los jugadores. En el tercer juego la computadora controla a los jugadores en todo momento y sólo tendrás que seleccionar las jugadas que deseas que se ejecuten e indicar cuando deseas un punt o pasar el balón. En todas las variaciones del juego el temporizador comienza a los 5 minutos, y está activo sólo durante las jugadas. Por supuesto, el equipo con más puntos cuando el tiempo llega a cero gana!
Forest (Europe)	Eres un leñador que desea cortar un poco de madera para venderla para que tu familia pueda comer, pero una bruja malvada ha puesto un hechizo sobre los animales para que te ataquen. Debes a vanzar dos pantallas a la derecha para llegar a tu árbol. Los animales vendrán a ti desde cualquier lado de la pantalla. Debes ya sea saltar sobre el animal o pulsa el botón en la dirección deseada para golpearles con tu hacha. Las serpientes no pueden ser cortadas, sólo saltarlas por encima.
Fox & Goat (Europe)	Eres una ardilla trabajadora. Durante todo el año has estado almacenando comida en tu hogar en lo alto del árbol. De repente, mientras estás fuera, la Comadreja Astuta te lo roba todo. ¡No dejes que se salga con la suya! ¡Lánzale nueces! ¡Derríbalo de la rama! ¡Recupera tus provisiones!nn¡Es emocionante! ¡Es una locura! ¡Es NUTS! ¡Te va a volver loco, literalmente sacarte de tu árbol!
Frankenstein's Monster (USA)	En la noche fría y oscura debes llegar al castillo macabro del Dr. Frankenstein. Allí tienes que impedir que complete su creación. Tu única posibilidad es juntar piedras del calabozo y llevarlas a la torre donde se debe construir una barricada alrededor del monstruo de Frankenstein antes de que haya acumulado suficiente energía para volver a la vida. Para tener éxito, tendrás que actuar con rapidez, evitando las arañas venenosas, murciélagos vampiros y fantasmas terroríficos. Completa el trabajo y el pueblo estará a salvo para siempre.
Freeway (USA)	En Freeway, su trabajo es ayudar a que el pollo cruce la carretera. Cada vez que guies con éxito al pollo por los diez carriles de tráfico de la autopista, ganas un punto. Intenta anotar tantos puntos como sea posible antes de que acabe el tiempo. En el juego de dos jugadores, el que obtenga más puntos al final gana. Varias variantes de juego se incluyen en las que se puede ajustar la velocidad y la cantidad de tráfico en la autopista.
Frisco (USA)	Peter Penguin busca tesoros en el hielo eterno del Ártico. ¡Pero cuidado! Sus perseguidores, los monstruos de nieve, le pisan los talones. Frisco es un juego de acción, publicado por Homevision, que fue cancelado antes de su lanzamiento. Este juego está basado en el código de Pac-Man. Aún se desconoce el significado de las iniciales R.J.P.G.
Frogger (USA)	Tu tarea en esta conversión del juego de las recreativas es hacer llegar a la rana a su destino. Para ello deberás cruzar la carretera sin ser atropellado y luego cruzar el rio hasta uno de los 5 huecos en la parte superior.
Frogger II - Threeedeep! (USA)	Frogger II: ThreeeDeep! es una consola y un juego de computadora lanzado en 1984. El juego es una secuela al Frogger original a partir de 1981, y ofrece gameplay similar. El objetivo de Frogger II: ThreeeDeep! es maniobrar cada rana a una litera en la parte superior de la pantalla. Una vez que todas las literas están llenas, el jugador avanza al siguiente nivel. A diferencia de su predecesor, el juego cuenta con tres pantallas consecutivas para cada nivel en lugar de una pantalla por nivel, con literas en la parte superior de cada una de las tres pantallas que deben rellenarse.
Frogs and Flies (USA)	El objetivo del juego es hacer que las ranas atrapen moscas. Se ganan puntos al lograr que una rana salte de un nenúfar y atrape insectos voladores con su lengua. Si salta demasiado tarde, fallarás. Si salta demasiado lejos, caerá al estanque. Tendrás que esperar a que regrese nadando antes de intentarlo de nuevo. Acción de día y de noche. ¡Atrapa más moscas que tu oponente! ¡O supera tu propia puntuación más alta!
Front Line (USA)	Front Line es un juego de acción de desplazamiento vertical. Tu misión es infiltrarte en territorio enemigo y destruir su fortaleza. Para llegar a la fortaleza, tendrás que avanzar a través de variado y peligroso terreno. Selvas, desiertos, y rocas, además de que cada zona tiene numerosos combatientes y tanques tratando de detenert. Para ayudar a superar estos obstáculos, estás armado con una ametralladora y granadas; en algunos puntos en el juego puedes incluso conducir un tanque abandonado que se puede controlar para aumentar tus probabilidades de supervivencia. Al llegar a la final del nivel y destruir con éxito la fortaleza, el juego se repetirá en un mayor nivel de dificultad. El juego es para uno o dos jugadores, y cuatro niveles de habilidad diferentes disponibles.
Frostbite (USA)	En este juego eres un esquimal que quiere construir un iglú para resguardarse de las bajas temperaturas del Polo Sur. Para conseguirlo, debes saltar de bloque en bloque y recoger hielo, pero deberás evitar la fauna del lugar como las aves y los cangrejos. Si entra en contacto con cualquier animal, te empujarán fuera del bloque y morirás en las frias aguas polares. Una vez que hayas construido tu iglú, debes entrar para pasar al siguiente nivel. Y recuerda, debes construirlo antes de que la temperatura descienda a 0°. Tienes cuatro intentos ¡Suerte!
Fussball (Germany)	Juego de football Americano para dos jugadores. El juego se juega desde el punto de vista del campo de arriba hacia abajo y cuenta con dos niveles y tres variantes de juego. Con el joystick puedes elegir entre una de las cinco jugadas ofensivas o defensivas diferentes. En la primera variante del juego, después de seleccionar una jugada luego controlas a los jugadores en el campo. En el segundo juego, ienes la opción de controlar a tus jugadores después de seleccionar una jugada o permitir que la computadora controle los jugadores. En el tercer juego la computadora controla a los jugadores en todo momento y sólo tendrás que seleccionar las jugadas que deseas que se ejecuten e indicar cuando deseas un punt o pasar el balón. En todas las variaciones del juego el temporizador comienza a los 5 minutos, y está activo sólo durante las jugadas. Por supuesto, el equipo con más puntos cuando el tiempo llega a cero gana!
G.I. Joe - Cobra Strike (USA)	Cobra Strike es un juego de acción estilo arcade de uno a tres jugadores. Como G.I. Joe, tienes que defender a los reclutas en un campo de entrenamiento de la Cobra malvada, que está atacando el campamento en forma de una serpiente gigante. Controlas un escudo y un arma de fuego; mientras los reclutas corren a lo largo de la parte inferior de la pantalla hacia la seguridad, es necesario usar el escudo para bloquear los rayos de veneno y láser mortales procedentes de la serpiente. Cuando tienes la oportunidad, puedes utilizar el arma para disparar a la serpiente. Golpea a la serpiente con ocho golpes directos y será destruida y se puede pasar al siguiente nivel. Si la serpiente se las arregla para matar a cuatro de tus reclutas, el juego ha terminado. En la versión de dos jugadores del juego, ambos jugadores pueden jugar de forma cooperativa y tratar de destruir a la serpiente juntos, o uno de los jugadores pueden controlar a la serpientes. En la versión de tres jugadores, dos jugadores protegen a los reclutas mientras que el tercer jugador controla a la serpiente.
Galaxian (USA)	Galaxian es un shoot 'em up en el que el jugador está en la parte inferior de la pantalla, con una disposición de extraterrestres en la parte superior. El jugador se mueve a la izquierda y derecha para disparar a los extraterrestres y esquivar sus disparos. Los alienígenas están clasificados como Drones, Emisarios, Hornets y Comandantes. En ocasiones un comandante enemigo bajará hacia ti escoltado por dos bombarderos, que es un momento de gran peligro.
Gamma-Attack (USA)	Usted esta bajo el comando de una nave espacial Gamma, la última que queda en este campo estelar. Una flota de guerra llamada Vegan ha tomado el control de su puesto e intentará defenderlo con sus tanques de sus pulsos láser. El planeta es el único que queda habitable en el sistema y debes permanecer allí y eliminar los tanques de Vegan, lo más que puedas.
Gangster Alley (USA)	S.B.I. (Spectravision Bureau of Investigation) contra Chicago Joe y su banda: Hemos detenido a Chicago Joe pero en represalia, su banda se ha encerrado en un edificio de apartamentos, tomando como rehenes a una mujer y su hijo. Los siguientes hombres han sido identificados positivamente: Shifty Scar Face Mugsy Lefty Nitro Ed Tu órdenes son disparar a cualquier miembro de la banda. pero recuerda NO DISPARAR A UN INOCENTE! Cuidado con Nitro Ed. Le gusta jugar con granadas de mano.
Garfield (USA) (Proto)	Garfield nunca se terminó. Como probablemente adivinaste, Garfield es el protagonista de la adorable bola de pelo naranja de los cómics del domingo (¡no, no Alf!). Garfield tiene la misión de encontrar a Nermal (¿acaso no intentaba siempre escapar de Nermal?), y para lograrlo tendrá que atravesar cinco pantallas diferentes llenas de acción mientras vigila al malvado Odie. El movimiento en Garfield es un poco extraño: no te mueves a la izquierda ni a la derecha con el joystick, sino presionando el botón de disparo para saltar. Se necesitan varios intentos para dominarlo, pero encaja bien con la idea del poste de la cerca.
Gas Hog (USA)	Tu vehículo tiene una eficiencia de combustible terrible. Un real Gas Hog. Estás tratando de viajar, pero hay una o más naves por encima que están tratando de bombardearte. Para empeorar las cosas, hay agujeros en la carretera y otras naves que necesitas disparar para no chocar. A medida que avanzas, puedes acelerar o desacelerar para evitar ser bombardeado, pero ten cuidado, ya que podrías embestir algunas naves cerca del suelo. Puedes saltar para evitarlas. También podrás ver números a lo largo del camino. Dispáraless para adquirir su valor en puntos. Como se trata de un Gas Hog, pronto pronto te quedarás bajo en combustible. Debes bajar por debajo del suelo a través de los agujeros ocasionales, para tomar un marcador de repostaje. No te quedes debajo de tierra, sin embargo, pues vas en dirección opuesta. Se empieza con cuatro vidas y perderás una si eres golpeado por una bomba o una nave o te quedas sin combustible.
Gauntlet (USA)	Gauntlet es un juego de arcade de fantasía y hack and slash, hecho por Atari Games. Con fecha de lanzamiento en octubre de 1985, Atari vendió un total de 7.848 máquinas recreativas de Gauntlet .​ Es denotado como uno de los primeros arcades en implementar el juego de calabozos con multijugador. Originalmente llamado Dungeons, el juego fue concebido por el diseñador de juegos de Atari Ed Logg. Él basó su inspiración en el interés de su hijo por jugar juegos como Dungeons & Dragons y en su propio interés en el juego de computadora para Atari 800, salido en 1983, de nombre Dandy. El desarrollo del juego empezó de 1983 a 1985 con un equipo liderado por los diseñadores Ed Logg y Roger Zeigler. El nombre del juego en progreso se volvió legalmente no disponible en abril de 1985 así que fue llamado Gauntlet en mayo. Basado en el más elaborado diseño de hardware en la historia de Atari hasta la fecha, es el primer juego creado por la compañía, operado con monedas que incluía un sintetizador de voz.
Ghost Manor (USA)	Tu amigo está atrapado dentro Ghost Manor! Hay cinco pantallas diferentes que necesitas superar antes de poder rescatar a tu amigo de la planta superior de la casa. El juego comienza en el cementerio fuera de la casa; aquí juegas con un fantasma amistoso o un esqueleto que te suministrará lanzas que puedes disparar a los enemigos. En la segunda pantalla, te acercas a la entrada que se encuentra protegida de la mansión. Usando las lanzas has reunido, necesitas disparar a todos los enemigos que bloquean la entrada. La tercera y cuarta pantalla tienen lugar dentro de la casa; cada piso tiene un conjunto de escaleras, así como varios tesoros y cruces que se pueden recoger. Hay una pared móvil en cada uno de estos pisos, que es mortal al tacto, así que ten cuidado! La pantalla final es el último piso de la casa donde tu amigo está cautivo. Drácula guarda este piso, y usando las cruces que has recopilado debes rechazarlo en una prisión y liberar a tu amigo. Para hacer el juego más difícil, hay un límite de tiempo; debes completar todo esto en cuatro minutos o menos! Puedes jugar el juego como un niño o una niña, y cuatro niveles de habilidad diferentes disponibles.
Ghostbusters (USA)	Basado en la película de 1984 del mismo nombre, los Cazafantasmas es a quien hay que llamar cuando hay apariciones de fantasmas. Lo hacen mediante el uso de &quot;packs&quot; de protones nucleares acelerados y &quot;trampas de fantasmas&quot;, por lo que los fantasmas pueden ser capturados y trasladados a una instalación de almacenamiento seguro en su Sede. Sin embargo la ciudad de Nueva York se ha convertido de repente en un lugar muy frecuentado, y el número de fantasmas ha aumentado de repente y de forma espectacular. Los Ghostbusters deben reducir la energía psychokinetica paranormal, el &quot;nivel de PK&quot; en la ciudad, lo que representa el poder fantasma, antes de que en el Templo de Zuul despierte y resucite un dios malvado llamado Gozer.
Ghostbusters II (Europe)	Revive la película a medida que cazas fantasmas, recoge limo, encuentra la mezcla adecuada, escapa de la cárcel y caza a Vigo, el Azote de Carpatia.
Gigolo (USA)	En Gigolo, eres una mujer que busca pareja: vas al banco para sacar dinero, luego te cuelas en una de las muchas casas para encontrar a los gigolós y hacerte con una buena cantidad de dinero antes de que la policía te pille en el acto. (Los roles masculino y femenino de ambos juegos se intercambiaron en los clones de la editorial, Bachelorette Party y Cathouse Blues).
Glacier Patrol (USA)	Defiende la tierra de una nave nodriza alienígena con un siniestro complot para cubrir la superficie del planeta con hielo. Tu arma, un láser sobrecalentado capaz de derretir el hielo, ya que cae del cielo. Esquiva las bolas de nieve saltando sobre ellas. Si eres golpeado por una bola de nieve, quedarás paralizado por un rato, mientras que los bloques de hielo continúan cubriendo el paisaje. En juegos de dos jugadores, el segundo jugador va a controlar la nave alienígena, dejando caer el hielo.
Glib - Video Word Game (USA)	Las letras en la fila superior se barajan y luego se utilizan para hacer palabras en la fila inferior. Si la fila inferior muestra todos los espacios de color rosa o rojo, entonces los puntos de la palabra se duplican o triplican, respectivamente. Si hay una línea azul o azul claro bajo un espacio, entonces los puntos de esa carta se duplican o triplican, respectivamente. Después de crear una palabra, baja hasta el botón E y presiona el botón rojo. Esto detiene el temporizador para que puedas confirmar si la palabra es aceptable. Si la palabra es aceptable, pulsa el botón de nuevo para acumular puntos y pasar a la siguiente ronda. Si no, pasa a la tecla P para transmitir la palabra e ir a la siguiente ronda.
Golf (USA)	Golf cuenta con un campo de nueve hoyos, par 36 que se puede jugar con uno o dos jugadores. El juego se juega desde una vista aérea del campo, que se completa con trampas de arena, obstáculos de agua, árboles y rough. El jugador no tiene la posibilidad de elegir diferentes palos, por lo que la distancia a la que viaja la pelota es controlada por lo grande que se haga el swing. La dirección es controlada por la localización del jugador en relación con la pelota. Cuando el jugador finalmente llega al green, la vista pasa a un primer plano del green. Hay Dos diferentes niveles de habilidad.
Gopher (USA)	Una ardilla molesta está tras tus zanahorias! Tu Objetivo es detenerla los antes de que te robe TODAS TUS zanahorias. La ardilla hará un túnel en el suelo en la parte inferior de la Pantalla; Tu estás en la parte superior, y Tienes Que Rellenar los túneles con tu pala. La ardilla es Rápida, y si no llenas los túneles lo suficientemente Rápido, saldrá a la superfície Y robará zanahorias. Si se las arregla para Tomar TODAS TUS zanahorias, el juego Habrá Terminado. De Vez en Cuando un pato vuela Por Encima y dejará caer una semilla; si COGES la semilla y la plantas, Una Nueva zanahoria Crecerá para reemplazar una de las FUERON robadas.
Gorf (USA)	Gorf es un juego que consiste en cinco niveles: El primer nivel llamado Astro Battles tiene la nave del jugador detrás de un escudo defensivo, contra un ataque alienígena. El nivel tiene una vista de arriba hacia abajo, parecido a Space Invaders. El segundo nivel llamado Laser Attack se compone de una formación de naves, y un láser que dispara a la nave del jugador. Naves de bonificación también tienden a aparecer en este nivel. El tercer nivel se llama Galaxians, y como su nombre indica, es muy similar al juego Galaxian con naves que constantemente se zambullen para bombardear a la nave espacial del jugador. Esta misión sólo aparece en la versión Arcade.
Grand Prix (USA)	Grand Prix es un juego de carreras para un jugador, con vista aérea de la pista de carreras que se desplaza horizontalmente. Tu objetivo es llegar a la meta en el menor tiempo posible en cada una de las cuatro pistas disponibles. Por supuesto, habrá obstáculos en las pistas que te ralentizarán si no tienes cuidado. Muchos otros coches se interpondrán en tu camino, las manchas de aceite te harán perder el control temporalmente y, en las pistas más difíciles, los puentes estrechos harán que te detengas por completo si te extravias del camino.
Gravitar (USA)	Una fuerza maligna llamada Gravitar está tratando de destruir el universo! Con cada galaxia que conquista deja tras de si fuerzas gravitacionales extremas, un potente explosivo reactor y bunkers mortales. Tu trabajo es detener a Gravitar mediante la recuperación de los 12 sistemas solares ubicados en cuatro galaxias que están bajo su control! En cada sistema solar hay un sol, una base reactor alienígena, y de tres a cuatro planetas. Para liberar el sistema solar, tienes dos opciones: o bien visitar todos los planetas y destruir todos los bunkers enemigos, o activar el reactor en el centro de la base alienígena y escapar antes de que explote. En cada uno de los planetas y de la base alienígena, habrá fuertes fuerzas gravitatorias para hacerte frente, asegúrate de mantener tu nave en el espacio, ya que un accidente con el paisaje será fatal! Después de una galaxia se haya liberado, a continuación, pasarás automáticamente a la siguiente galaxia que será aún más difícil de salvar. El juego incluye cinco niveles diferentes que varían en dificultad mediante el suministro de diferentes cantidades de naves para comenzar el juego, así como las diferentes fuerzas de la gravedad.
Great Escape (USA)	En este Space Shooter, mueves tu nave moviendo el joystick en la dirección que deseas ir. Disparas manteniendo pulsado el botón y moviendo el joystick en la dirección que deseas disparar. Puedes disparar desde la parte delantera, trasera o desde cualquier lado. A medida que avances, puedes aumentar a cuatro velocidades. Debes evitar o disparar a los meteoritos, disparar a los aliens y siempre escapar del súper alien. Cuando se acerca el súper alien, habrá un sonido de alarma. Si el súper alien te atrapa, serás incapaz de moverte o disparar y se pierde una vida. El juego termina si pierdes todas tus vidas o logras conseguir 999.999 puntos.
Gremlins (USA)	Este juego está basado en la película de Steven Spielberg del mismo nombre, pero es diferente a las otras versiones. En esta versión, en la primera pantalla, los Mogwai están saltando desde el techo para llegar a las hamburguesas que hay en el suelo. Tu, como Billy, debes atraparlos antes de que lleguen al suelo. Si atrapas a todos, se va a la siguiente pantalla, más rápida y nivelada. Si se escapan ocho, entonces vas a una pantalla de disparo. En la pantalla de disparo, los gremlins se acercaban desde la distancia. Tienes que dispararles antes de que te alcancen. Si te alcanzan, se pierde una vida. Después de matar a todos, se vuelve a la primera pantalla a un nivel más rápido. En los niveles posteriores, los charcos de agua dividirán los gremlins en dos.
Guardian (USA)	Guardian es un juego de acción arcade para uno o dos jugadores. En una guerra intergaláctica, una nave enemiga llamado Dromeda está atacando a tus planetas de origen y hay que defenderlos! Los planetas se encuentran en la parte superior o la parte inferior de la pantalla, y son defendidos por un escudo. Dromeda está en el centro de la pantalla, y lanzará artefactos explosivos a los planetas. Tú controlas una nave espacial que es la última esperanza para salvar a los planetas. Por desgracia, las naves láseres son incapaces de llegar a Dromeda, por lo que debes disparar a los explosivos según van llegando. Los explosivos van a destruir parte del escudo. Si atraviesan un agujero, un explosivo podría conseguir destruir un planeta entero. El juego termina cuando todos los planetas han sido destruidos.
Gyruss (USA)	¡Todo el sistema solar está siendo atacado por los viciosos Gyrusians, y tú decides salvar el día! Tendrás que volar tu nave espacial a cada uno de los nueve planetas y luego despejar tres etapas de enemigos para librar a ese planeta de los Gyrusians. Comienzas el juego con un solo cañón, pero puedes ganar un doble cañón después de disparar un satélite de encendido. Después de limpiar cada planeta, hay otra etapa de bonificación donde se pueden recoger armas y puntos de bonificación adicionales. Gyruss es un juego de acción arcade, sin embargo, en lugar de pilotar tu nave espacial horizontal o verticalmente, te mueves en círculo alrededor del perímetro de la pantalla. Un clasico!!!
H.E.R.O. (USA)	La actividad volcánica ha atrapado a varios mineros, y Roderick Hero debe rescatarlos explorando peligrosos túneles subterráneos. Con su pack de propulsión, puede volar por ciertas zonas y evitar peligros, mientras que su microláser le permite destruir murciélagos, arañas y otras criaturas hostiles. Para abrirse paso, cuenta con cartuchos de dinamita para destruir muros de piedra y lava, aunque debe usarlos con cuidado para no dañarse. Si se queda sin dinamita, puede usar su láser, pero esto consume más tiempo y energía. A medida que avanza, los túneles se vuelven laberínticos, con más obstáculos, enemigos y zonas de lava o agua que dificultan la misión. Cada rescate requiere rapidez y precisión para evitar que los mineros se queden sin energía. Con su combinación de acción y exploración, este juego ofrece un desafío progresivo y lleno de tensión.
Halloween (USA)	Protege a los niños y lucha por su vida &quot;la noche en que El llegó a casa!&quot; Eres una niñera de un grupo de niños en una gran casa de dos pisos, los jugadores asumen el papel de Laurie Strode y el psicópata Michael Myers ha escapado del manicomio y ha vuelto para vengarse. Los jugadores deben guiar a los niños a las salas seguras evitando a Michael Myers y su cuchillo. La casa es grande y llena de apagones peligrosos y callejones sin salida dentro de sus dieciséis habitaciones. Sin embargo, Laurie no está completamente indefensa. Hay un cuchillo que se puede encontrar para protegerse a sí misma una vez que el tema de música familiar comienza a sonar y el asesino permanece en su persecución. Los jugadores podrán avanzar al siguiente nivel, ya sea al apuñalar a Michael Myers dos veces, o con el rescate de cinco de los niños.
Hangman ~ Spelling (USA)	Hangman es una versión electrónica del juego del ahorcado! Tu objetivo es encontrar una palabra que el equipo ha generado al adivinar una letra cada vez. Adivina la letra correcta, y aparecerá en la pantalla en el lugar adecuado, pero si pones una letra que no está en la palabra entonces estrás un paso más cerca de ser colgado. Si elijes once letras incorrectas el juego ha terminado. Un punto se gana cada vez que una palabra se ha completado. Varios niveles de dificultad se incluyen que afectan el número de letras en las palabras. El juego puede ser jugado por uno o dos jugadores, y en la versión de dos jugadores las palabras opcionalmente pueden ser creadas por uno de los jugadores en lugar de la computadora.
Haunted House (USA)	Haunted House es un videojuego desarrollado para la propia Atari por James Andreasen, un programador que volvería a colaborar con la compañía dos años más tarde para el lanzamiento de Realsport Baseball en Atari 5200. El juego supuso toda una novedad no solo por el tratamiento de su temática, sino que incluyó algunas mejoras técnicas muy novedosas para su época.
Hole Hunter (USA)	Tienes 20 minutos para golpear a los ratones que corretean antes de irte de picnic en esta soleada mañana. Sin embargo, no te apresures demasiado o podrías caer en el agujero donde viven los ratones. También debes tener cuidado con la serpiente, cuya mordida es mortal. Si dejas caer tu martillo, tendrás que recuperarlo. Ahora, ¡golpea tantos ratones como puedas!
Holey Moley (USA) (Proto)	Es el juego Whack-A-Mole! Cada ronda consiste en veinticinco topos. Cuando un lunar sale de su agujero, presiona el botón correspondiente en el Controlador de Niños para golpearlo. Cuanto más rápido lo golpees, más puntos obtendrás. Si el Rey Topo aparece, golpéalo para obtener más puntos. Cuidado con la bellota. Si aparece, no la golpees porque te costará puntos. Debes obtener al menos 300 puntos cuando el número de topos llegue a cero. Si alcanzas o superas los trescientos puntos en una ronda, los puntos que superen los trescientos se añadirán a tu puntuación como bonus. Si no consigues anotar trescientos puntos en una ronda, el juego se acaba.
Home Run ~ Baseball (USA)	El juego se puede jugar contra el ordenador o contra otro jugador. Tienes la opción de tener 1, 2 o 3 jugadores en el campo. Como lanzador, utiliza el joystick para lanzar la bola y controlar su velocidad y curva. Después de que la bola es golpeada, el control de todos tus hombres (todos se mueven juntos, ya que siguen las órdenes de un único joystick) en el campo para atrapar la pelota. Como bateador, puedes controlar la posición del bate de béisbol con el joystick. Si consideras que tus corredores llegarían a la siguiente base, puedes pulsar el botón del controlador para que dejen en su base actual.
Human Cannonball ~ Cannon Man (USA)	Human Cannonball en Atari VCS 2600 es un juego de acción desarrollado por Atari en el que el jugador asiste a un pistolero en la ejecución de su número. El objetivo del juego es ajustar la posición, el ángulo y el poder de disparo del arma para que la bola humana caiga en un tanque de agua.
Hunt & Score ~ Memory Match (USA)	Hunt & Score es similar al juego de memoria. Se le presenta al jugador una matriz numerada. Detras de cada seccion de la matriz, hay una imagen. En cada turno, el jugador elige dos areas de la matriz intentando encontrar dos imagenes iguales. Se asignan puntos por descubrir imagenes identicas y el jugador con la mayor cantidad de puntos al final es declarado ganador. Multiples opciones en el juego incluyen una matriz de 16 o 30 cuadros, la opcion de darle ventaja a alguno de los jugadores o desabilitar comodines.
I Want My Mommy (USA)	Pobre Teddy Bear. Él sólo tenía un mal sueño y quiere un abrazo de su mamá. Ayuda al peluche a subir la montaña para llegar a su madre. En I Want My Mommy, el jugador debe guiar al peluche hasta dos montañas. la primera tiene una manzana en la parte superior y la segunda tiene a su mamá que espera para darle un abrazo. Para avanzar en la montaña, el jugador debe estar en un bloque levantado y pulsar el botón para subir una escalera de polvo de estrellas mágica por la que se puede subir para llegar a un nivel superior. Si es necesario, el jugador también puede bajar. Para alcanzar el nivel superior, el jugador debe tener todas las escaleras colocadas.
I.Q. 180 (USA)	I.Q. Memory Teaser es un juego de memoria. Mientras suena la música, debes recordar la posición de todas las letras en dos paneles. Luego, debes emparejar las letras del primer panel con las del segundo.
Ice Hockey (USA)	Ice Hockey es un juego de hockey sobre hielo para un jugador contra la computadora o dos jugadores. Cada equipo está formado por dos jugadores, uno ofensivo y otro defensivo. En un momento dado, un jugador está activo y puede ser controlado mientras que el otro permanece inactivo; si el disco está cerca de tu objetivo, entonces el jugador defensivo se activa, de lo contrario controlas al jugador ofensivo. Cada jugador tiene la capacidad de disparar el disco en una variedad de ángulos, ¡e incluso puede controlar el cuerpo de su oponente! El juego dura tres minutos, y quien anota más puntos al final de ese tiempo gana. El juego se puede jugar a velocidad normal o alta, y opcionalmente uno de los jugadores puede ser discapacitado para dar a un jugador inexperto más de una ventaja.
Ikari Warriors (USA)	Un grupo de revolucionarios ha secuestrado al General Alexander Bonn, de las Fuerzas Americanas C. I. F. en América Central y lo mantienen prisionero en su propio cuartel general. Antes de su captura final, el General ha mandado una señal de socorro que tú y tu compañero habéis recogido. Vuestro avión se ha estrellado en la densidad de la selva, a cierta distancia del cuartel general. Después de decidir si vas a ir sólo a intentar rescatarlo, o si vais a ir juntos, te pones en camino. Estás en pleno territorio de guerrilla. Por todas partes aparecen tiradores de elite y combatientes decididos a detenerte. Pronto se hace evidente que tú careces de los medios para ganar, pero debes conseguir superar los obstáculos. Tiende emboscadas a los tanques enemigos y utilízalos. Coge el combustible y las granadas que deja el enemigo en su retirada.
Immies & Aggies (USA) (Proto)	Immies and Aggies es un extraño juego de disparos que implica canicas (sí, canicas). Verás, Immies y Aggies son en realidad tipos de canicas (Aggies son de ágata, mientras que Immies son imitaciones de vidrio de las ágatas), aunque por los gráficos del juego realmente no se puede notar. De hecho, los gráficos consisten mayormente en cuadrados que parecen estar colocados aleatoriamente por la pantalla. Si entrecierras los ojos y te esfuerzas mucho al mirar, casi puedes imaginar que esos cuadrados son cualquier cosa (canicas, bases alienígenas, cartuchos de E.T., etc.). Sin embargo, los pobres gráficos no distraen mucho de la pobre jugabilidad.
Indy 500 (Europe)	Indy 500 es un juego de carreras jugado desde un punto de vista de arriba hacia abajo. En el juego de un jugador, tu objetivo es completar tantas vueltas como puedas en 60 segundos. En el juego de dos jugadores, el primer jugador en completar 25 vueltas gana! Se incluyen diferentes pistas de carreras, dos niveles de dificultad, y variaciones de juego adicionales llamadas ice race, tag, y crash 'n score.
Indy 500 ~ Race (USA)	Indy 500 es un juego de carreras jugado desde un punto de vista de arriba hacia abajo. En el juego de un jugador, tu objetivo es completar tantas vueltas como puedas en 60 segundos. En el juego de dos jugadores, el primer jugador en completar 25 vueltas gana! Se incluyen diferentes pistas de carreras, dos niveles de dificultad, y variaciones de juego adicionales llamadas ice race, tag, y crash 'n score.
Infiltrate (USA)	Eres un agente secreto enviado a una misión importante para recuperar documentos enemigos. Hay enemigos que intentarán detenerte. mueve el joystick para mover a tu personaje, izquierda o derecha. Pulse el botón para disparar. Puedes disparar en la dirección que te estás moviendo. Cuando estás al lado de un ascensor, automáticamente abordarlo cuando llega a tu nivel. Si estás en el mismo nivel con un asesino y no hay ascensor entre los dos, puedes dispararle. Si te dispara, se puede tirar hacia abajo la palanca de mando para agacharse. No se puede disparar mientras estás agachado. Si el asesino te toca, se pierde una vida.
International Soccer (USA)	Internationa Soccer es un juego de fútbol de acción para dos jugadores. El juego sigue las reglas típicas del fútbol, intentar marcar más goles que tu oponente en los dos períodos de 45 minutos (esto es en el tiempo simulado). Tú controlas a un jugador de tu equipo. El juego te permite driblar y pasar, y las características de tiro, tiros de esquina, tiros a gol, y en caso de empate, el juego va a tiempo extra! Varios niveles de habilidad están disponibles que controlan la velocidad del juego.
IQ 180 (USA)	I.Q. Memory Teaser es un juego de memoria. Mientras suena la música, debes recordar la posición de todas las letras en dos paneles. Luego, debes emparejar las letras del primer panel con las del segundo.
Ixion (USA) (Proto)	Ixion es una versión para Atari 2600. El jugador debe recoger cinco cuadrados blancos para formar la palabra «Ixion» antes de que se acabe el tiempo. Inicialmente, solo se ven algunos cuadrados y el jugador debe revelar los demás moviendo una esfera marrón. Inmóvil por defecto, esta esfera puede ser impulsada al chocar contra ella o al dispararle, rebotando luego en la cuadrícula, revelando cuadrados y destruyendo enemigos. Finalmente se detiene y debe ser relanzada para continuar la exploración. Dominar su movimiento es esencial para progresar. Drones enemigos recorren la cuadrícula y disparan al jugador, destruyendo los cuadrados y dificultando la travesía. Aunque son fáciles de eliminar, su explosión elimina el cuadrado que ocupaban, añadiendo una dificultad adicional.
James Bond 007 (USA)	James Bond 007 te permite controlar a James Bond en su nave multiuso. Esta nave puede viajar por tierra y por mar, puede saltar sobre los peligros, o disparar a los enemigos en los diferentes niveles. Cada nivel de desplazamiento horizontal en el juego se basa libremente en una película de James Bond diferente. Los niveles incluidos son Diamantes para la eternidad, La espía que me amó, Moonraker, y sólo para sus ojos. Cada nivel tiene una variedad de enemigos que intentan destruirte, y un objetivo único que debe llevarse a cabo para continuar (por ejemplo, puede que tengas que aterrizar en una plataforma petrolera oculta para detener a Seraffino, o encontrar el laboratorio submarino de Stromberg y destruirlo) . Si puedes completar todas las misiones, ganarás el juego! Buena suerte, Sr. Bond.
Jawbreaker (USA)	Jawbreaker es un clon de Pac-Man programado por John Harris y lanzado en 1982 para el Apple II y Atari familia de 8 bits por sistemas en línea . Fue ampliamente alabado por los colaboradores, y se convirtió en un importante vendedor. La historia de ambos su creación y aplicación de Atari de 8 bits de Harris de Frogger formar una parte de Steven Levy libro de 1984 's, hackers .
Journey Escape (USA)	¡Estás en la carretera con la banda Journey! Tras cada concierto, tu misión es guiar a los cinco miembros al vehículo de escape para llegar al siguiente evento a tiempo. Comienzas con $50,000 y debes llevar a un miembro a la vez por una pantalla de desplazamiento vertical, esquivando multitudes y obstáculos antes de que se acabe el tiempo. Golpear a aficionados, periodistas o fotógrafos reduce tu dinero y tiempo, mientras que chocar con vallas o escenarios solo afecta el tiempo. Roadies y el gestor en las multitudes te brindan invulnerabilidad temporal para atravesar obstáculos. El juego termina si un miembro no llega a tiempo. A medida que avanzas, las multitudes se vuelven más grandes y agresivas.
Joust (USA)	En Joust, los jugadores controlan a un caballero con lanza que monta un avestruz voladora (o una cigüeña en el caso del jugador 2) para enfrentarse a caballeros enemigos sobre buitres. El objetivo es golpear a los enemigos desde un punto más alto para derrotarlos, lo que hace que un huevo caiga a las plataformas. Los jugadores deben destruir estos huevos antes de que eclosionen y liberen enemigos más fuertes como Bounder (caballero rojo), Hunter (blanco) y Señor de las Sombras (azul). Además, deben enfrentarse a plataformas desmoronadas, trolls de lava que intentan arrastrarlos al fuego, y al temido Pterodáctilo, un enemigo extremadamente difícil de vencer.
Jr. Pac-Man (USA)	Jr. Pac-Man tiene las características de jugabilidad muy similar al original Pac-Man, pero con algunos cambios. Como siempre Jr., tiene que comer todos los puntos en un laberinto sin caer en las garras de los cuatro fantasmas que están tratando de hacerle daño. El laberinto es ahora mucho mayor, y ya no cabe en una sola pantalla. El laberinto se desplazará alrededor para seguir la acción.
Jungle Fever (USA)	Este es un cartucho doble con Jungle Fever en un extremo y Knight on the Town en el otro. Jungle Fever es una versión de Burning Desire con roles invertidos, en la que tu novio está siendo retenido para un sacrificio, y debes rescatarlo mientras evitas las rocas lanzadas por las amazonas. Knight on the Town te pone en el papel de un caballero que debe construir un puente sobre el foso para llegar a la princesa. Tendrás que enfrentarte a un cocodrilo con intenciones de castrarte y a un troll. Además, si lo seleccionas, un pájaro sobre ti dejará caer fuego para destruir una de las secciones de tu puente. Una vez que llegues a tu dama, recibirás tu &quot;recompensa&quot;.
Jungle Hunt (USA)	Jungle Hunt ofrece cuatro experiencias de aventura únicas, que son más difíciles de repetir cuando los cuatro sobreviven. ¡Si no sobrevives a estas aventuras, no solo perderás tu propia vida, sino la de la encantadora Penélope, que fue capturada por los caníbales! La primera parte desafía tus habilidades en Tarzán: ¿puedes balancearte en las vides sin caer en tu desgracia? La segunda parte te enfrenta a un grupo de cocodrilos desagradables en un río poderoso. Afortunadamente, tienes un cuchillo para defenderte. ¡No te olvides de subir en el aire! En la tercera parte, te enfrentas a una batalla contra rocas de diferentes tamaños y física. Después de eliminar todos estos peligros traicioneros, aún debes enfrentarte al temido caníbal, que está armado con una lanza perversa. ¿Puedes pasarlo y salvar a la encantadora Penélope? La jugabilidad implica muchos saltos estratégicos y un juego de cuchillos (en la fase río / cocodrilo). ¡La vista siempre es lateral, al igual que Pitfall! y luego juegos de plataforma.
Kaboom! (USA)	El bombardero loco anda suelto! va dando carreras de ida y vuelta en la parte superior de la pantalla, tienes que coger las bombas que caen en cubos de agua. Un punto se gana por cada bomba capturada, pero si dejas una de las bombas, Kaboom! A medida que avanzan los niveles, el bombardero loco se moverá más rápido y más rápido y soltará más y más bombas. Comienzas el juego con tres cubos, y perderás uno cada vez que una bomba caiga. El juego termina cuando todos los cubos de agua se han perdido.
Kangaroo (USA)	El Bebé canguro ha sido secuestrado por los monos, y le toca a Mama canguro ir al rescate! Tu canguro comienza en la parte inferior de la pantalla. Es necesario orientar el canguro hasta las diversas escalas y plataformas hasta la cima donde está el Bebé encerrado. Los monos intentarán detenerte arrojando y dejando caer manzanas y desconectando las plataformas. El canguro tiene guantes de boxeo, sin embargo, y puede noquear a los monos con un solo golpe! En el camino varios tipos de frutas se pueden recoger para ganar puntos de bonificación.
Karate (USA)	Si crees que eres bueno, ¡piénsalo dos veces! Empieza como cinturón blanco luchando contra otro cinturón blanco en un combate de 2 minutos de ingenio, habilidad y fuerza. Cuando tu oponente se acerca, ¿te mantienes firme, retrocedes o te lanzas contra él? Bloqueas algunas de sus patadas y puñetazos, pero ¿cuánto aguantas? El tiempo se acaba, así que te lanzas para desatar tu arsenal de patadas y puñetazos, ¡intentando ese esquivo derribo! Al ganar, avanzas un cinturón: de blanco a rojo... hasta llegar a experto cinturón negro. Pero al perder, tu oponente se vuelve aún más duro en el siguiente combate. ¡Tienes que ser bueno... o podrías recibir la paliza de tu vida!
Keystone Kapers (USA)	¡El conocido ladrón Harry Hooligan anda suelto! Te pondrás en la piel del oficial Keystone Kelly, que ha sido enviado para capturar a Harry. Harry está atrapado en un centro comercial de cuatro pisos, y huye lo más rápido que puede para llegar a la salida que hay en la azotea. Tu trabajo es alcanzarlo y enviarlo a prisión. Puedes usar las escaleras mecánicas que hay al final de cada piso o el ascensor que hay en el centro para ir de un piso a otro. Las escaleras mecánicas están más lejos, pero el ascensor es muy lento, por lo que tendrás que decidir que ruta será la más rápida para coonseguir tu objetivo. Si Harry llega a la azotea antes de que lo atrapes, tendrás que volver a empezar el nivel. Harry no tiene intención de dejarse atrapar fácilmente, y te lanzará todo lo que encuentre en su camino para hacerte perder tiempo. Por la pantalla verás correr carros de la compra, pelotas que rebotan, aviones de juguete y muchas más cosas que te harán perder tiempo o te enviarán al principio del nivel. A medida que avances de nivel, Harry correrá cada vez más rápido y te lanzará más objetos que deberás esquivar. ¡Suerte!
King Kong (USA)	Rescata a la chica de las garras de King Kong sobre el Empire State Building. Tienes que subir a la parte superior del edificio, evitando (saltar) las bombas que King Kong te lanza. Cuanto más rápido la rescates, mayor será la puntuación.
Klax (USA)	El concepto es simple, coger las baldosas de colores que caen hacia ti y meterlas en uno de los cinco cajones. Tu objetivo es hacer Klaxes: grupos de baldosas del mismo color, horizontales, verticales y en filas de tres. Cuando termines de hacer un Klax las baldosas desaparecen y serán sustituidas por otras que caen desde la parte superior de la pantalla. Para ganar puntos coloca las baldosas de manera que provoques una reacción en cadena de Klaxes. Tu paleta puede tener hasta 5 baldosas. Cuando la paleta esté llena, las baldosas caerán pasando sobre ella. De la misma manera, cada cajón puede tener hasta 5 baldosas y cuando esté lleno no podrás meter más baldosas en él.
kleine Bar, Der (Germany)	En este juego eres un esquimal que quiere construir un iglú para resguardarse de las bajas temperaturas del Polo Sur. Para conseguirlo, debes saltar de bloque en bloque y recoger hielo, pero deberás evitar la fauna del lugar como las aves y los cangrejos. Si entra en contacto con cualquier animal, te empujarán fuera del bloque y morirás en las frias aguas polares. Una vez que hayas construido tu iglú, debes entrar para pasar al siguiente nivel. Y recuerda, debes construirlo antes de que la temperatura descienda a 0°. Tienes cuatro intentos ¡Suerte!
Kool-Aid Man (USA)	Los Thirsties planean el drenaje de agua de la piscina municipal con sus pajitas de beber, le toca a Kool-Aid Man detenerlos! Kool-Aid Man debe reunir la Kool-Aid mezcla de refresco con el fin de capturar y poner fin a los planes de los Thirsties. Los tres ingredientes son agua (W), azúcar (S), y Kool-Aid (K). Si los Thirsties tocan a Kool-Aid Man, perderás tiempo, y la piscina se drena más. Si los Thirsties acaban con éxito en el drenaje de la piscina, se acaba el juego. Si Kool-Aid Man tiene éxito, entonces gana y pasa al siguiente nivel de dificultad.
Krull (USA)	Krull es un juego de acción de partes múltiples basado en la película del mismo nombre. Una bestia y su ejército han viajado a través del espacio hasta que finalmente aterrizan en el planeta lejano de Krull, devastando el planeta entero. Pero hay una profecía que habla de un rey y una reina que algún día recuperarán el planeta. Estos futuros gobernantes son la princesa Lyssa y el príncipe Colwyn. Pero antes de su matrimonio, la princesa Lyssa es capturada por la bestia! Juegas en el papel del príncipe Colwyn en una misión para rescatar a Lyssa y destruir a la bestia.
Kung Fu Superkicks (Europe)	En este juego de acción, asumes el papel de Chuck Norris en una búsqueda para llegar a un monasterio donde un líder importante es mantenido como rehén. El juego consta de varias pantallas diferentes: al comenzar y entre peleas verás una vista del camino que conduce al monasterio. Recorriendo el camino, te encontrarás con numerosos enemigos. Cuando peleas, la vista cambia a un primer plano de tu ubicación actual. Al presionar el botón del joystick y mover el joystick en una de las cuatro direcciones, puede realizar varias patadas, puñetazos y bloques. Los enemigos que te encuentras son variados, y algunos solo pueden ser derrotados por ciertos movimientos. El camino se bifurcará en dos o más recorridos; cuando esto sucede, solo una opción es correcta y las otras son callejones sin salida. Si eliges incorrectamente, tendrás que retroceder un poco y volver a intentarlo.
Kung-Fu Master (USA)	Kung-Fu Master es un juego de acción de desplazamiento lateral para uno o dos jugadores. El Sr. X ha capturado a la carterista Sylvia y le corresponde a Thomas, un maestro de kung-fu que es dueño de un restaurante, rescatarla. Ella se encuentra en el último piso del castillo y Thomas tendrá que luchar en su camino a la cima. Por supuesto, esto no será fácil, ya que cada planta tiene muchos opositores y un jefe de planta al final de cada nivel. Thomas es capaz de moverse a izquierda y derecha, saltar, agacharse y golpear y patear. Proyectiles enemigos, como los cuchillos pueden ser golpeados ​​en el aire para relanzarlos hacia el enemigo. En la planta superior se encuentra el Sr. X.
Lady in Wading (USA)	Lady in Wading es una versión con los roles de género invertidos de Knight on the Town, donde eres una dama caballero que intenta llegar hasta su príncipe. El juego es idéntico en todo lo demás, incluyendo la &quot;recompensa&quot; sexual al final.
Laser Blast (USA)	En Laser Blast, controlas una nave intergaláctica, y necesitas destruir a las fuerzas terrestres enemigas. Usando tus disparos láser, tratar de destruir los vehículos enemigos que aparecen de tres en tres a la vez. Pero ten cuidado, que están bien armados con sus propios rayos láser y no tienen intención de dejarse eliminar con facilidad! Cuantos más vehículos enemigos destruyas, más puntos ganas. Si eres alcanzado por una ráfaga de láser, la nave caerá al suelo y se estrellará.
Laser Gates (USA)	Laser Gates es un shooter de desplazamiento lateral. Detonadores a prueba de fallos dentro de la computadora críptica han funcionado incorrectamente, y tu trabajo es pilotar una nave espacial para destruirlos antes de que exploten. El estrecho paso por el que tendrás que volar está bien guardadoa: campos de fuerza letales aparecen y desaparecen, cohetes lanzadores de ataque, y los murciélagos byte mortales se interponen en tu camino. Tu nave tiene un escudo limitado, cada vez que es golpeado por uno de estos enemigos, el escudo pierde energía. Cuando la energía de los escudos ha desaparecido por completo, el juego termina. También estate atento a las vainas de energía con las que se puede reponer el escudo (éstas no aparecen a menudo, así que asegúrate de no perder ninguna) Para hacer frente a algunos de los enemigos y los obstáculos, tu nave está equipada con un láser. Naturalmente, en tu misión se mide el tiempo: tendrás que llegar al siguiente detonador antes de que expire el tiempo y de que explote! Los puntos se obtienen mediante la desactivación de los detonadores y la destrucción de los enemigos.
Lasercade (USA) (Proto)	Elimina todos los objetivos al fondo de la galería dentro del tiempo límite. Si no lo logras, la partida termina. Empiezas con 4 en la primera ronda y se añade uno más pequeño por cada 2 rondas que completes (hasta un máximo de 8).
Lilly Adventure (USA)	Lilly Adventure es un juego de plataformas desarrollado por Home Vision. El objetivo es correr y saltar sobre obstáculos estáticos y en movimiento mientras se avanza por la pantalla. El juego se divide en varios niveles, y el jugador se desplaza de izquierda a derecha en cada uno.
Lochjaw (USA)	En este título estarás en el papel de un buzo que desea obtener la mayor cantidad de diamantes que yacen en el fondo del agua, pero no será tan fácil pues un tiburón y el monstruo del lago Ness estarán al acecho.
Lock 'n' Chase (USA)	Lock 'n' Chase es un juego arcade de acción similar a Pac-Man. Juegas como un ladrón que se encuentra atrapado en un laberinto como una bóveda. Para salir, tienes que recoger todos los puntos de oro situados en el laberinto. Tu tarea no será fácil, ya que hay cuatro agentes de policía en la bóveda que están constantemente tratando de atraparte! Situado a lo largo del laberinto hay numerosas puertas. Según corres a través del laberinto, tienes la posibilidad de cerrar temporalmente una puerta en un intento de bloquear a la policía. Sólo se pueden cerrar dos puertas a la vez, y todas las puertas cerradas se abrirán automáticamente de nuevo después de un corto período de tiempo. Cuando todo el oro en el laberinto se ha recogido, la salida de la bóveda se abrirá y se puede escapar y pasar a la siguiente bóbeda más difícil. En ocasiones, algun elemento de bonificación aparecerá en el laberinto, como una bolsa de dinero en efectivo, una corona, o un maletín, que pueden ser recogidos para ganar más puntos.
London Blitz (USA)	Durante la Segunda Guerra Mundial los bombarderos alemanes volvieron la existencia cotidiana en Londres en una pesadilla. La mayoría de las bombas estallaron en el impacto, pero algunas se tardaban horas, días o semanas antes de detonar. Dependía de los Ingenieros Reales encontrar y desactivar estas bombas sin explotar (UXB) antes de que explotaran. Como soldado de primera clase de los Royal Engineers, tu trabajo es desactivar estas bombas. Primero, debes comprobar el mapa de Londres para ver dónde están las bombas. A continuación, desactivarlas a tiempo.
Looping (USA) (Proto)	Basado en la desconocida máquina tragamonedas Venture Line de 1981 del mismo nombre. Como sugiere el título, este juego implica hacer bucles. Con bucles, me refiero a que tu avión solo puede moverse en círculos en lugar del movimiento normal de arriba, abajo, izquierda y derecha de la mayoría de los juegos. Al empujar hacia arriba o hacia abajo, tu avión comenzará a arquearse e iniciará su bucle, pero también se mueve MUY rápido, por lo que es bastante fácil estrellarse contra el suelo u otro obstáculo antes de que puedas completarlo. Un detalle interesante es que si tu avión impacta contra la parte superior de la pantalla, se irá en picado. Aunque al principio esto pueda parecer un gran inconveniente, puede ser una ventaja si eres lo suficientemente astuto.
Lost Luggage (USA)	Lost Luggage es un videojuego de acción desarrollado y lanzado en septiembre de 1982 para el Atari 2600. El jugador controla personal aeroportuario que trabaja en un aeropuerto e intenta recoger las piezas de equipaje que caen desde una frenética cinta transportadora de maletas . También está disponible un modo para dos jugadores, en el que el segundo jugador controla la dirección en la que cae el equipaje. El programador Ed Salvo se inspiró cuando esperaba su equipaje en el aeropuerto internacional de Dallas / Fort Worth , y el juego tardó alrededor de cuatro semanas en producirse. Los revisores criticaron la similitud del juego de Activision 's Kaboom! —Que en sí se basa en el juego arcade Avalanche — creyendo que Lost Luggage es un clon inferior.
M.A.D. (USA)	M.A.D. (que significa Misiles de Ataque y Defensa) es un juego arcade de acción algo similar a Missile Command. Controlas un cañón de fotones en la parte inferior de la pantalla, y tu objetivo es proteger seis estaciones de energía situadas a la izquierda ya la derecha. Olas de cohetes y otras Naves pasarán volando en la pantalla, y en ocasiones van a bajar en un intento de destruir una de las estaciones (como una advertencia en la mayoría de los niveles, el enemigo se volverá blanco justo antes de que caiga). Tendrás que eliminarlos antes de que puedan destruir la estación de energía! Cuando las seis estaciones de energía caigan, el juego habrá terminado. Una variación de dos jugadores también se incluye; un jugador va a controlar el cañón de fotones, y el segundo jugador controla un cursor y puede seleccionar cuando y donde un enemigo caerá. Los jugadores alternan entre ataque y defensa en esta versión.
M.A.S.H (USA)	M*A*S*H es un juego inspirado en la famosa serie de televisión, donde controlas a &quot;Hawkeye Pierce&quot;, un cirujano del ejército en un hospital móvil durante la Guerra de Corea. El juego tiene dos fases principales. En la primera, debes pilotar un helicóptero para rescatar soldados heridos del campo de batalla mientras esquivas tanques enemigos. En la segunda, operas en la sala de cirugía, retirando balas y metralla de los soldados, en un desafío similar al juego de pinzas &quot;Operación&quot;.Las misiones se repiten cuatro veces, y el primer jugador en alcanzar 999 puntos gana. El juego ofrece cuatro variaciones, disponibles en modo de un jugador contra la computadora o en modo de dos jugadores.
MagiCard (USA)	MagiCard es un objeto único en la historia de la Atari 2600. Diseñada por CommaVid a principios de los años 80, no era un juego, sino una auténtica herramienta educativa destinada a introducir a los aficionados al lenguaje ensamblador 6502. El kit incluía un manual de cien páginas que detallaba la programación de la consola y permitía a los usuarios escribir y ejecutar pequeños programas directamente mediante los joysticks del teclado. Incluso podían construir una interfaz de casete para guardar y cargar su código. Producidos en cantidades limitadas de tan solo 50 a 100 unidades, estos cartuchos son ahora extremadamente raros y muy codiciados. Más allá del mero entretenimiento, MagiCard representa un intento pionero de transformar la consola en una plataforma para la experimentación y el aprendizaje, lo que le confiere un valor histórico y educativo único para coleccionistas y entusiastas de la informática retro.
Malagai (USA)	Eres el Comandante Harrington Crag &quot;Harry&quot; de la nave espacial &quot;Endless Search&quot;. Estás en una base Malagai para hacer reparaciones, pero ahora los Malagai tiene en sus manos tu rescate. Ellos quieren tu tecnología avanzada. Hay tres puertas de esclusa por base estelar. Debes obtener la llave correcta para cada puerta. Cada una está en manos de uno de los tres Malagai. El orden de los cuales se muestra en las imágenes de arriba de la base estelar. Si estás fuera de tu compartimiento asignado por mucho tiempo, como indica la línea en la parte inferior de la pantalla, los Malagai atacarán y tendrás que volver a tu compartimento para hacerlos más amigables. Si tocas un Malagai y, si es el correcto, obtendrás la llave de la puerta esclusa, los Malagai atacarán y la esclusa de aire parpadea, en la mayoría de variantes de juego. A continuación, debes regresar a la cámara de descompresión. Una puerta desaparecerá y los Malagai serán agradables otra vez. Después de abrir la tercera puerta, se va a la siguiente base estelar.
Mangia' (USA)	Mama Mia! que montón de pasta! Mama trae pasta a la mesa. Debes comer la pasta, tirar a Frankie el gato cuando está en la ventana, o tirar a Sergio al perro cuando está debajo de la mesa. Tienes cuatro vidas. Si comes más de 20 platos de pasta, estallarás (literalmente) y pierdes 1 vida. Si hay más de 9 platos de pasta sobre la mesa, se derrumbará y se perderá 1 vida. Para comer pasta, mover el joystick a la derecha y luego la izquierda. Para Echar la pasta a una mascota, mueve el joystick a la derecha y luego hacia arriba o hacia abajo con un movimiento suave. Tienes que tirarla cuando se dé la vuelta la mamá y el gato esté en la ventana o el perro esté en el punto justo debajo de la mesa. Si tiras comida en el suelo o en la ventana cuando la mascota no está en la posición o si mamá ve que tiras comida a una mascota, ella traerá 3 platos la próxima vez. Recuerda, más de nueve platos en la mesa y adiós una vida.
Marauder (USA)	Has aterrizado en un planeta extraño y penetrado en la base enemiga defendida por robots de ataque armados. Tu misión es encontrar el camino hacia el corazón de la base y destruir el centro de poder del sistema de armas del enemigo. Se empieza en el lado derecho de una habitación, seleccionada al azar. Debes avanzar a través de varias salas, matando o evitando a los robots a medida que avanzas. Necesitas encontrar el centro de poder y dispararle para acabar ese nivel. Debes hacerlo antes de que el contador de tiempo en el fondo se agote. Una vez que se dispara al centro de poder, obtendrás el tiempo restante como bono. Se te enviará entonces a una nueva habitación para empezar de nuevo, pero ahora hay cinco robots por habitación. Obten el centro de poder de nuevo y habrá seis por habitación. Obten el centro de poder de nuevo y vuelves a cuatro robots por habitación, pero más rápido. En algunas habitaciones, se encuentra al azar una armadura mágica que te hará invulnerable por un corto tiempo.
Marine Wars (USA)	Manejas un acorazado con la misión de atacar a barcos de guerra y aviones bombarderos. El juego tiene cuatro escenas: la lucha contra los buques de día, lucha de noche, la lucha contra los aviones y barcos por el día, la lucha contra los aviones y los barcos por la noche. Te mueves hacia la izquierda o la derecha y pulsa el botón para disparar. En las escenas de la noche, no se puede ver a los barcos o aviones en la distancia a menos que algo explote. Se necesitan tres golpes para hundir tu barco. Comienzas el juego con tres acorazados y puedes obtener una nueva nave cada 5000 puntos. El enemigo comienza con 9 barcos de guerra y 30 aeronaves. Estas cifras aumentarán a medida que el juego avance.
Marineflieger (Europe)	Toma el control de un Sea Hawk y al mando de este frenético avion de combate deberás destruir miles de los helicopteros y barcos enemigos. Dispones de dos tipos de arma: misiles para derribar los aviones y bombas para hundir los barcos.Si durante la batalla recibes un disparo enemigo, tu piloto saltará en paracaidas y tendrás la oportunidad de guiarlo hasta un lugar seguro y así no perder una vida. ¡Suerte y consigue la puntuación más alta!
Mario Bros. (USA)	Mario y Luigi, los mejores fontaneros de todo el mundo, tienen un trabajo real en sus manos. Una serie de personajes se han apoderado de las alcantarillas, y los hermanos deben limpiar las tuberías. El juego de plataformas que introdujo por primera vez a Luigi en el mundo tiene tanto acción individual y acción multijugador con dos tipos de juego diferentes, pero con el mismo objetivo. Cangrejos, tortugas y las moscas de combate deben ser despejadas saltando por debajo de la plataforma en la que avanzan, luego patearlas a la basura. Cada nivel se acaba cuando se recoge un número determinado de monedas. Para el modo de dos jugadores, el primero en cobrar el monto conjunto de monedas gana.
Master Builder (USA)	SE BUSCA: Un maestro de obras para crear estructuras por planos de Spectraville Para aplicar, inserte el cartucho en la Atari 2600 y encienda la máquina. Se muestra lo que vas a construir durante 5 segundos. Para obtener los ladrillos, ve a un y otro lado de la pantalla y pulsa en esa dirección. Para poner un ladrillo, pulsa fuego luego hacia abajo. Cuando el Spectradog viene en la pantalla, debes saltar sobre él moviendo el joystick hacia la izquierda superior derecha o superior o te hará perder una vida. Cuando el edificio se hace mayor, el niño va a robar la escalera. Cuando el mocoso aparece en la pantalla, deberás salir de la escalera o caerás y se pierde una vida. Cuando el edificio llega a ser de varios pisos de altura, debes ser receloso de permanecer en la cima pues un relámpago puede golpearte y perderás una vida. Cuando se pierde una vida, se caen algún ladrillos.
Masters of the Universe - The Power of He-Man (USA)	En Masters of the Universe: The Power of He-Man, tomas el control de He-Man en la batalla de Skeletor en dos tipos diferentes de escenas de acción arcade. En la primera parte del juego, He-Man controla el Wind Raider volando hacia el castillo de Grayskull. El Wind Raider tiene una cantidad limitada de combustible para llegar al destino deseado. Además, numerosas bolas de fuego estarán volando alrededor de la pantalla tratando de detenerte, con Skeletor corriendo sobre el suelo. El Wind Raider está equipado con bombas y armas de fuego que pueden ser utilizadas para defender a He-Man de las bolas de fuego, y también ganar puntos extra si Skeletor es golpeado. La segunda parte del juego tiene lugar a pie. Cuando el He-Man aterriza cerca del castillo, tiene que perseguir a Skeletor. Skeletor dispara numerosos relámpagos que se pueden bloquear con el escudo. Hay un límite de tiempo aquí y He-Man debe superar todas las pantallas y coger Skeletor antes de que acabe el tiempo. Si el jugador tiene éxito, el juego se va a repetir en un nivel de habilidad más difícil.
Math Gran Prix (USA)	Prepárate para una carrera de matemáticas. Tu combustible, es responder correctamente a las preguntas de matemáticas. Tu coche, un coche de carreras cuidadosamente sintonizado que puede mover de 2 a 3 espacios en función de la dificultad que tenga el problema de matemáticass. La pista contiene muchas causas que pueden dar espacios adicionales, turnos adicionales, e incluso mantener tu coche en la pista. Hay zonas de la pista donde un coche que viene de atrás puede golpearte, para volver a responder a un problema de matemáticas correctamente. al final, el que tiene la mayoría de las habilidades matemáticas y mayor esfuerzo de planificación va a ganar la bandera a cuadros.
Maze Craze - A Game of Cops 'n Robbers ~ Maze Mania - A Game of Cops 'n Robbers (USA)	En Maze Craze, tu objetivo es ser el primero de dos jugadores en salir de un laberinto. Cada jugador controla a un policía que empieza por la izquierda, y el primero en salir por la derecha gana. El juego también incluye diversas opciones. El laberinto puede ser completamente visible, completamente invisible o tener solo algunas partes invisibles. En los laberintos invisibles, puedes hacer que la computadora te muestre un vistazo completo periódicamente. Para que tu tarea sea más desafiante, puedes colocar de uno a cinco ladrones en el laberinto. Si uno de ellos te atrapa, quedarás aturdido momentáneamente, dándole ventaja a tu oponente. También puedes darle a tu policía la habilidad de establecer un bloqueo para confundir a tu oponente. Este parecerá un muro normal, pero puedes atravesarlo directamente. La velocidad del juego también se puede ajustar, desde muy lenta hasta extremadamente rápida.
McDonald's - Golden Arches Adventure (USA) (Proto)	Eres Ronald McDonald volando en tu nave espacial. Aliens hambrientos están descendiendo sobre los Arcos Dorados para devorarlos. Debes volar hacia el suelo, recoger comida de McDonald's y llevarla para alimentar a los aliens, pero ciertos aliens solo comerán ciertos alimentos de McDonald's (batidos, papas fritas, hamburguesas), así que debes darles la comida correcta. Si no los alimentas a tiempo, comenzarán a comerse los Arcos Dorados. No te preocupes, puedes volar de vuelta al suelo y recoger piezas para reconstruir los Arcos Dorados.
Mega Force (USA)	Eres miembro de MegaForce y has sido enviado a la ciudad de Sardoun. Sardoun está bajo ataque y debes defenderla. Estás armado con una Moto-Fighter , una especie de moto armada con capacidad de vuelo . Cuando estés en el suelo, sus misiles se disparan hacia abajo y hacia adelante, en ángulo. Cuando estás en el aire, tus misiles se disparan hacia delante. El objetivo del juego es destruir a los combatientes enemigos , destruir o evitar los cohetes lanzados desde tierra , destruir los depósitos de combustible y destruir el cuartel general del enemigo.
MegaBoy (USA)	Este juego educativo de 64 KB venía incluido con la consola portátil MegaBoy.
MegaMania - A Space Nightmare (USA)	MegaMania es un juego de acción arcade similar al Space Invaders. Controlas una nave espacial en la parte inferior de la pantalla y tienes que defenderte de numerosas oleadas de atacantes. Pero en MegaMania, los atacantes son mucho más extraños que los extraterrestres invasores. Hay hamburguesas, diamantes, planchas de vapor, pajaritas, dados del espacio, y más! Tienes que ganar puntos mediante la destrucción de la mayor cantidad de estos extraños atacantes como puedas antes de que tu suministro de energía se agote.
Meltdown (USA) (Proto)	Meltdown es un juego no lanzado de 20th Century Fox, mostrado por última vez en la CES de 1983. El jugador controla al único científico encargado de salvar un reactor nuclear evitando su explosión. La acción ocurre en una cuadrícula 4x4 de átomos donde un quark rebelde roba electrones, encogiendo y desestabilizando los átomos. Si todos se vuelven inestables, el reactor explota. Usando un estabilizador atómico y barras de cadmio, debes alinear los ejes X e Y y disparar rápidamente para destruir quarks antes de que causen más daño. Sin embargo, cada quark eliminado es reemplazado por otro más rápido y agresivo. La barra de temperatura del núcleo indica el progreso; al enfriar el reactor, este se estabiliza, pero la dificultad aumenta con más quarks y mayor velocidad.
Meteor Defense (Europe)	El jugador controla una nave espacial que viaja a través de la galaxia. Por desgracia, hay asteroides y extraterrestres que amenazan la vida de los jugadores ... Astrowar es un shooter y el único objetivo es sobrevivir el tiempo suficiente para lograr una alta puntuación. El jugador puede mover la nave espacial libremente en horizontal y en vertical y disparar a los obstáculos móviles que entran en la pantalla desde el lado derecho. Los puntos se obtienen cuando los obstáculos son derribados y se pierden cuando se aproximan a la parte izquierda de la pantalla.
Midnight Magic (USA)	Midnight Magic es un juego de pinball simple diseñado para 1-4 jugadores. El juego se inspira en la mesa de pinball Caballero Negro lanzada por Williams. El juego representa la primera generación de simulaciones de pinball para ordenador personal disponible con características de pinball relativamente realistas.
Millipede (USA)	Los milpiés, primos del Ciempiés, están por todo el jardín. Esto va a arruinar cualquier cosa tratando de crecer allí, a menos que se detengan. Pero hay otros insectos, arañas, abejas, libélulas y tijeretas. La naturaleza es peligrosa. Por suerte, hay un exterminador de insectos que puede disparar flechas a estos insectos y destruirlos. Millipede es la secuela de Centipede, y cuenta con un juego similar, pero con un nuevo enjambre de insectos! El objetivo es destruir los milpiés con varios segmentos a medida que avanzan a través del bosque de setas hacia la parte inferior de la pantalla. Cuando todos los segmentos del milpiés han sido destruidos, el jugador avanzará al siguiente nivel, más difícil. Los milpiés y otros animales tienen una cantidad diferente de puntos.
Mind Maze (USA)	Mind Maze se juega de manera similar a esos antiguos experimentos de lectura mental, donde un científico sostenía una carta y pedía a una persona que adivinara qué había en el otro lado. Dependiendo del juego seleccionado, de dos a cuatro cartas aparecen en la pantalla en cada ronda. El jugador debe intentar adivinar la carta &quot;correcta&quot; destacándola (usando el joystick) y presionando el botón de disparo.
Miner 2049er - Starring Bounty Bob (USA)	Juegas en el papel de Bounty Bob, y tu misión es explorar cada centímetro de una mina abandonada. Al caminar a través de las secciones de suelo de la mina, el suelo cambia de color. Cuando todas las secciones de suelo han cambiado de color, se puede pasar al siguiente nivel, más difícil. Para llegar a todas las secciones de suelo, tendrás que encontrar la manera de llegar allí. Puedes saltar, subir y bajar escaleras, y usar diferentes dispositivos de transporte que se pueden encontrar en los niveles (por ejemplo, un ascensor, toboganes, trampolín, o un cañón). Paseando por la mina hay numerosas criaturas radiactivas que se interponen en el camino de Bounty Bob. Además esparcidos por las minas hay diferentes artefactos abandonados, si Bounty Bob recoge uno de ellos, las criaturas serán temporalmente vulnerables. Si Bounty Bob se encuentra con una de las criaturas en este estado la criatura será destruida, pero si se encuentra con una criatura mientras está brillando Bounty Bob será destruido.
Miner 2049er Volume II (USA)	Bounty Bob ha seguido a Yukon Yohan a una mina de uranio. Bob debe &quot;reclamar&quot; cada sección de cada parte de la mina ... pero no puede estar demasiado tiempo en cada área, o la radiación lo matará. Tomando el papel de Bob, el jugador debe recorrer a través de diferentes tipos de áreas dentro de la mina nuclear. En el primer nivel, Bob debe caminar en cada parte de la pantalla para &quot;reclamar&quot; la misma. Evita los monstruos saltando sobre ellos o tomar un viejo objeto minero para convertirse en energía y eliminar a los monstruos. Utiliza el ascensor para llegar a las partes más altas de la pantalla.
Mines of Minos (USA)	Eres el último robot minero en la mina de Minos. Los monstruos han destruido a todos sus compañeros . Como el último robot, debes atravesar los distintos niveles de la mina, recopilar piezas de repuesto para hacer más robots (vidas extra). Debes evitar a los monstruos o hacerlos estallar con una bomba. Después de unos segundos, si el monstruo no ha sido afectado por la bomba va a explotar sin causar daño. Sólo se puede colocar una bomba en cada momento. Si se mata a un monstruo, este se regenerará en algún lugar en el laberinto . Para depositar las piezas de repuesto, se debe llegar a la cima central o inferior de cualquier nivel. Para pasar a otro nivel, manten el botón del joystick hacia abajo mientras te mueves a través de los túneles a ambos lados. También puedes utilizar estos túneles, sin mantener pulsado el botón, para llegar rápidamente desde el lado izquierdo o derecho del laberinto para evitar monstruos.
Miniature Golf ~ Arcade Golf (USA)	Este es un juego de simulación por ordenador de un campo de golf en miniatura. Se trata de afinar tu sentido de la oportunidad y tu perspicacia para juzgar la distancia. Al igual que en un campo de golf en miniatura tradicional, una variedad de obstáculos se ponen en tu camino hacia el hoyo. Dependiendo del juego que se haya seleccionado, puedes jugar solo, o una competición entre dos jugadores. En lugar de un total de 18 hoyos, esta variación Golf miniatura tiene una media de nueve hoyos. Tu objetivo es claro: tomar los diferentes obstáculos en cuenta, golpear la bola y completar cada hoyo. El número de intentos realizados para un solo hoyo se marca como golpes. Mientras los golpes totales son ilimitados, cada hoyo tiene un par específico asignado. Así que lo ideal, es no sobrepasar el par asignado a cada hoyo. Usando el joystick estándar, puedes colocar el club para ajustar la fuerza y el ángulo de cómo se golpea la bola.
Missile Command (USA)	Missile Command es un juego desarrollado por Atari en 1980, en el cual se simula la invasión hacia las ciudades terrestres, y una serie de torretas de misiles deben detener a los invasores. Una cabina del Missile Command en un Salón recreativo. Estas torretas tenían un límite de municiones y además la mira sólo podía apuntar a un sitio por ocasión, lo cual imposibilitaba la capacidad del usuario de acertar de forma oportuna. Si a una torreta le llegaba un disparo, esta quedaba inutilizada por un período de tiempo, siendo utilizable después de paso ese tiempo. Cada cinco niveles, se podía restablecer una ciudad que estuviera destruida y además se entregaban premios por la cantidad de municiones que hayan restado después de defender las ciudades.
Missile Control (Europe)	Missile Control es un juego al estilo de Missile Command. El jugador debe defender sus ciudades de las bombas lanzadas por naves alienígenas. El jugador controla un cursor en la pantalla que indica la dirección de disparo de los misiles de defensa. Una vez lanzados, viajan en línea recta desde el lanzador hasta el punto especificado por el jugador, impactando contra un objeto. Cada nivel se gana destruyendo todas las naves alienígenas. El jugador pierde cuando todas sus ciudades son destruidas. Se pueden obtener ciudades adicionales destruyendo un número suficiente de naves alienígenas. El juego se vuelve progresivamente más difícil; por ejemplo, las bombas caen más rápido y las barreras de energía pueden proteger a los alienígenas de los ataques del jugador. Para sortear las barreras, los jugadores pueden desviar sus disparos con los grandes misiles de defensa lanzados a los lados de la pantalla.
Mission 3,000 A.D. (USA)	Mision 3000 es un juego arcade de acción donde tomas el control de la Nave Thunderhawk en una misión para destruir bases estelares enemigas. En cada nivel, hay seis bases estelares fuertemente custodiadas que necesitas localizar y destruir. Para ayudar, en la parte inferior de la pantalla hay un escáner que muestra la ubicación de la Thunderhawk así como las bases estelares. En la vista principal, la Thunderhawk es visible en el centro de la pantalla. Para destruir las bases estelares y numerosos cazas, la Thunderhawk está equipada con láseres que pueden ser disparados en ocho direcciones diferentes. Cuando las seis bases estelares han sido destruidas, se te otorga una vida extra antes de pasar al siguiente nivel, más difícil. El juego termina cuando todas tus vidas se han perdido.
Mission Survive (Europe)	Estás al mando del último Battle Speedster completamente terrestre. El enemigo te rodea por todas partes, dejando caer bombas inteligentes, destruyendo tu camino y levantando obstáculos para poner a prueba tu habilidad y tu voluntad de sobrevivir. Estás equipado con un conjunto único de controles de conducción que te permiten apuntar y disparar tu arma láser al instante y maniobrar tu vehículo como nunca antes.
Mogul Maniac (USA)	Mogul Maniac es un juego de esquí en perspectiva de primera persona (aunque se pueden ver los esquís) donde el objetivo es conseguir el mejor tiempo en un slalom. Las puertas se componen de 2 banderas del mismo color: ya sea rojo o azul, y el objetivo es esquiar entre eellas. El juego consta de 9 pistas diferentes, así como 2 niveles de dificultad diferentes (novatos y expertos). En el modo principiante se penalizará con 5 segundos para cada puerta que se salta, sin embargo, en el modo experto automáticamente te descalifican si te saltas una puerta (aunque aún puedes completar la carrera).
Montezuma's Revenge - Featuring Panama Joe (USA)	Juegas como un cazador de tesoros llamado Joe Panamá, cuyo objetivo es encontrar un antiguo tesoro escondido por el guerrero azteca en lo más profundo de las catacumbas. Pero cuidado, las catacumbas son un gran laberinto habitado por monstruos. calaveras, arañas, cadenas y toneladas de fuego te esperan. Vas a tener que encontrar muchas llaves y abrir puertas para llegar a tu meta. Panamá Joe puede saltar y subir escaleras, pero no tiene mucho que ofrecer en términos de combate. Es por eso que se deben evitar los monstruos en el juego: una colisión con un enemigo lleva a una muerte prematura.
Moon Patrol (USA)	Moon Patrol es un videojuego clásico de arcade desarrollado y distribuido en Japón por Irem, y fue lanzado el año 1982. El videojuego se distribuyó en los Estados Unidos de América (EE.UU.) por Williams Electronics el mismo año de lanzamiento. El videojuego trata de que el jugador debe controlar un vehículo lunar, viéndolo desde una perspectiva la cual le permite ver desplazar el vehículo sobre la superficie de la Luna. Mientras que debe sobrepasar y evitar obstáculos, tales como cráteres o minas, la silla de paseo también es atacada por los OVNIs desde el aire y por tanques desde la tierra. Moon Patrol fue uno de los primeros videojuegos de estas características y el primer videojuego Parallax scrolling (desplazamiento escenográfico repitente continuo)
Moonsweeper (USA)	En Moonsweeper tu objetivo es rescatar a los mineros de las lunas de Júpiter. Comienzas tu misión en el espacio donde se deben evitar las erupciones mortales de aurora, antorchas de fotones y proyectiles espaciales del sol en este cuadrante. De vez en cuando vas a ver una luna pasar, y al volar cerca de ella se puede descender a la superficie. A medida que te mueves a lo largo de la superficie, verás mineros varados que necesitan ser rescatados volando sobre ellos. También en la superficie de las lunas hay varios obstáculos que hay que evitar o destruir, como las torres y satélites lunares, así como destructores superficiales extraterrestres. En caso de sobrevivir y rescatar a seis mineros (el máximo que tu nave puede transportar), entonces puedes despegar de la superficie mediante el uso de los anillos aceleradores. Hay varios tipos diferentes de lunas que se encuentran en este cuadrante, cada una con un diferente nivel de dificultad. Para ayudar, la nave está equipada con torpedos de fotones y escudos (aunque perderás puntos, cuando los uses).
Motocross (Europe) (Quelle)	Motocross es un juego de carreras de motos con vista cenital. El jugador conduce una moto contra un número infinito de oponentes en una recta, intentando evitar chocar con ellos. Además, debe controlar la cantidad de gasolina que queda en el depósito. El indicador de combustible se recarga pasando por encima de bidones. El objetivo del juego es adelantar a un número determinado de motos. Una vez logrado esto, comienza una nueva &quot;escena&quot; y la dificultad aumenta.
Motocross Racer (USA)	Motocross Racer es un juego de carreras de motos donde tienes que correr a través de tres escenarios diferentes en el menor tiempo posible. Cada escena tiene lugar en una ubicación diferente, con una perspectiva diferente. Primero debes correr por el desierto con un punto de vista 3d detrás de la moto. Rocas, cactus, escorpiones y otros obstáculos se deben evitar o te harán perder un tiempo valioso. A continuación vamos a la carrera de un sinuoso camino cuesta arriba por el bosque. Esta sección tiene una vista de arriba a abajo, y perderás el tiempo si te desplazas fuera de la pista o chocas contra obstáculos. El tramo final de la carrera se lleva a cabo en la playa con un punto de vista de desplazamiento lateral. Varios obstáculos y otros corredores serán tus enemigos aquí! Si te estrellas demasiadas veces, o tardas demasiado tiempo, el juego habrá terminado.
MotoRodeo (USA)	Se trata de una carrera de camiones monster que ofrece verdadera acción en pantalla dividida. En primer lugar, se mueve la palanca de mando ( s ) hacia arriba o hacia abajo para seleccionar si el rival será un jugador humano o la computadora , un Blazer o un camión y si tendrá neumáticos o trax . Los neumáticos te permiten pasar por encima de obstáculos más fáciles, trax hace que rebotes más alto. A continuación, en la siguiente pantalla , se selecciona la dificultad duro, medio o fácil , o si se va a practicar uno de los obstáculos en el juego.
Mountain King (USA)	En lo profundo de una mina de diamantes de plataformas múltiples hay una corona valiosa. Tu objetivo es localizar y recuperar la corona, ¡luego llegar a la cima de la mina con vida! Hay varios pasos que deben completarse antes de poder recuperar la corona. Primero debes recolectar suficientes diamantes para ganar 1,000 puntos. Después de tener suficientes puntos, necesita localizar el espíritu de llama que está escondido en algún lugar dentro de la mina. Como la mina es bastante oscura, llevas una linterna contigo que puede usarse para localizar objetos (como cofres de tesoros llenos de diamantes y el espíritu de fuego). Una vez que tienes el espíritu de llama, debes encontrar la entrada al templo. la corona está adentro. Ofrece el espíritu de la llama al espíritu del cráneo que protege la entrada, podrás entrar y tomar la corona. Una vez que tengas la corona, tienes que llegar a la parte superior de la mina antes de que se acabe el tiempo. Para hacer esta tarea más desafiante, numerosos murciélagos de cueva vuelan alrededor de los cuales pueden robar la corona. Si esto sucede, ¡debes comenzar de nuevo! En el fondo de la mina hay una araña mortal; si no tienes cuidado al explorar esta región de la mina, podrías quedar atrapado en su red y ser comido. ¡Cada nivel tiene un límite de tiempo, y cuantos más niveles completes, más corto será el límite de tiempo!
Mountain Man (Europe)	Esquía, Dispara y Repite.
Mouse Trap (USA)	Mouse Trap es un juego arcade de acción similar a Pac-Man. Controlas un ratón en un laberinto, tu objetivo es comer todos los trozos de queso con el fin de ganar puntos y pasar al siguiente laberinto. Vagando por todo el laberinto hay varios gatos que intentan atraparte! El ratón tiene la capacidad de convertirse temporalmente en un perro y ser capaz de perseguir a los gatos. Para ello, sin embargo, tendrá que comer los huesos de perro que se encuentran por todo el laberinto. El laberinto también contiene numerosas puertas. El ratón se puede mover estas puertas para volver a configurar el laberinto en un intento de engañar a los gatos.
Mr. Do! (USA)	Controlas al Sr. Do que intenta recoger todas las cerezas en la pantalla. Sin embargo, existen numerosos tipos malos que irán a por él! El Sr. Do puede defenderse de los chicos malos de dos maneras: en primer lugar puede empujar las manzanas ubicadas en todo el campo de juego por encima de los enemigos y aplastarlos. En segundo lugar, el Sr. Do está armado con una bola de energía. Esta puede ser lanzada para destruir al enemigo. El Sr. Do tiene una sola bola de energía, sin embargo, tendrá que esperar a que se vuelva a cargar antes de que pueda ser utilizada de nuevo. De vez en cuando aparece un monstruo alfa en la pantalla que lleva una de las letras de EXTRA. Si utilizas la bola de energía para destruir al monstruo alfa ganas esa letra, y cuando has ganado la palabra completa EXTRA recibes una vida extra. Cuando recojas con éxito todas las cerezas, pasarás al siguiente nivel, más difícil.
Mr. Do!'s Castle (USA)	Mr. Do!'s Castle es un juego de acción de plataformas en el que estás en castillo de varios niveles, en los que en cada uno contiene una variedad de bloques. Controlas a Mr. Do! el payaso, que tiene un martillo con el que puede romper los bloques del suelo. Vagando por el castillo hay temibles unicornios que no cesaran de intentar atraparte. Tu objetivo es ganar tantos puntos como sea posible a medida que progresas de niveles cada vez más complicados.
Mr. Postman (USA)	Tu misión es proteger a Mr. Postman que debe enviar una carta secreta a Silent City. Mr. Postman debe mantenerse alejado del granizo y del águila, o pulsar el botón para dispararles. Mr. Postman no puede tocar la pared mientras está caminando en la calle, de lo contrario todo habrá acabado.
Mr. T + moderne Ritter, Der (Europe) (En,De)	En este título personificarás a Eddie que tiene por cualidad la velocidad, así que haciendo uso de ella deberás recolectar la mayor cantidad de premios que tengas a tu alcance.
Ms. Pac-Man (USA)	En 1982, una secuela de Pac-Man fue presentada en la forma de su novia, Ms. Pac-Man. Esta secuela continuó en el &quot; comer los puntos y evitar los fantasmas &quot; del juego original, pero añade nuevas características. Al igual que su novio, Ms. Pac-Man intenta aclarar cuatro diversos y desafiantes laberintos llenos de puntos y frutas en constante movimiento, evitando a Inky , Blinky , Pinky y Sue , cada uno con su propia personalidad y tácticas. Un toque de cualquiera de estos fantasmas significa una pérdida de la vida de la Sra. Pac-Man. Ms. Pac-Man puede devolver la pelota a sus perseguidores por el consumo de una de las cuatro Energizers ubicadas dentro del laberinto. Durante este tiempo, los fantasmas se vuelven azules, y la Sra. Pac-Man puede comerlos para obtener puntos adicionales (que van desde 200 , 400, 800 y 1600 , de manera progresiva ) . El poder Energizer sólo dura un tiempo limitado, los ojos de los fantasmas regresan flotando de nuevo a su cuadro central , y se regeneran para perseguir a la Sra. Pac-Man de nuevo.
Music Machine, The (USA)	En este juego, juegas como Stevie y Nancy . La máquina de música se mueve hacia adelante y hacia atrás en la parte superior de la pantalla, dejando caer símbolos que representan buenas cualidades ( Frutos del Espíritu ). Tienes que recoger éstos en tu cesta. Una vez que has cogido una de cada uno de los otros símbolos, a continuación, el corazón (que representa el amor). Debes tomar el corazón para terminar la ronda y pasar a la siguiente ronda. Si no cumples con el corazón, se pierde una vida. Justo debajo de la máquina de música está el Sr. Pims. Tratará de que te metas a alguno de sus ayudantes, los Pudgeons. Si usted coges un Pudgeon, se pierde una vida.
My Golf (Germany) (En,De)	My Golf es un juego de Golf, desarrollado por Imagineering Inc y publicado por HES Interactive, que fue lanzado en Europa en 1990.
Name This Game (USA)	Acabas de descubrir un tesoro enterrado en el fondo del mar, y ahora hay que protegerlo. Controlas a un submarinista en la parte inferior de la pantalla, y hay un pulpo gigante y el tiburón asesino. Cada vez que un tentáculo del pulpo toca la parte inferior de la pantalla, o el tiburón te pilla, algo de tu tesoro se perderá. Para hacer frente a estas criaturas, el buzo tiene un arpón. Dispara al tiburón antes de que pueda llegar a la parte inferior de la pantalla (el tiburón volverá a aparecer en la parte superior de la pantalla cada vez que le disparas.) Los tentáculos del pulpo van bajando, cada vez que un tentáculo se dispara retrocederá de nuevo a la parte superior. Por supuesto, el buzo tiene un suministro de aire limitado. Su compañero se encuentra en un barco en la superficie, y en ocasiones caerá una línea recta hacia abajo. ¡Tienes que coger esta para reponer el aire antes de que se acabe (si te quedas sin aire, se perderá algún tesoro). El juego termina cuando se ha perdido todo tu tesoro.
Night Driver (USA)	Night Driver es un juego de carreras de acción que tiene lugar por la noche. Su objetivo es anotar tantos puntos como sea posible compitiendo en una de las cuatro pistas diferentes. Los puntos se anotan pasando puntos de control ubicados en toda la pista. Si su automóvil choca contra el costado de la carretera, los automóviles que se aproximan o cualquier otro obstáculo, ¡perderá toda su velocidad y mucho tiempo! El juego finaliza cuando el límite de tiempo de 90 segundos ha terminado. Las cuatro pistas que puede elegir son: principiante, profesional, experto y aleatorio (esta pista es diferente cada vez y no se puede memorizar como las otras tres). Se incluyen varias opciones de juego que le permiten seleccionar si otros automóviles tocarán la bocina antes de ingresar a la pantalla y elegir entre 90 segundos o una cantidad infinita de tiempo para un juego.
Nightmare (Europe)	¿Alguna vez has soñado que te persiguen monstruos? ¿Alguna vez has corrido tan rápido como has podido, pero no has podido escapar? ¿Alguna vez has soñado que caes, caes, pero nunca tocas fondo? Esto es una pesadilla. Aquí, los monstruos, la carrera, la caída son reales. Ven, vive tu peor fantasía. Ven, intenta desafiar las probabilidades. ¡Ven, pero reza para despertar antes de que sea demasiado tarde!
No Escape! (USA)	Jason ha tomado el vellocino de oro de los dioses! Ellos están, naturalmente, molestos y han encarcelado a Jason en el Templo de Afrodita con la Furias mortales. Controlas a Jason y tu objetivo es eliminar todas las Furias para pasar al siguiente nivel. Las Furias se pueden destruir si se golpean con un ladrillo mágico desde el techo del templo. Tu estás armado con un suministro ilimitado de piedras, tirar una piedra al techo hará que un ladrillo caiga (ten cuidado, perderás una vida si te golpea un ladrillo que cae en lugar de a las Furias). Cuando una furia es golpeada por un ladrillo se destruye, pero si se golpea accidentalmente una furia con una piedra luego se multiplica. Las Furias también disparan, y perderás una vida si te golpean. El juego termina cuando no tienes más vidas. Varios niveles de dificultad disponibles.
Nuts (USA)	Eres una ardilla trabajadora. Durante todo el año has estado almacenando comida en tu hogar en lo alto del árbol. De repente, mientras estás fuera, la Comadreja Astuta te lo roba todo. ¡No dejes que se salga con la suya! ¡Lánzale nueces! ¡Derríbalo de la rama! ¡Recupera tus provisiones!nn¡Es emocionante! ¡Es una locura! ¡Es NUTS! ¡Te va a volver loco, literalmente sacarte de tu árbol!
Obelix (USA)	Un clásico juego de Asterix y Obelix, donde juegas simultáneamente con (ambos) Asterix y Obelix para paracticar su deporte favorito, dar golpes a los soldados romanos. El objetivo del juego es ayudar a Astérix que golpea a los soldados romanos &quot;paralizandoles&quot; (simplemente pasando a su lado), mientras que mandas al bueno de Obelix que lanza sus menhires de gran tamaño hacia abajo sobre los Romanos aturdidos. Si, por casualidad, un soldado aturdido no se golpea con un menhir, se volverá hostil, lo que significa que Asterix está en problemas. En cualquier caso, se necesita una buena poción de magia de Panorámix con el fin de derrotar a los romanos &quot;rojos&quot;, así que prepárate para tomar un poco cuando Panorámix aparezca. Hay 2 tipos de soldados romanos: los legionarios y los pequeños centuriones. Los Centuriones valen más puntos.
Off the Wall (USA)	Off The Wall es un juego de acción arcade con estilo Breakout. Controlas a Kung Fu Lu, cuya misión es destruir una misteriosa pared al reflejar una pelota que rebota en los ladrillos que la forman. Cuando los ladrillos son golpeados, son destruidos. En la parte superior de la pantalla, un dragón místico protege la pared. Para completar un nivel, debes destruir todos los ladrillos o golpear al dragón seis veces con la pelota. A partir del segundo nivel, un mirlo aparecerá para desviar la pelota y hacer la misión más difícil. Ocasionalmente, símbolos mágicos caerán, otorgando habilidades especiales como una pelota magnética, una paleta más grande o una bola explosiva. Comienzas como campesino y avanzas de rango cada cuatro oleadas de ladrillos. Pierdes una vida si la pelota cae al fondo, y el juego termina cuando agotas todas tus vidas.
Off Your Rocker (USA) (Proto)	Off Your Rocker es un juego al estilo Simón Dice para uno a cuatro jugadores por turnos. El personaje en pantalla se inclina hacia una forma de color mientras suena un tono. El jugador debe inclinar su joystick en la misma dirección. A medida que el juego avanza, las secuencias se vuelven más largas y complejas. En partidas con dos o más jugadores, cada uno toma turnos para ver quién puede completar más secuencias correctamente.
Official Frogger, The (USA)	El jugador controla una rana que comienza en la parte inferior de la pantalla y debe guiarla hasta su hogar en uno de los cinco espacios en la parte superior. La mitad inferior de la pantalla presenta una carretera llena de vehículos en movimiento, que pueden incluir automóviles, camiones, autobuses, buggies, bulldozers, furgonetas, taxis, ciclistas y motocicletas, todos cruzando la pantalla a gran velocidad.
Oink! (USA)	Oink! está basado en el cuento de los tres cerditos. El lobo feroz está tratando de derribar cada una de las casas de los cerdos. Controlas a cada cerdo de uno en uno. El lobo está en la parte inferior de la pantalla e intenta hacer un agujero en la casa. Cada vez que se forma un agujero, el cerdo debe poner un parche rápidamente para que el lobo no pueda entrar. Nuevos materiales se encuentran en la parte superior de la pantalla, y hay que tomarlos y ponerlos en los agujeros que se forman. Comienzas el juego controlando al cerdo cuya casa está hecha de paja, cuando es capturado, se pasa al cerdos en la casa hecha de palos. Finalmente se controlará al cerdo en la casa de ladrillos. Cuando los tres cerdos han sido capturados por el lobo, el juego ha terminado.
Omega Race (USA)	Este es un remake del juego arcade de Bally - Midway. Controlas una nave espacial y debes derribar las naves enemigas &quot; Droid &quot; que te atacan. Tu nave debe sobrevivir pero puede disparar también. No hay fin en este juego. Más bien, es un juego en el que se intenta conseguir la puntuación más alta, o completar el mayor número de niveles. Controlas un pequeño triángulo que es tu nave. La nave puede girar, avanzar (con propulsores ) y disparar. El movimiento es uno de los retos del juego; una vez que la nave se está moviendo, sólo se puede frensr girando en la dirección opuesta y usando los propulsores. Al hacer esto, la nave no puede disparar hacia cualquier cosa que esté en movimiento.
Open Sesame (Europe) (Goliath)	Pobre Teddy Bear. Él sólo tenía un mal sueño y quiere un abrazo de su mamá. Ayuda al peluche a subir la montaña para llegar a su madre. En I Want My Mommy, el jugador debe guiar al peluche hasta dos montañas. la primera tiene una manzana en la parte superior y la segunda tiene a su mamá que espera para darle un abrazo. Para avanzar en la montaña, el jugador debe estar en un bloque levantado y pulsar el botón para subir una escalera de polvo de estrellas mágica por la que se puede subir para llegar a un nivel superior. Si es necesario, el jugador también puede bajar. Para alcanzar el nivel superior, el jugador debe tener todas las escaleras colocadas.
Oscar's Trash Race (USA)	Es el Día de picnic de Grouch y tres pequeños gruñones ( Herman, Grungetta y Sloppy ) quieren ganar la carrera de Papeleras. El juego es una prueba de entrenamiento. Los camiones de basura vuelcan de 1 a 5 artículos. En uno de los cubos de basura en la parte superior habrá entonces un número. Pulsa el botón del mando para que se utilicen las teclas de flecha para mover a la papelera . Una vez que llegues a la basura, mueve al cascarrabias de nuevo a la parte superior. Obtienes un punto por cada carrera. Hay tres carreras por juego, luego Oscar parece felicitar al ganador (a su manera, de mal humor) . El segundo juego es el mismo que el juego uno, excepto que habrá un número en los tres cubos de basura y hay que seleccionar el que corresponde al número de elementos. Ambos juegos son para sólo un jugador .
Othello (USA)	Othello es una conversión del juego de mesa. Cada jugador trata de llenar el tablero con la mayor cantidad de discos de su color que sea posible. En cada turno el jugador coloca una ficha en el tablero mediante la selección de un lugar. Los discos de los opositores serán atrapados entre dos de sus discos. Los discos atrapados se convierten del color de los jugadores. El juego termina cuando el tablero está lleno o se acabe el tiempo, y el jugador con el mayor número de sus discos colocado en el tablero gana. Dos jugadores pueden jugar uno contra el otro, o un jugador contra la computadora.
Out of Control (USA)	Esta es una carrera de obstáculos en una nave espacial. La nave se controla de una manera bastante similar a Asteroids, en la que se presiona izquierda o derecha para girar y pulsas fuego para el empuje. Una vez que dejes de empujar, la nave no se detiene inmediatamente, aunque se ralentizará. Para detenerla, tiens propulsarte en la dirección opuesta . En primer lugar, debes pasar un cierto número de obstáculos. Si hay un solo obstáculo, debes pasar por el lado de la flecha. Si hay dos obstáculos, debes pasar entre ellos. Si hay tres, puedes pasar a través de ellos o todos. Si chocas con un obstáculo, debes volver a la última valla superada con éxito y hacerlo de nuevo para continuar.
Outlaw ~ Gunslinger (USA)	En Outlaw el jugador controla a un pistolero en el viejo oeste. Dispone tanto de uno y dos jugadores. En la versión de 1 jugador, el objetivo es disparar a un blanco en movimiento tantas veces como sea posible en 99 segundos. En la versión de dos jugadores, cada jugador intenta ser el primero en disparar a su oponente diez veces. Varias variantes de juego se incluyen en las dos versiones. En el centro de la pantalla hay una de los posibles obstáculos para hacer el juego más difícil. Un cactus gigante, una diligencia, una diligencia en movimiento, o una pared rompible, todos pueden bloquear el objetivo o ser un buen refugio para el jugador para esconderse de los tiros rivales. El jugador también tiene la opción de fuego ilimitado o sólo seis disparos. Si el jugador elige los seis disparos, a continuación, cada jugador debe utilizar hasta los seis disparos antes de que cualquier jugador pueda recargar.
Pac-Man (USA)	Uno de los juegos más populares e influyentes de la década de 1980, Pac-Man comienza como un punto amarillo &quot;muncher&quot; que debe despejar el laberinto de los distintos puntos y frutas que habitan en el tablero. El objetivo de Pac-Man se ve dificultado continuamente por cuatro fantasmas: El fantasma azul Tímido (Inky), el fantasma rojo (Blinky), el fantasma rosa rápido (Pinky), y el fantasma naranja olvidadizo (Clyde). Un toque de cualquiera de estos fantasmas significa una pérdida de vida de Pac-Man. Pac-Man puede devolver la pelota a sus perseguidores por el consumo de los cuatro Energizers ubicados dentro del laberinto. Durante este tiempo, los fantasmas se vuelven azules, y Pac-Man puede comerles para obtener puntos adicionales. Esto sólo dura un tiempo limitado, ya que los ojos del fantasma vuelven flotando de nuevo a su cuadro central, y se regeneran para perseguir a Pac-Man de nuevo.
Panda Chase (Europe)	En Panda Chase, el jugador controla a un pequeño panda en su búsqueda de bambú en el bosque. Panda Chase es un juego peculiar donde, controlando a un panda, debes recorrer los distintos niveles buscando bambú para recuperar tu energía, que se pierde cada segundo. Al comenzar el juego, el panda se encontrará en un área abierta con varios lugares para explorar. Al entrar en un lugar, aparecerás en un nuevo entorno, ya sea una cueva, un bosque o un campo abierto. Tu objetivo será sortear los obstáculos y desviar a los enemigos para recoger el bambú. Al recoger un bambú, el jugador recuperará su energía y recibirá puntos. Si te quedas sin puntos o pierdes las tres vidas, el juego terminará.
Parachute (Europe)	Antes de iniciar el juego, el jugador debe seleccionar si desea recorrer 15000, 10000 o 5000 kilómetros por nivel (más kilómetros hacen cada nivel más largo). Después de esto, la acción comienza: el jugador debe guiar a un paracaidista hacia tierra firme evitando los helicópteros, aves y globos aerostáticos que vagan por el firmamento. Cada nivel finaliza al tocar el suelo evitando al soldado que se encuentra patrullando en la zona. Si el paracaidista aterriza en el medio de la pantalla, recibirá 1000 puntos por la hazaña y una vida extra. Aterrizar lejos del centro significará una menor ganancia de puntos, pero aun así se recibirá una vida de regalo.
Party Mix (USA)	Invita a tus amigos y diviértete con cinco juegos alocados y divertidos: Bop a Buggy, Tira y afloja, Torreón del Mago, En la Vía y Handcar. Compite cara a cara o en equipos de dos. Compite contra personas, no contra un ordenador. Todos juegan a la vez.
Pengo (USA)	En esta versión del clásico arcade, debes derrotar al enemigo empujando bloques de hielo en conjunto para aplastarlos. También puedes capturar uno si está aturdido. También hay un límite de tiempo para que sea un poco más difícil (hay que hacerlo en un minuto).
Pete Rose Baseball (USA)	Este juego de béisbol autoriza al ex jugador de los Rojos de Cincinnati, Pete Rose. Permite al jugador jugar cada posición en el campo. Diferentes estilos de bateo y lanzamiento están disponibles. Tiene voz y sonido digitalizados, y ofrece una variedad de opciones de juego que incluyen acción para uno o dos jugadores, juego de temporada o exhibición. En un movimiento algo adelantado a su tiempo, se ofrecen ocho perspectivas diferentes. También hay algunas capacidades de gestión de equipo, a medida que selecciona y ordena su equipo, y contrata nuevos jugadores. Esto puede durar más de diez temporadas, lo que lo convierte en uno de los primeros modos de carrera.
Phantom Tank (Europe)	Phantom Tank es un videojuego publicado en 1983 por la empresa taiwanesa Bit Corporation para el Atari 2600. El jugador controla un tanque amarillo que debe proteger su cuartel de los &quot;tanques fantasmas&quot; (término utilizado por el fabricante para ocultar que la razón del parpadeo de los tanques enemigos era el limitado hardware de la consola de Atari). Son tres niveles en total, y para pasar al siguiente es necesario acabar con 20 tanques. Para eliminarlos el jugador cuenta con un cañón idéntico al de los otros tanques, aunque también es posible actuar como un kamikaze y estrellarse contra un tanque enemigo. Al hacer esto, el jugador pierde uno de los cinco tanques que posee en reserva, pero a cambio gana 200 puntos (en lugar de los 100 que se obtienen por acabar con un enemigo con el cañón). Si un tanque enemigo dispara contra el cuartel del jugador, éste pierde el juego sin importar los tanques que tenga en reserva.
Phantom UFO (USA)	Spider Fighter es un juego de acción estilo arcade algo similar a Space Invaders. Controla un Bug Blaster en la parte inferior de la pantalla, y tienes la necesidad de defender las tres piezas de fruta en la parte superior derecha de la pantalla. Varios tipos arañas corretean alrededor rápidamente, tratando de destruir tu arma y robar la fruta. Si toda tu fruta es robada o se pierden todos tus Bug Blasters, el juego ha terminado. Cuando se destruyen todas las arañas en una ronda, pasas a la siguiente ronda, más rápida. Si todavía tienes las tres piezas de fruta cuando se completa una ronda, recibirás un Bug Blaster extra.
Phantom-Panzer + Phantom Tank (Germany)	Phantom Tank es un videojuego publicado en 1983 por la empresa taiwanesa Bit Corporation para el Atari 2600. El jugador controla un tanque amarillo que debe proteger su cuartel de los &quot;tanques fantasmas&quot; (término utilizado por el fabricante para ocultar que la razón del parpadeo de los tanques enemigos era el limitado hardware de la consola de Atari). Son tres niveles en total, y para pasar al siguiente es necesario acabar con 20 tanques. Para eliminarlos el jugador cuenta con un cañón idéntico al de los otros tanques, aunque también es posible actuar como un kamikaze y estrellarse contra un tanque enemigo. Al hacer esto, el jugador pierde uno de los cinco tanques que posee en reserva, pero a cambio gana 200 puntos (en lugar de los 100 que se obtienen por acabar con un enemigo con el cañón). Si un tanque enemigo dispara contra el cuartel del jugador, éste pierde el juego sin importar los tanques que tenga en reserva.
Pharaoh's Curse (USA)	Este juego es muy simple, pero muy difícil. Para ganar hay que limpiar la &quot;suciedad&quot; de la pantalla, evitando a los enemigos (una serpiente y una araña gigante)
Phaser Patrol (USA)	Derrota a la Armada Dracon en un combate desafiante y realista. Incluye reloj en tiempo real, indicador de energía, indicador de proximidad alienígena, indicador de estado de torpedos, escáner de alcance de combate, fijación de objetivos de torpedos, naves de combate Dracon, indicador de estado de escudos y pantalla de mensajes.
Phoenix (USA)	Phoenix es un juego arcade de acción similar al Space Invaders. Eres el comandante de la Phoenix, y tu misión es llegar a una nave espacial extraterrestre que ha estado drenando tus recursos del planeta. La nave está custodiada por cuatro niveles de criaturas. Después de despejar las cuatro etapas, el quinto nivel será contra una gran nave nodriza, fuertemente blindada. Si se destruye la nave nodriza, el juego se vuelve a repetir, pero con una mayor velocidad y dificultad. Para derrotar a los numerosos enemigos, la Phoenix está equipada con un cañón láser y un campo de fuerza.
Pick 'n' Pile (Europe)	Pick 'n Pile es un juego de rompecabezas al estilo de Tetris. En cada nivel hay una variedad de símbolos dispuestos en columnas en la pantalla. Al mover los símbolos, debe crear columnas que contengan símbolos idénticos; una vez que todos los símbolos en una columna son iguales, esa columna desaparece. Su objetivo es ganar puntos y completar los niveles haciendo desaparecer todos los símbolos en la pantalla. Ocasionalmente, puede quedar atrapado con un símbolo que no coincide con nada en la pantalla; cuando esto sucede, puede solicitar que aparezca un símbolo adicional en la pantalla. Sin embargo, como el símbolo que aparece es aleatorio, es posible que necesite crear bastantes símbolos antes de que aparezca el que necesita. Cada nivel tiene un límite de tiempo en el que debe completarse; se te acaba el tiempo y pierdes una vida; perder todas las vidas y el juego ha terminado. Además de los símbolos regulares, también hay algunos objetos especiales en la pantalla que pueden ayudar o dificultar su progreso. Estos incluyen bombas que destruyen varios símbolos a la vez, bloques que pueden interponerse o estar dispuestos a ayudar, cabezas de muerte que disminuyen el tiempo más rápidamente y macetas que no se pueden mover.
Picnic (USA)	Usted está disfrutando de un día de campo, cuando de repente un enjambre de moscas llega! Usted controla a un matamoscas en la parte inferior de la pantalla; tu objetivo en este juego es proteger tus hamburguesas (que se encuentran en la parte inferior izquierda y derecha de la pantalla) de las moscas que atacan. Cuando una mosca está lo suficientemente cerca, pegará su lengua y empezará a comer. Si usted consigue atacarla cuando tenga la lengua fuera, esta quedará noqueada y caerá en tu trampa para moscas. Cuando todas las moscas han sido eliminadas, entonces deberás hacer frente a una gran súper mosca antes de completar el nivel (cuidado, come rápido!) Después de acabar con la súper mosca, deberás pasar a la siguiente ronda. El juego termina cuando todas tus hamburguesas han sido completamente comidas.
Piece o' Cake (USA)	En Piece o 'Cake eres un chef, y tu objetivo es construir con éxito las tartas. En la parte inferior de la pantalla hay una cinta transportadora y una fuente aparecerá en el lado izquierdo que se mueve hacia la derecha. Tu te encuentras en la parte superior de la pantalla y tienes que tomar las capas de pastel del horno y dejarlas caer sobre el plato. Las capas de la tarta son de diferentes tamaños y debes colocarlas de mallor a menor.
Pigs in Space - Starring Miss Piggy (USA)	Este juego consiste realmente en tres juegos más pequeños. Seleccionas a cual jugar según la elección del personaje que quieras. Para el capitán Link Hogthrob, es Chickenvaders. una versión de Space Invaders. En la exploración del planeta Cluck, nuestro intrépido héroe fue atacado por pollos espaciales. El Capitán Link debe destruirlos antes de puedan llegar al planeta. Si seleccionas a Piggy, juegas a Pastaroids. De alguna manera, Piggy ha sido expulsado de la Swinetrek en una tormenta pastaroid. Debes guiar a Piggy desde el fondo de la pantalla a la parte superior y abordar el Swinetrek antes de que salga. Si tocas una albóndiga o una hebra de espagueti, perderás terreno, y por lo tanto tiempo. Puedes presionar el fuego para dar a una bola de carne un golpe de karate para los puntos, pero no te entretengas.
Pitfall! - Pitfall Harry's Jungle Adventure (USA)	Pitfall! es un juego de plataformas de acción. Juegas como Pitfall Harry que está en una búsqueda para localizar tesoros en la selva. Con un poco de suerte podrás encontrar bolsas de dinero, barras de plata, lingotes de oro y anillos de diamantes. Sin embargo, muchos obstáculos se pondrán en el camino, algunos de los cuales simplemente deducen puntos de tu puntuación, mientras que otros son fatales. Cayendo en un agujero deducirá puntos, y escorpiones, lagartos, serpientes, pozos sin fondo, pantanos, y los incendios provocarán a Pitfall Harry perder una vida. Tienes 20 minutos para tratar de recoger todos los tesoros en las numerosas pantallas, si es que puedes vivir tanto tiempo!
Planet of the Apes (USA) (Proto)	La acción se desarrolla en varias pantallas: desiertos; bosques; el pueblo de los monos; un cruce de río; Cuevas subterráneas; y la escena climática de la Estatua de la Libertad de la película. Hay tres tipos diferentes de monos en este juego: Chimpancés: estos pequeños son inofensivos y se puede tocarlos sin miedo; Los orangutanes son ligeramente más grandes y mucho más peligrosos que los chimpancés. Si los tocas, quedarás atrapado; Los gorilas son los simios más peligrosos de todos. No sólo pueden atraparte, también pueden dispararte.
Planet Patrol (USA)	Estás en una patrulla para encontrar y destruir los depósitos de combustible enemigo. Tu nave vuela a la izquierda, mientras que controlas el movimiento ascendente y descendente. Inicialmente, debes diaparar a las naves rojas, y evitar los misiles, azules más pequeños. No dispares a la nave negra para que puedas aterrizar y repostar más tarde. Cuando se llega a los tres depósitos de combustible enemigos, dispara a cada uno para destruirlo a continuación, atraviesa un campo de minas para continuar. Si se llega a la pista de aterrizaje, sólo debes alinear la nave con ella a la tierra y un camión de repostaje rellenará sus tanques. A Medida que avanzas en la noche, las naves enemigas se vuelven demasiado oscuras para verlas. A continuación, puedes crear luz, de manera temporal, por disparar tiros.
Plaque Attack (USA)	En plaque Attack, tu objetivo es proteger la boca llena de dientes de una variedad de alimentos. Controlas un tubo de pasta de dientes con fluor, y tienes que disparar a los alimentos que atacan antes de que puedan descomponer los dientes situados en la parte superior e inferior de la pantalla. Hamburguesas, perros calientes, caramelos, fresas, conos de helado y más proveedores aparecen a partir de los lados de la pantalla y avanzan hacia los dientes. Si un alimento alcanza un diente y se le permite permanecer allí por mucho tiempo, el diente se desintegrará y desaparecerá. El juego termina cuando todos los dientes han decaído y desaparecido.
Polaris (USA)	Eres el comandante de un submarino nuclear clase Polaris. Tu misión es la defensa de tu país de un ataque enemigo. Debes enfrentarte a de uno a tres submarinos enemigos y de uno a cinco atacantes en escuadra. Debes destruir a los terroristas disparando misiles. Después de destruir la escuadra atacante, debes hacer frente a un bombardero en picado que dejar caer torpedos, que se hunden en profundidad. Después de destruirlos, hay que navegar a través de un canal, evitando o torpedeando minas para llegar al siguiente nivel. De vez en cuando, un destructor enemigo se moverá por la pantalla y dejará caer una carga de profundidad.
Pole Position (USA)	Pole Position es la conversión del juego de carreras arcade. participa en el Gran Premio, contra otros coches de competición para conseguir la mayor puntuación posible, en el menor lapso de tiempo. Antes de que el jugador pueda entrar en el Grand Prix, el jugador debe calificarse primero al competir en la Vuelta de Calificacion en menos de 73 segundos o menos. Si el jugador no obstante, no se califica en la Vuelta de Calificacion, el jugador puede continuar la carrera hasta que el Race Timer corra después de 90 segundos. El jugador marcará 50 puntos por cada 5 metros y, además, 50 puntos por cada coche de carreras pasado. Cuando se agote el tiempo - Game Over . El jugador tendrá que reiniciar la Vuelta Calificacion. La Eliminatorias permitirán al jugador comenzar en uno de los ocho puestos disponibles. Cuanto más rápido sea el tiempo de vuelta, mejor será la posición de partida, además de puntos de puntuación de bonificación. La primera posición de partida, es la Pole Position.
Pooyan (USA)	En este remake del juego de arcade Pooyan de principios de los 80, juegas en el papel de un cerdo, protegiendo a sus lechones de los lobos. La primera pantalla se lleva a cabo cerca de la casa de los cerdos. La señora Pig sube y baja en un teleférico, disparando a los lobos, que están montando en globos hacia abajo, hacia el suelo. Si los lobos aterrizan con seguridad en el suelo, entonces pueden subir una escalera, cerca del teleférico, y coger a la señora Pig. Pero si ella dispara a sus globos, ellos se estrellarán en el suelo. Los lobos disparan bellotas a los cerdos. Pero la señora Pig tiene un arma también. Si ella llega a la cima, puede conseguir carne, para echar a los lobos y hacerlos saltar de sus globos en su persecución. Cada lobo sacado de esta manera vale los puntos de bonificación (en un esquema de duplicación : 400, 800 ... 1600 ).
Popeye (USA)	Popeye es una conversión del juego de arcade de acción y plataformas. Como Popeye, estás tratando de ganar el amor de Olivia! Ella está en la parte superior de la pantalla dejando caer las fichas de su amor, y hay que recogerlas antes de que lleguen al suelo. Después de haber recogido el número necesario de elementos, puedes pasar al siguiente nivel, más difícil. Hay muchos obstáculos que tratan de impedirte completar tu tarea, sin embargo! Brutus se pasea por la pantalla y está constantemente tratando de atraparte. Si recoges una lata de espinacas, puedes noquearle temporalmente, de lo contrario Brutus te noqueará. Otros objetos como botellas o las aves también están volando alrededor de la pantalla y harán que se pierda una de tus vidas si eres golpeado. Cada nivel cuenta con un diseño diferente de plataformas y escaleras, y tendrás que recolectar diferentes objetos que flotan hacia la parte inferior de la pantalla!
Porky's (USA)	Juegas como Edward &quot;Pee Wee&quot; Morris, quien, a pesar de sus deficiencias, se esfuerza para vengarse de Porky, el dueño del bar que había humillado a Pee Wee y sus amigos.
Power Lords (USA) (Proto)	Power Lords se basó en la línea de juguetes de 1983 del mismo nombre. North American Phillips (NAP) debe haber pensado que iba a ser un gran éxito, porque los juegos fueron desarrollados para Atari 2600, Colecovision y Odyssey 2. De estos juegos, solo se lanzó la versión Odyssey 2 y se considera la más rara. Juego lanzado en Estados Unidos para el sistema. Las tres versiones se juegan de manera similar, pero las versiones Atari 2600 y Colecovision tienen una etapa adicional que hace que el juego sea un poco más interesante. Al igual que las otras versiones, la versión 2600 de Power Lords no es tan divertida de jugar y la dificultad general del juego también es bastante alta. Si Power Lords hubiera sido liberado, probablemente habría terminado en la cesta de descuentos más rápido que las figuras de acción.
Pressure Cooker (USA)	En la olla a presión, usted es un cocinero cuyo trabajo es completar los pedidos de hamburguesas en &quot;The Grille&quot;. A lo largo de la parte inferior de la pantalla verá los pedidos de varios tipos de hamburguesas. Se pueden pedir tomotees, cebollas, lechuga y queso, y usted necesita recolectar los ingredientes adecuados, ponerlos en una hamburguesa y colocarlos en la máquina de envolver. Las hamburguesas llegarán al frente de la pantalla en una cinta transportadora cuando todos los demás ingredientes salgan volando de los dispensadores a la derecha. Asegúrese de atrapar todos los ingredientes y no deje que se caigan las hamburguesas al final de la cinta transportadora, de lo contrario perderá puntos de rendimiento. Si su puntaje de rendimiento cae a cero, será despedido y el juego terminará. Por supuesto, los ingredientes raramente saldrán en el orden deseado. Tan pronto como termine el trabajo, podrá obtener las hamburguesas y colocarlas en la máquina de deformación adecuada, el juego aumentará al aumentar la velocidad de la cinta transportadora y la complejidad de los pedidos.
Private Eye (USA)	En Private Eye encarnas al detective privado Pierre Touche y tu misión es capturar al criminal Henri Le Fiend. Para conseguirlo, primero necesitas encontrar pruebas en su contra y devolver los objetos robados. Durante el juego, controlas a Pierre mientras conduce su coche por la ciudad en busca de pistas y el botín. Varios obstáculos intentarán detenerte: pueden aparecer personajes que te arrojan macetas o dagas, encontrar baches en el camino o una variedad de criaturas que se cruzan por la carretera. De vez en cuando, verás personajes sospechosos escondidos detrás de una ventana; Si saltas y los atrapas, ¡puedes descubrir que están escondiendo un objeto que estás buscando! De lo contrario, aún obtendrás puntos por atrapar a un sospechoso y podrás pasar a buscar una nueva ubicación.
Pygmy (Europe)	Lock 'n' Chase es un juego arcade de acción similar a Pac-Man. Juegas como un ladrón que se encuentra atrapado en un laberinto como una bóveda. Para salir, tienes que recoger todos los puntos de oro situados en el laberinto. Tu tarea no será fácil, ya que hay cuatro agentes de policía en la bóveda que están constantemente tratando de atraparte! Situado a lo largo del laberinto hay numerosas puertas. Según corres a través del laberinto, tienes la posibilidad de cerrar temporalmente una puerta en un intento de bloquear a la policía. Sólo se pueden cerrar dos puertas a la vez, y todas las puertas cerradas se abrirán automáticamente de nuevo después de un corto período de tiempo. Cuando todo el oro en el laberinto se ha recogido, la salida de la bóveda se abrirá y se puede escapar y pasar a la siguiente bóbeda más difícil. En ocasiones, algun elemento de bonificación aparecerá en el laberinto, como una bolsa de dinero en efectivo, una corona, o un maletín, que pueden ser recogidos para ganar más puntos.
Q-bert (USA)	Q*bert es un videojuego de arcade desarrollado y publicado por Gottlieb en 1982. Es un juego de plataformas con gráficos en dos dimensiones. El objetivo es cambiar el color de todos los cubos de una pirámide haciendo que el protagonista salte encima de cada cubo mientras evita obstáculos y enemigos. Los jugadores usan un joystick para controlar el personaje. El juego fue concebido por Warren Davis y Jeff Lee. Lee diseñó el personaje principal basándose en influencias de su infancia y le dio a Q*bert una gran nariz que dispara proyectiles. Su idea original involucraba cruzar una pirámide para disparar a los enemigos, pero Davis eliminó la mecánica de disparos para simplificar la jugabilidad. Q*bert fue desarrollado bajo el nombre de proyecto Cubes, aunque también fue llamado brevemente Snots and Boogers y @!#?@! durante el desarrollo.
Q-bert's Qubes (USA)	QBert's Qubes es una versión tridimensional del clásico QBert. El objetivo sigue siendo cambiar los colores del campo de juego saltando sobre los bloques, pero ahora se debe lograr un patrón específico en lugar de cambiar todo el tablero. Criaturas como una rata gigante persiguen a QBert. Si un enemigo cae en un bloque con su mismo color, desaparece, pero si atrapa a QBert, se pierde una vida. A medida que el juego avanza, aumentan los enemigos y los colores, dificultando la tarea. Los discos de escape ya no están disponibles, por lo que caer del borde es un peligro constante. Para ayudar, aparece ocasionalmente una pelota verde que congela temporalmente a los enemigos. Con una jugabilidad más desafiante y nuevas mecánicas, Q*Bert's Qubes añade una capa extra de estrategia y dificultad al clásico juego de acción y reflejos.
Quadrun (USA)	Quadrun es un juego de acción arcade para un solo jugador. El planeta Quad ha sido invadido y todos los Runts están prisioneros; ¡tu objetivo es rescatarlos! La pantalla está dividida en cuatro sectores (uno en cada borde), con la prisión en el centro. Tu personaje está equipado con tres bolas fáser; en la pantalla verás a los secuestradores moviéndose verticalmente, y debes golpearlos con una bola fáser. Una vez golpeado, el secuestrador será destruido y uno de los Runts podrá escapar. Los Runts se mueven horizontalmente, y debes atraparlos antes de que choquen contra la pared mortal en el borde de la pantalla.
Quest for Quintana Roo (USA)	Eres Yucatan Sam en una búsqueda para explorar el templo de Quintana Roo. Tu objetivo es encontrar la caja fuerte que está oculta en algún lugar y volver con el tesoro que hay dentro. Comienzas tu búsqueda fuera del templo y debes subir hasta el lado del templo con el fin de entrar. Las serpientes venenosas y relámpagos mortíferos bloquearán tu progreso aquí . Una vez dentro del templo, tienes un suministro limitado de aire por lo que necesitas explorar rápidamente. Escondidas en varias salas del templo hay numerosas llaves que se necesitan para abrir la bóveda. Las llaves y algunos otros elementos útiles están escondidos en habitaciones secretas que necesitas localizar usando tu hacha de confianza o los frascos de ácido que llevas. Para ayudar a averiguar qué habitaciones pueden contener objetos ocultos, llevas un contador Geiger, cuanto mayor sea la lectura, más cerca te encuentras a algo de interés. Las habitaciones que vas a explorar son custodiadas por serpientes, arañas, e incluso momias. Para hacer frente a estos enemigos llevas un arma, y también puedes utilizar los frascos de ácido en contra de ellos (la munición es limitada, a fin de utilizarla sabiamente). Si tienes éxito en tu misión, puedes recibir un código secreto que se puede utilizar para comenzar el juego en los niveles posteriores.
Quick Step (Europe)	En Quick Step, un canguro y una ardilla compiten saltando en camas elásticas para ganar puntos. Los trampolines aparecen en la parte superior de la pantalla y, al volverse rosas, entran en juego. Cada salto cambia su color: verde para el canguro y azul para la ardilla. Saltar en un trampolín rosa otorga puntos, y si un trampolín de tu color cae fuera de la pantalla, se suman más puntos. Caer fuera del campo hace perder una vida, y el juego termina cuando un jugador se queda sin ellas. Gana quien acumule más puntos. Hay bonificaciones, como un sombrero mágico en trampolines blancos, que al recogerlo permite aturdir temporalmente al oponente. También se pueden colocar trampas para hacer desaparecer trampolines y dificultar el avance rival. Conforme avanza el juego, la velocidad aumenta y los niveles finales presentan una única columna de trampolines en rápido movimiento, exigiendo precisión y reflejos.
Quick Step! (USA)	En Quick Step, un canguro y una ardilla compiten saltando en camas elásticas para ganar puntos. Los trampolines aparecen en la parte superior de la pantalla y, al volverse rosas, entran en juego. Cada salto cambia su color: verde para el canguro y azul para la ardilla. Saltar en un trampolín rosa otorga puntos, y si un trampolín de tu color cae fuera de la pantalla, se suman más puntos. Caer fuera del campo hace perder una vida, y el juego termina cuando un jugador se queda sin ellas. Gana quien acumule más puntos. Hay bonificaciones, como un sombrero mágico en trampolines blancos, que al recogerlo permite aturdir temporalmente al oponente. También se pueden colocar trampas para hacer desaparecer trampolines y dificultar el avance rival. Conforme avanza el juego, la velocidad aumenta y los niveles finales presentan una única columna de trampolines en rápido movimiento, exigiendo precisión y reflejos.
Racing Car (USA)	Controla tu coche en una carrera por una gran autopista. En Racing Car, el jugador acelera mientras se desvía de los demás vehículos en esta gran autopista, pero ten cuidado, ya que algunos coches pueden ir muy despacio o, peor aún, dirigirse hacia ti.
Racquetball (USA)	Racquetball es un juego de squash. Para servir, pulsa el botón rojo. Golpea la pelota moviendo el jugador a donde la sombra de la pelota está sobre el nivel de los pies. La raqueta se moverá automáticamente. Al servir, la pelota debe golpear la pared frontal antes de que toque el suelo. Tu oponente puede golpear la pelota antes de que aterrice en el suelo o puede hacerla rebotar pero sólo puede hacerla rebotar una vez. No puede rebotar dos veces. Sirves hasta que fallas un punto. Sólo se puede obtener puntos de rondas en las que sirves. El primer jugador que llega a veintiún puntos, gana.
Radar (USA)	En Cruise Missile, primero pilotas una nave espacial sobre la superficie, disparando a las torres de defensa en tu camino. Las torres más grandes son demasiado grandes para volar y deben golpearse en el punto donde disparan. Cuando haya recorrido una distancia particular, encontrará una abertura hacia el pasaje subterráneo. Allí continúas destruyendo las diversas cosas que vuelan alrededor.
Radar Lock (USA)	Radar Lock es un juego de acción estilo arcade. El jugador es el piloto de un caza de ala delta y tu objetivo es destruir la flota enemiga. Hay cinco misiones de dificultad creciente, cada una con una variedad única de enemigos para destruir. El Jet del jugador está equipado con ametralladoras, misiles guiados, y, en los niveles más tarde, minas de proximidad, que pueden ser utilizadas para destruir los aviones no tripulados, Interceptores, los patrulleros, bombarderos y otros cazas enemigos a los que el jugador tendrá que enfrentarse. El avión tiene una cantidad limitada de combustible, y al final de cada una de las misiones tendrá que acoplarse a la cisterna de combustible para reponer su suministro de combustible. Para echar una mano durante el juego, hay un panel de instrumentos en la parte inferior de la pantalla que muestran el radar, indicador de combustible y el estado de las armas.
Raft Rider (USA)	En Raft Rider estás flotando por un río en una balsa hecha de troncos. Tu objetivo es guiar la balsa lo más abajo del río como sea posible, evitando los numerosos obstáculos. Te encontrarás con rocas peligrosas, árboles, castores (que talan árboles haciendo más obstáculos!), E incluso un alce, con todo lo cual puede hundirse tu balsa. Para cada segmento del río que viajas, 125 puntos se ganan, y puntos de bonificación adicional se pueden ganar mediante la recopilación de las pepitas de oro que encontrarás en el río de vez en cuando. Comienzas el juego con tres balsas (balsas bonus pueden ser ganadas), y el juego termina cuando todas las balsas se han hundido. Varios niveles de dificultad están disponibles, que controlan la velocidad de la corriente, así como la velocidad de los castores y alces.
Raiders of the Lost Ark (USA)	Raiders of the Lost Ark (En busca del arca perdida) es un juego de aventuras que se basa libremente en la película del mismo nombre. En el juego controlas a Indiana Jones en su búsqueda para encontrar el Arca Perdida de la Alianza. El arca está escondida en algún lugar del valle del veneno. Tu misión comienza en la ciudad egipcia de El Cairo, y debes encontrar el camino hacia el Templo donde hay una habitación secreta. En la sala de mapas se encuentra un jeroglífico que indica un objeto que debe tenerse para descubrir los secretos de la sala de mapas, cuando esté desbloqueado, serás capaz de encontrar en qué parte se encuentra la entrada al Pozo de las Almas. Después llegar hasta el arca y ganar el juego. El juego utiliza dos palancas de mando para el control, un joystick mueve a Indy por la pantalla y utiliza un objeto seleccionado, el segundo mando de control te permite seleccionar y o soltar objetos de tu inventario. En los diferentes lugares de su viaje se encontrará con diferentes objetos (algunos ocultos) que se pueden recoger para ayudarle a salir. puede encontrar las armas (como un látigo o pistola) para la defensa u objetos (como una llave o dinero) que se pueden utilizar para desbloquear nuevas áreas o recibir ayuda. Comienzas el juego con tres vidas, y el juego termina cuando se pierden todas las vidas. Hay un montón de enemigos para impedir tu progreso, y por supuesto numerosas serpientes.
Ram It (USA)	Eres el Ramroid, estás en una pista en el centro de la pantalla. Puedes apuntar a izquierda y derecha para disparar. A ambos lados hay barras de colores que empiezan a avanzar al azar hacia el centro. Debes disparar a estas barras para hacerlas retroceder, preferiblemente fuera de la pantalla. Si una barra comienza a parpadear, es una barra de bonificación y los disparos consiguen más puntos, así como de borrarla de la pantalla por completo. Ten en cuenta, sin embargo, que a veces la barra volverá a aparecer en el lado opuesto de la pantalla.
Rampage! (USA)	George, Lizzy y Ralph eran estadounidenses normales, hasta que un experimento salió mal, convirtiéndolos en un gorila, un lagarto y un hombre lobo respectivamente. Después de esto, los tres planean ir destruyendo edificios, y hasta 3 jugadores pueden participar. Romper los bordes de los edificios el tiempo suficiente los hará colapsar. La policía y el ejército te persiguen y te dispararán, así que intenta destruirlos. Necesitarás comer regularmente, con cosas como las plantas que se te ofrecen, para evitar volver a ser humano.
Raumpatrouille (USA)	Con gráficos confusos y lejos de ser agradable, X'Mission es un juego que lleva tiempo para que el jugador tenga sentido. Pero una vez que aprendes cómo funciona el juego, todo se vuelve demasiado fácil. El jugador controla un tipo de platillo volador, su objetivo principal es alcanzar la estructura que se mueve en la esquina de la pantalla. Al tocarlo correctamente, el jugador adjuntará su nave a la estructura, lo que lo llevará al siguiente nivel. En el medio del camino, el jugador se encontrará con varios enemigos, que pueden ser destruidos o no, dependiendo del deseo del jugador de obtener más puntos.
Reactor (USA)	Reactor es una conversión del juego de arcade. Controlas una nave espacial en el interior de un reactor nuclear que estás tratando de evitar que fusione. El núcleo del reactor en el centro de la pantalla está rodeado por una pared mortal. Exparcidos todo el espacio disponible están los positrones, neutrinos y fotones, los cuales tratan de golpear a tu nave en la pared. Para sobrevivir tendrás que empujar a todas estas partículas que atacan a la paredl para destruirlas. A medida que cada nivel avanza, el núcleo del reactor crecerá lentamente de tamaño, lo que hace que cada vez haya menos espacio para maniobrar, el núcleo del reactor se sobrecalienta, para evitar esto, es necesario destruir todas las partículas antes de que acabe el tiempo.
RealSports Boxing (USA, Europe) (En,Fr,De,Es,It)	Entra en el cuadrilátero para enfrentarte a un amigo o a un oponente controlado por la computadora. Lanza rápidos jabs y duros golpes al cuerpo hasta que solo quede un hombre en pie. Ten cuidado con la brutal técnica de Lefty O'Leary. Cuídate de la velocidad relámpago de Jabbin' Jack. Los jugadores ascienden en la escalera, con cada victoria enfrentándose a un oponente más desafiante, hasta que su boxeador llegue a la cima. Los púgiles probados pueden entonces defender el codiciado campeonato contra una multitud de feroces competidores.
RealSports Football (USA, Europe) (En,Fr,De,Es,It)	RealSports Football es un juego de football Americano de acción para dos jugadores o un jugador contra la computadora. El juego se juega desde el punto de vista del campo que se desplaza para seguir la acción horizontalmente. Hay una variedad de jugadas ofensivas y defensivas que pueden ser usadas, junto con varios niveles de habilidad para cada jugador. Cada juego tendrá una duración de quince minutos.
RealSports Soccer (USA, Europe) (En,Fr,De,Es,It)	El juego se juega desde una perspectiva cenital del campo, que se desplaza para seguir la acción. Si tu equipo tiene el balón, controlas al jugador que esté driblando; de lo contrario, puedes controlar a cualquier jugador a la vez mientras la computadora controla al resto del equipo. Se pueden seleccionar diferentes tiempos de juego para cada partido: puedes patear el balón bajo, medio o alto, y hay saques de banda, saques de esquina y saques de meta. Al jugar contra la computadora, hay varios niveles de habilidad disponibles.
RealSports Tennis (USA, Europe) (En,Fr,De,Es,It)	Realsports Tennis es un juego de tenis para dos jugadores o un jugador contra la computadora. El juego sigue las reglas estándar del tenis y permite golpear de derecha o de revés a cualquier parte de la cancha, además de realizar saques y globos. Se puede jugar un partido individual o de dobles, y cuenta con varios niveles de dificultad.
RealSports Volleyball (USA, Europe) (En,Fr,De,Es,It)	El voleibol es un juego de acción que se puede jugar con uno o dos jugadores. El juego sigue las reglas tradicionales del voleibol: ¡el primer equipo en anotar 15 puntos gana! Controlas a ambos jugadores del equipo, quienes pueden sacar, colocar, rematar y bloquear. El juego incluye varias variantes: dos niveles de dificultad y dos velocidades de juego. En la versión más fácil, el balón regresa automáticamente por encima de la red al ser golpeado. En la versión avanzada, también puedes colocar el balón entre tus compañeros. En ambas versiones, ya sea para uno o dos jugadores, la velocidad de carrera se puede ajustar a rápida o lenta para un desafío adicional o para poner en desventaja a un equipo.
Red Sea Crossing (USA)	Prepárate para tomar el lugar de Moisés y conducir al pueblo de Israel, reviviendo el mítico pasaje bíblico, a través del mar rojo en esta rara y emocionante aventura para tu Atari 2600. Uno De los juegos existentes mas raros para el Atari 2600, De acuerdo a la publicidad de la época se acompañaba de un libro para colorear y un audiocasete narrado por Dale Evan Rogeres
Rescue Terra I (USA)	Terra I suministra a la Tierra cristales Zenbar, que se utilizan para abastecer el 72% de la energía de la Tierra. Por lo general , un ordenador controla los sistemas de defensa , pero parece haber sido saboteado. Piratas espaciales de la zona y los interceptores robots están trabajando en contra de nosotros. Tus órdenes son volar tu F- 117 Starwarrior a Terra I, destruyendo todo lo que intenta hacer daño. Puedes mover tu nave hacia arriba, abajo, izquierda o derecha. Comienzas con una vista de arriba hacia abajo del F- 117, que mira hacia la parte inferior de la pantalla. Meteoros y piratas espacialesvienen de la parte inferior se mueve hacia arriba y hay que dispararles. Después de superarlos, se cambia a una vista lateral de la nave y se enfrentan a la izquierda o a la derecha. Interceptores Robot vendrán de los lados y deben ser destruidos luego campos de fuerza vendrán de la parte superior, moviéndose hacia abajo y tienes que disparar a los dispositivos en forma de pez para destruirlos. Ellos son la última línea defensiva de Terra I por lo que cuando los superas, ganas.
Revenge of the Beefsteak Tomatoes (USA)	Debes construir tres paredes por encima de las plantas de tomates en el fondo. También debes esquivar las bombas de tomates, disparar a los tomates que crecen en cualquier parte de la pared, disparar tomates cherry (o simplemente esquivar sus disparos ) y disparar o esquivar tomates beefsteak. Para capturar un ladrillo, se dispara una vez. Después de colocarlo, se dispara verticalmente en la pared una vez. No puedes colocar ladrillos horizontalmente. Cuando el interruptor de dificultad está ajustado en B, tienes vidas ilimitadas. Si se establece en A, tienes cuatro vidas . El interruptor de dificultad derecha afecta a la velocidad del juego, A más rápido, B más lento. No se puede completar una pared superior hasta que la pared debajo de ella se ha completado.
Riddle of the Sphinx (USA)	En Riddle of the Sphinx, el jugador debe encontrar su camino a través de un laberinto para tener acceso a la tumba de la Esfinge y resolver el enigma para conseguir el tesoro de la Esfinge. Eso no es tan fácil como parece. Para entrar en la tumba 500 unidades del tesoro deben ser recolectadas. El Tesoro se gana haciendo varias tareas que se te asignarán al azar como a través del laberinto. Estas tareas son mini juegos de diferentes tipos. Algunos son de acción y algunos sólo dependen de la suerte. Ejemplos de tareas son sobrevivir un terremoto, evitar ser atropellado por camellos, y huir de las serpientes. Falla tres tareas y se acabó el juego.
River Patrol (USA)	Eres el capitán del barco tratando de ir río arriba, mientras que salvas a las personas que se ahogan perdidas en uno de los nueve ríos. Debes guiar tu barco por el río sin golpear la orilla, rocas, trozos de madera, otros barcos o TNT. Debes rescatar el mayor número de bañistas ahogados. Tu barco también tiene una fuga por lo que no te demores y manten un ojo e la columna de agua en la parte inferior. Si eso llega a cero, el barco se hundirá.
River Raid (USA)	River Raid es un juego de acción de desplazamiento vertical. Vuelas en un jet sobre un río en un intento de destruir los puentes que son vitales para el enemigo. El río está fuertemente custodiado, sin embargo, con globos, barcos, helicópteros y aviones enemigos que intentan detenerte. En el camino tendrás que volar sobre las gasolineras para repostar el avión y seguir volando. El avión está armado con un cañón con munición ilimitada. Se puede utilizar para destruir los vehículos enemigos y puentes, pero un jugador descuidado puede destruir accidentalmente una estación de combustible. Chocar con los ríos o con el avión enemigo destruye el avión y te hace perder una vida.
River Raid II (USA)	Eres el piloto de un avión de asalto M -14, asignado a la peligrosa misión de destruir un puente enemigo en la parte superior de un río fuertemente custodiado. En River Raid II, el modo de juego es similar al original, Raid River, pero con algunas adiciones. Para cada misión se empieza en un portaaviones. Después de un despegue exitoso, necesitas pasar las ​​fuerzas enemigas situadas sobre el océano que custodian la entrada al río. Asegúrate de recoger un montón de combustible de los aviones de reabastecimiento de combustible , ya que una vez que llegues al rio el combustible será escaso. A continuación, tendrás que avanzar por el cauce del río traicionero hasta llegar finalmente, y es de esperar destruir el puente. Pero el nivel no ha terminado todavía , porque ahora tienes que volver al portaaviones y aterrizar con seguridad. Después de completar todo esto, pasas al siguiente nivel, más difícil. Además de los niveles ampliados, otro cambio en River Raid II es la capacidad de controlar la altura de tu avión. Puedes volar por encima de todo, o volar bajo en el canal para atacar a los tanques y barcazas enemigas.
Road Runner (USA)	nnEste juego se basa en un juego de arcade que fue lanzado por Atari. Tú juegas el Road Runner. Debe correr a lo largo de la carretera, evitando camiones, minas terrestres, caídas de rocas, etc. Wile E. Coyote. También debes comer semilla de aves a lo largo de Wile E. te atrapará. Usted puede ser golpeado por camiones, rocas que caen, y así sucesivamente. Las versiones Amstrad CPC, Commodore 64 y ZX Spectrum son solo para un jugador. El Atari 2600 es uno o dos jugadores, alternando. La versión Atari 2600 también tiene otra diferencia en que no TIENES que comer la semilla para pájaros, pero puedes obtener los puntos. Esto puede haber sido debido a restricciones de programación en el Atari 2600.
Robin Hood (USA)	Robin Hood es un juego de acción donde tienes que rescatar a la doncella Lady Marian, que se encuentra retenida por el Sheriff de Nottingham en un castillo (y mientras estás en ello, robar un poco de oro para dar a los pobres). El juego se lleva a cabo en varias pantallas diferentes que tienen diferentes objetivos. En primer lugar tendrás que avanzar a través del bosque de Sherwood, numerosos secuaces se esconden aquí, así que usa las flechas para dispararles. La siguiente sección se realiza fuera del castillo, naturalmente, hay numerosos secuaces de guardia en la puerta del castillo. Mientras que esquivas flechas, es necesario disparar a bastantes hombres para hacer que la puerta se abra. Una vez abierta, puedes entrar en el castillo para la escena final. En el interior del castillo se podrá encontrara Lady Marian detrás de una de las muchas puertas, y el oro detrás de otra. El resto de las puertas tienen secuaces escondiéndose detrás de ellas, pero si puedes encontrar a Lady Marian o el oro entonces ganas esta ronda y se repite el juego en un nivel de habilidad más difícil.
Robot Tank (USA)	Hay numerosos tanques enemigos que cruzan el campo, destruyen todo a su paso. Tu trabajo consiste en comandar un tanque robot para detenerlos. Robot Tank es un juego de acción estilo arcade con perspectiva en primera persona. Hay doce escuadrones de tanques para destruir, cada uno contienen doce tanques. Cada vez que se destruye un escuadrón completo, ganas un tanque de reserva adicional antes de pasar al siguiente escuadrón, más difícil. El juego tiene lugar las veinticuatro horas del día; alternará desde la mañana hasta media tarde hasta bien entrada la noche. Además del tiempo en constante cambio, el tiempo también puede cambiar de forma inesperada. Nieve, lluvia y niebla aparecerán de vez en cuando por lo que es más difícil detectar tus objetivos. Por suerte tu tanque está equipado con un radar para ayudar a localizar al enemigo cuando la visibilidad es pobre. A medida que tu tanque recibe daño, perderá algunas Capacidades, como la velocidad, el radar, o sus cánones. Si tu tanque tiene demasiado daño, será destruido, y el juego termina cuando todos los tanques de reserva se han ido.
Roc 'n Rope (USA)	El jugador es un alpinista que debe evitar cavernícolas, dinosaurios y pterodáctilos mientras sube por el acantilado. Tu objetivo en cada nivel es subir y llegar hasta un ave mística con gran plumaje, antes de que acabe el tiempo establecido en cada nivel. El alpinista tiene una sola posibilidad, para disparar la cuerda en ángulos de 45 grados para subir hasta otras plataformas. Su otra acción es un rayo paralizante que le permitirá paralizar enemigos que se acercan demasiado, pero sólo funcionará en horizontal. En cuanto a los power-ups, en cada nivel hay (por lo general 2) un diamante intermitente power-up que te hará invencible y te permite derrotar a los monstruos. También como power-ups hay tesoros que brillan intensamente de algún tipo, que son puntos extra que vale la pena conseguir.
Room of Doom (USA)	Está atrapado en una habitación con un monstruo. Como si eso no fuera suficiente, hay hombres armados fuera de la habitación disparandote cuando los portales están abiertos. Para avanzar, tienes que disparar a los pistoleros cuando los portales están abiertos. Puedes disparar al monstruo, pero sólo le paralizarás un momento y si te quedas en la misma habitación demasiado tiempo, el monstruo se vuelve inmune a tu arma. Hay sesenta y cuatro variantes de juego. En algunos, los pistoleros dispararon sólo en línea recta, otros apuntan a donde quiera que estés, otros son lentos, otros rápidos, otros los portales abiertos todos a la vez y permanecen abiertos, otros varios portales se abren y cierran.
S.A.C. Alert (USA) (Proto)	S.A.C. Alert es un prototipo de Amiga similar a Air Raiders. El jugador elige entre misiones terrestres o marítimas y despega desde una pista extremadamente corta. En el aire, debe derribar enemigos mientras esquiva sus ataques y gestiona su combustible, que funciona como un temporizador. El avión cuenta con un altímetro, indicando que volar alto facilita el combate aéreo, mientras que volar bajo permite atacar objetivos terrestres. Si la altitud llega a cero, la nave se estrella. Tres tipos de enemigos complican la misión: aviones patrulleros, cañones antiaéreos y destructores navales. Para reparar daños, el jugador puede intentar aterrizar en una pista o portaaviones. Al perder todas las vidas, se otorga una clasificación y calificación de rendimiento. Curiosamente, el juego fue diseñado para el Joyboard, un controlador que resultó poco práctico, lo que hizo su jugabilidad un desafío extremo.
Saboteur (USA) (Proto) (1983-09-02)	Hotot, una forma de vida cibernética, descubre una base alienígena oculta en su mundo, utilizada para lanzar un arma capaz de destruir la fuente de energía de la galaxia. Con la ayuda de los Gorfons, debe detener la amenaza. En la primera fase, hay que impedir que los robots Qotile y los Yar completen un misil, mientras el robot maestro dispara para frustrar el sabotaje. Luego, en la Ensambladora de la Ojiva, se deben destruir las piezas de la ojiva en una cinta transportadora protegida por un campo de energía. Al disparar al robot maestro, el proyectil rebota y atraviesa la barrera, pero un dron de seguridad dificulta el ataque. En la fase final, se debe destruir la ojiva con un disparo preciso antes de que escape al espacio. Si se falla, el juego regresa a la Fábrica de Misiles con mayor dificultad. La acción se intensifica con cada ciclo, exigiendo precisión y reflejos para salvar la galaxia.
Save Our Ship (USA)	Eres el capitán de un Barco español. De repente eres atacado por hordas de piratas despiadados, y debes evitar que aborden el barco.
Save the Whales (USA) (Proto)	Las ballenas están viajando del Océano Ártico a Baja para reproducirse. Las malas noticias es que un barco ballenero las acecha para atacarlas. Debes usar tu submarino para eliminar las redes, arpones y residuos nucleares y así salvar a las ballenas. Tras iniciarse el juego, las ballenas se moverán de izquierda a derecha por la parte inferior de la pantalla. El barco comenzará a arrojar redes o arpones para matar a las ballenas. Tras destruir varias redes o arpones, aparecerá por el fondo residuos nucleares, que aunque no pueden dañar a las ballenas, si que pueden hacerlo con tu submarino. Si recibes cinco impactos, se termina el juego. En el modo para dos jugadores, un jugador es el submarino, y el otro el barco ballenero.
Sea Battle (USA)	Sea Battle es un juego de estrategia para dos jugadores. Cada jugador controla una flota de barcos, incluyendo submarinos, destructores y acorazados. El objetivo es atacar y hundir los barcos enemigos. Gana el jugador que logre introducir el barco de transporte de tropas en el puerto del oponente. Sea Battle consta de dos fases: la fase de estrategia y la fase de combate. La fase de estrategia consiste en maniobrar la flota para posicionarla estratégicamente en el mapa, colocar minas y reparar las flotas. En la fase de combate, los oponentes se enfrentan en combates navales, que se activan con el botón ENGAGE. Cada tipo de barco tiene sus propias fortalezas y debilidades, como el alcance de las armas y la maniobrabilidad.
Sea Hawk (USA)	Toma el control de un Sea Hawk y al mando de este frenético avion de combate deberás destruir miles de los helicopteros y barcos enemigos. Dispones de dos tipos de arma: misiles para derribar los aviones y bombas para hundir los barcos.Si durante la batalla recibes un disparo enemigo, tu piloto saltará en paracaidas y tendrás la oportunidad de guiarlo hasta un lugar seguro y así no perder una vida. ¡Suerte y consigue la puntuación más alta!
Sea Hunt ~ Scuba Diver (USA)	Eres un buzo en busca de tesoros en aguas infestadas de peces carnívoros y monstruos marinos. Debes elegir el momento adecuado para sumergirte, ya que mientras buceas no puedes defenderte. Comienzas con cuatro buzos y 60 segundos de oxígeno por inmersión. Para avanzar, debes eliminar a todos los peces con tu arpón y entrar en el galeón hundido antes de que aparezcan más. Dentro, tres monstruos marinos protegen los cofres del tesoro, pero son invencibles, por lo que solo puedes evitarlos utilizando los pasadizos estrechos del barco. Para reclamar el tesoro, debes alcanzarlo antes de quedarte sin oxígeno. Si es necesario, regresa al bote para reabastecerte. Sin embargo, el peligro no termina ahí: nuevos peces te esperan en el trayecto de vuelta. Con reflejos rápidos y una estrategia cuidadosa, solo los mejores buceadores lograrán regresar con el botín.
Sea Monster (USA)	En Sea Monster controlas un barco en mar abierto. Por debajo de las olas están numerosos monstruos marinos, muchos de los cuales están atacando tu barco! Tu barco se encuentra en la parte superior de la pantalla, y tu objetivo es ganar tantos puntos como sea posible disparando a los diversos monstruos marinos. Cuanto más profundo en el océano está el monstruo, más puntos vale. El juego termina cuando todos los barcos han sido destruidos. El juego es para uno o dos jugadores, y varias variantes de juego están disponibles que controlan la velocidad y dificultad.
Seaquest (USA)	Pilota un submarino para rescatar a los buceadores que han encontrado un tesoro en el océano. Puedes llevar hasta seis buzos a la vez y debes llevarlos sanos y salvos a la superficie. Si subes con menos de seis, perderás un buceador; si subes sin ninguno, el submarino explotará. Tu oxígeno es limitado, por lo que deberás emerger para recargarlo. Sin embargo, las aguas están llenas de peligros: tiburones gigantes y submarinos enemigos patrullan la zona, listos para destruirte. Para defenderte, cuentas con un suministro ilimitado de torpedos. A medida que avanzan los niveles, la velocidad del juego aumenta y más enemigos aparecen simultáneamente, haciendo cada rescate más desafiante. Planifica tus movimientos, gestiona el oxígeno y enfrenta los peligros del océano en esta intensa misión de rescate submarino.
Seaquest - International Edition (Europe)	Pilota un submarino para rescatar a los buceadores que han encontrado un tesoro en el océano. Puedes llevar hasta seis buzos a la vez y debes llevarlos sanos y salvos a la superficie. Si subes con menos de seis, perderás un buceador; si subes sin ninguno, el submarino explotará. Tu oxígeno es limitado, por lo que deberás emerger para recargarlo. Sin embargo, las aguas están llenas de peligros: tiburones gigantes y submarinos enemigos patrullan la zona, listos para destruirte. Para defenderte, cuentas con un suministro ilimitado de torpedos. A medida que avanzan los niveles, la velocidad del juego aumenta y más enemigos aparecen simultáneamente, haciendo cada rescate más desafiante. Planifica tus movimientos, gestiona el oxígeno y enfrenta los peligros del océano en esta intensa misión de rescate submarino.
Secret Agent (USA) (Proto)	Te han dado un número y te han quitado tu nombre – &quot;Secret Agent Man&quot; de Johnny Rivers. Tú, el agente secreto, debes atrapar los objetos que caen como documentos de EE.UU., maletines de dinero y sacos de dinero, mientras evitas los objetos no deseados como insectos, granadas y armas. Después de un tiempo, suena un tono. Ese es el momento en que los botes en el agua debajo de ti dejan de moverse y debes subirte a ellos y &quot;hacer la mano desaparecer&quot;. Sin embargo, ten cuidado, aunque los botes hayan dejado de moverse, los objetos que caen no lo han hecho. En juegos de dos jugadores, los jugadores se turnan.
Secret Quest (USA)	Todo comenzó con una estación, luego tres, luego ocho. Si no se hace algo, los alienígenas habrán invadido la Tierra. Te corresponde destruir las estaciones mediante la activación de sus sistemas de autodestrucción. Se pasa de una habitación a otra , luchas contra los enemigos que te encuentras. Al vencer a un enemigo, se obtiene una cápsula de energía o la botella de oxígeno. La lucha contra los alienígenas te agota la energía y el oxígeno. Cada arma inflige un daño diferente, y agota una cantidad diferente de energía. Como regla general, cuanto más fuerte es un arma , más energía se requiere. También puedes utilizar el oxígeno a razón de una botella por minuto mientras exploras. En el camino, a veces encontrarás llaves sónicas, y espadas de energía, Blaster sónico o haz de partículas. Se necesitan llaves Sónicas para ciertas puertas que te encuentres en las estaciones posteriores.
Sentinel (USA)	Sentinel es un juego de acción de desplazamiento lateral. Varios mundos han sido víctimas de un ataque alienígena, y hay que liberarlos. Para ello, una esfera brillante llamada Sentinel ha sido enviado, que puede absorber la energía alienígena. A medida que el Sentinel flota por encima de los diversos paisajes de desplazamiento, es necesario protegerla de ataques mediante el uso de la pistola de luz para destruir a los enemigos y el fuego enemigo. Si no destruyas un enemigo, se agotará el suministro de energía de Sentinel. Hay cuatro niveles de dificultad creciente, cada uno con un gran jefe al final. Para ayudar en tu misión, varios bonos se pueden encontrar de vez en cuando, un mayor poder de fuego y energía se pueden adquirir cuando se toman las cápsulas de bonificación que aparecen. Hay Tres niveles de dificultad disponibles.
Shootin' Gallery (USA)	Shootin' Gallery es un juego de tiro al blanco similar a Carnival de Sega. Controlas un arma de fuego en la parte inferior de la pantalla, mientras que los distintos tipos de objetivos se mueven de izquierda y derecha arriba. Dada una cantidad limitada de munición, necesitas ganar tantos puntos como sea posible por disparos a los objetivos (que incluyen trenes, caracoles, ranas, canguros, monos, y más). Naturalmente más puntos se ganan con los objetivos que están más lejos o son más difíciles de golpear. En la parte superior de la pantalla hay un reloj de cuco que cuenta hacia abajo, cuando se acabe el tiempo, El cuco se va a comer un poco de su munición restante! Para evitar esto, el reloj se puede disparar para reiniciar el temporizador. Cada 20.000 puntos de bonificación se concede munición. Cuando toda tu munición se acaba, el juego ha terminado y la puntuación calculada.
Shuttle Orbiter (USA)	Debes obtener diez partes de una fábrica en órbita a una estación espacial incompleta. Por desgracia, un cometa pasó cerca de la Tierra y dejó un campo de desechos espaciales que tendrás que evitar. Tras el lanzamiento, verás la tierra que es un círculo y cuatro puntos de colores. En la parte inferior verás el tiempo transcurrido, el combustible restante y cuatro barras indicadoras. Estas barras son sus altitudes de órbita y sus colores corresponden a los colores de los puntos que orbitan: blanco para el servicio de transporte, el amarillo para la estación, rojo para la fábrica en órbita, y el verde para el depósito de combustible.
Sinistar (USA) (Proto)	Un prototipo inédito del clásico juego arcade. El jugador pilota una nave espacial solitaria y debe crear &quot;Sinibombs&quot; disparando a planetoides a la deriva y atrapando los cristales que liberan. Las Sinibombs son necesarias para derrotar al jefe del juego, Sinistar, una nave espacial animada con una calavera demoníaca. Sinistar no existe al principio del juego y está en constante construcción por naves de trabajadores enemigas. Aunque el tiempo es crucial, intentar minar demasiado rápido destruirá un planetoide sin liberar ningún cristal. Al mismo tiempo, las naves de trabajadores enemigas también recolectan cristales (a menudo robándolos al jugador) que usan para construir el Sinistar. Mientras tanto, las naves guerreras enemigas también pueden atacar directamente la nave del jugador. El jugador tiene ventaja antes de que las naves enemigas tengan suficientes cristales para comenzar la construcción. El juego termina cuando todas las naves del jugador son destruidas.
Sir Lancelot (USA)	Una dama ha sido capturada por un dragón de fuego, y Sir Lancelot debe rescatarla montando su caballo alado, Pegaso. Cada nivel consta de dos fases: la batalla exterior y el enfrentamiento con el dragón. Primero, Lancelot debe eliminar a todas las criaturas voladoras que custodian el castillo usando su lanza. Si es golpeado, perderá una vida. Al derrotarlas, entra al castillo, donde enfrentará al dragón sobre un pozo de lava. Para vencerlo, debe atacar su estómago con la lanza, pero si es alcanzado por una bola de fuego, quedará aturdido temporalmente y podría caer en la lava. Si derrota al dragón, el juego continúa con mayor dificultad. La misión termina cuando Lancelot pierde todas sus vidas. Con acción aérea y combates desafiantes, este juego pone a prueba la habilidad y reflejos del jugador.
Skate Boardin' (USA)	En este juego, tienes cinco minutos para llegar desde los escalones de la entrada a las escaleras de la escuela. Tienes que conseguirlo a través de este laberinto y conquistar 30 tubos y rampas y llegar a la escuela. Empiezas en los escalones de la entrada. Para empezar a rodar, muevete a la izquierda o la derecha y en movimiento, pulsa fuego. Cuando está en tu tabla, simplemente empuje la dirección que deseas girar. Presiona fuego para saltar y manten pulsado el fuego para saltar y aterrizar en una posición agachada. También verás los carriles, las paredes y obstáculos, pero estos se deben evitar ya que harán que te estrelles. Para saltar una rampa, simplemente cabalga hacia ella alineado con ella. Para pasar un tubo, montar a través de él, mientras que estás en cuclillas.
Skeet Shoot (USA)	En Skeet Shoot, tu objetivo es ganar tantos puntos como puedas disparando a palomas de arcilla. Cuando pulses el botón del joystick, tu jugador aparecerá en la pantalla en una de varias ubicaciones, y una paloma de arcilla disparará desde el centro. Debes disparar a la paloma de arcilla antes de que desaparezca de la pantalla para ganar un punto. El juego puede ser jugado por uno o dos jugadores, y se incluyen numerosas variaciones del juego que controlan el nivel de dificultad, la velocidad y si un jugador aparece en una ubicación fija o aleatoria en la pantalla.
Ski Hunt (Europe)	Esquía, Dispara y Repite.
Ski Run (USA)	Al encender Ski Run, te bombardea una desagradable cacofonía de ruidos. ¡No es la mejor primera impresión! Tu objetivo es esquiar por una pista de montaña rígidamente definida, bordeada de naranjos, rocas y muñecos de nieve. Tu esquiador está representado con colores e incluso usa sus bastones para girar de un lado a otro. También me gusta cómo las montañas en la distancia se elevan y descienden lentamente. Puedes ajustar tu velocidad mientras te deslizas por la pantalla de desplazamiento vertical, evitando árboles, rocas, ciervos juguetones, linces y osos bailarines.
Skiing (USA)	En Skiing, tu objetivo es descender la montaña en el menor tiempo posible. La montaña es traicionera con un montón de árboles en el camino! Hay dos modos diferentes de juego. En el modo de slalom, hay una serie de puertas que necesitas esquiar a través de ellas; perder alguna resultará en una penalización a tu tiempo. En el modo descenso sólo tienes que esquiar hasta el fondo lo más rápido posible. Cada modo cuenta con cinco niveles de competencia diferentes, que afectan a la duración de la pista (y el número de puertas en el modo de slalom.)
Sky Diver (Europe)	Sky Diver es un juego de acción para dos jugadores. El objetivo es anotar más puntos saltando desde un avión, abrir tu paracaídas, y guiar a tu paracaidista con seguridad a una pista de aterrizaje. Cuanto más tiempo esperes para abrir el paracaídas, más puntos ganas para un aterrizaje con éxito, pero no esperes demasiado tiempo o tu paracaidas no se abrirá. Para cada salto, habrá una variación de las condiciones de viento que sopla. Una manga de viento en la parte inferior de la pantalla te ayudará a determinar la velocidad y dirección del viento para que puedas compensar. Hay nueve saltos en total, y el jugador con más puntos al final gana.
Sky Diver ~ Dare Diver (USA)	Sky Diver es un juego de acción para dos jugadores. El objetivo es anotar más puntos saltando desde un avión, abrir tu paracaídas, y guiar a tu paracaidista con seguridad a una pista de aterrizaje. Cuanto más tiempo esperes para abrir el paracaídas, más puntos ganas para un aterrizaje con éxito, pero no esperes demasiado tiempo o tu paracaidas no se abrirá. Para cada salto, habrá una variación de las condiciones de viento que sopla. Una manga de viento en la parte inferior de la pantalla te ayudará a determinar la velocidad y dirección del viento para que puedas compensar. Hay nueve saltos en total, y el jugador con más puntos al final gana.
Sky Jinks (USA)	Vuela haciendo slalom alrededor de torres de alta tensión (a la derecha de las rojas, a la izquierda de las azules). Evita saltarte un pilón, golpear las torres de alta tensión, los árboles o los globos de aire caliente. Trata de conseguir el mejor tiempo que puedas. Si usted vuelas hacia el lado equivocado de un pilón, obtendrás una penalización, con tres estarás eliminado.
Sky Skipper (USA)	Eres un piloto de avión y debes rescatar a los animales de las jaulas donde fueron colocados por los gorilas. Para ello, debes volar sobre un gorila y dejar caer una bomba, golpeando al gorila. Una vez hecho esto, los animales estarán fuera de sus jaulas y tienes que tocar a cada uno para rescatarlo. Las jaulas de los animales sólo estarán abiertas por un tiempo limitado, a continuación, el gorila se pondrá de nuevo en pie y debes derribarlo de nuevo. No debes tardar demasiado tiempo en rescatar a los animales o se te acabará el combustible.
Skydiver (Europe)	Antes de iniciar el juego, el jugador debe seleccionar si desea recorrer 15000, 10000 o 5000 kilómetros por nivel (más kilómetros hacen cada nivel más largo). Después de esto, la acción comienza: el jugador debe guiar a un paracaidista hacia tierra firme evitando los helicópteros, aves y globos aerostáticos que vagan por el firmamento. Cada nivel finaliza al tocar el suelo evitando al soldado que se encuentra patrullando en la zona. Si el paracaidista aterriza en el medio de la pantalla, recibirá 1000 puntos por la hazaña y una vida extra. Aterrizar lejos del centro significará una menor ganancia de puntos, pero aun así se recibirá una vida de regalo.
Slot Machine ~ Slots (USA)	Slot Machine es un simulador de máquina tragaperras electrónica para uno o dos jugadores. Los jugadores comienzan con veinticinco monedas, y pueden apostar hasta cinco monedas en cada turno. El juego termina cuando uno de los jugadores va a la quiebra. Hay dos máquinas tragaperras diferentes y varias variantes de juego están disponibles, que afectan al nivel de dificultad.
Slot Racers (Europe)	El objetivo de este juego de consola para dos jugadores es mover tu vehículo en un laberinto para que puedas disparar misiles a tu oponente sin que los de él consigan alcanzarte. El juego da a elegir cuatro laberintos diferentes, cada uno más rápido que el anterior. Otra característica nos permite decidir hacer los misiles más rápidos o más lentos que el automóvil. El interruptor de dificultad determina si puedes disparar un misil mientras uno de los tuyos aún está en la pantalla. De lo contrario, tu misil tiene que golpear al enemigo o ser recuperado por tu vehículo antes de poder lanzar otro. Dirige tu automóvil con un joystick. Cada vez que golpeas a tu enemigo con un misil, obtienes un punto. El primer jugador en obtener 25 puntos será el ganador.
Slot Racers ~ Maze (USA)	El objetivo de este juego de consola para dos jugadores es mover tu vehículo en un laberinto para que puedas disparar misiles a tu oponente sin que los de él consigan alcanzarte. El juego da a elegir cuatro laberintos diferentes, cada uno más rápido que el anterior. Otra característica nos permite decidir hacer los misiles más rápidos o más lentos que el automóvil. El interruptor de dificultad determina si puedes disparar un misil mientras uno de los tuyos aún está en la pantalla. De lo contrario, tu misil tiene que golpear al enemigo o ser recuperado por tu vehículo antes de poder lanzar otro. Dirige tu automóvil con un joystick. Cada vez que golpeas a tu enemigo con un misil, obtienes un punto. El primer jugador en obtener 25 puntos será el ganador.
Smurf (Europe)	Gargamel ha secuestrado a la pitufina. Controlado a un pitufo, el jugador tiene que caminar desde la aldea de los pitufos a través de un bosque y una cueva para llegar al castillo de Gargamel donde espera la pitufina. El juego muestra una barra de energía que lentamente disminuye a medida que pasa el tiempo. Los escenarios tiene un scroll horizontal. En cada uno de ellos debe saltar para esquivar ciertos obstáculos como rejas y estalagmitas o para alcanzar ciertas plataformas. Si el jugador falla en algún salto, automáticamente pierde una vida. En niveles de mayor dificultad aparecen murciélagos y arañas que el jugador debe esquivar.
Smurf - Rescue in Gargamel's Castle (USA)	Gargamel ha secuestrado a la pitufina. Controlado a un pitufo, el jugador tiene que caminar desde la aldea de los pitufos a través de un bosque y una cueva para llegar al castillo de Gargamel donde espera la pitufina. El juego muestra una barra de energía que lentamente disminuye a medida que pasa el tiempo. Los escenarios tiene un scroll horizontal. En cada uno de ellos debe saltar para esquivar ciertos obstáculos como rejas y estalagmitas o para alcanzar ciertas plataformas. Si el jugador falla en algún salto, automáticamente pierde una vida. En niveles de mayor dificultad aparecen murciélagos y arañas que el jugador debe esquivar.
Smurfs Save the Day (USA)	Este título educativo está dirigido a los pequeños del hogar que gusten de aprender sobre música y colores, todo ello de una manera divertida, amena, en compañía de los pitufos.
Snail Against Squirrel (Europe)	¿Serías tan amable de ayudar a una pequeña ardilla que siempre juega en el bosque? Soy una ardilla muy, muy amigable, lo juro, nunca quise lastimar a ese pobre caracol. A medida que el frío se intensifica, mi único deseo es almacenar suficientes nueces en mis cuevas para sobrevivir el invierno. Pero, ¿por qué ese caracol tan avaricioso siempre se esconde para robarme mis nueces, como si fuera un bandido del camino? ¡Qué dilema en el que me encuentro! Para evitar a ese astuto caracol, ¿debería seguir cargando mi nuez hasta la cueva o buscar una recién madura?
Sneak 'n Peek (USA)	Sneak 'n Peek es una versión digital del escondite para dos jugadores o un jugador contra la computadora. Un jugador cierra los ojos mientras el otro se esconde en la casa o el patio. Luego, debe encontrarlo en el menor tiempo posible antes de intercambiar roles. El juego se desarrolla en una casa con tres habitaciones y un patio, cada uno con cinco posibles escondites. Se puede jugar con escondites fijos, que permanecen en el mismo lugar, o con escondites variables, que cambian en cada partida. Cuenta con dos niveles de dificultad. En el más alto, las entradas a los escondites son más estrechas, dificultando la búsqueda. Además, algunos escondites son más difíciles de detectar, lo que agrega un reto adicional. La combinación de estrategia y rapidez hace que este clásico juego infantil sea aún más desafiante en su versión digital.
Snoopy and the Red Baron (USA)	El maldito Barón Rojo ha robado importantes suministros de alimentos de los aliados durante la guerra. Este malvado aviador y francotirador ha tomado hamburguesas, conos de helado, palomitas de maíz y otras delicias sabrosas. Tu tarea es ayudar a Snoopy a derribar al Barón Rojo y recuperar los suministros robados. Comienzas tu misión con cuatro casetas de perro. Se necesitan ocho golpes directos para derribar al Barón Rojo, y para que el Barón Rojo derribe la caseta del perro de Snoopy. Si el Barón Rojo derriba una caseta de perro, se perderán todas las golosinas acumuladas. Presione el botón del controlador para disparar la ametralladora de Snoopy.
Solar Fox (USA)	En Solar Fox, tu misión es guiar una nave espacial a través de una matriz de células solares y recoger la mayor cantidad de células solares como puedas. Cuando todas las celdas de una matriz se han recogido, se pasar a la siguiente ronda. Cada matriz es custodiada por dos centinelas tratando de detenerte. Los centinelas vagan alrededor del perímetro de la matriz, y disparan bolas de fuego a tu nave. Tu estás desarmado, así que tu única defensa contra las bolas de fuego es esquivarlas. Para ayudarte un poco, tu nave es capaz de volar a dos velocidades diferentes. Cada ronda comienza con un temporizador; si recoges todas las células solares antes de que se acabe el tiempo, ganarás puntos extra y pasarás directamente un nivel. El juego termina cuando se han perdido todas las naves espaciales.
Solar Storm (USA)	Solar Storm es un juego de acción estilo arcade en el que controlas una nave espacial para defender tu planeta. Naves deltoides mortales volarán para destruir tu planeta; Además de este peligro, un sol lejano ha explotado enviando escombros hacia usted. Su trabajo es disparar todo lo que se dirige hacia su planeta antes de que llegue a su planeta (la parte inferior de la pantalla). Cada vez que una nave enemiga o algunos escombros lo convierten en ti, el escudo de tu planeta absorbe la energía y se calienta; si se sobrecalienta, será destruido y el juego termina. Si tu nave láser choca con cualquier peligro entrante, pierdes una vida. Cada 500 puntos hay una pantalla de bonificación donde tienes la oportunidad de ganar más vidas. Cuanto más dure, más rápido se volverá el juego.
Solaris (USA)	Los Zylons están de vuelta, y están tratando otra toma de control de la galaxia! Tu objetivo es destruir a todos los luchadores Zylon que te encuentres, rescatar a los cadetes que se encuentran atrapados en los planetas Zylon , y encontrar el planeta Solaris para protegerlo de los Zylons. Tu nave está equipada con un mapa galáctico que puede ser utilizado para desplazarte a los diferentes sectores de la galaxia. El mapa muestra la ubicación de los escuadrones Zylon, planetas Zylon, bases estelares de la federación, los agujeros de gusano, cúmulos de estrellas, y Solaris cuando lo encuentres. Viajando al sector correcto, puedes luchar contra los numerosos tipos de cazas Zylon para evitar que ataquen a las bases de la federación y los planetas. Tu nave espacial tiene una cantidad limitada de combustible, cuando se vea que el medidor de combustible baje mucho, tendrás que volver a una base estelarde la federación para abastecerte de combustible (asegúrate de dejar suficiente combustible para viajar). Al volar sobre un planeta Zylon controlado, verá tus cadetes en la superficie. Si rescatas a todos los cadetes mientras vuelas, recibirás puntos de bonificación y una nave espacial extra.
Sorcerer (USA)	Sorcerer es un juego arcade de acción que tiene lugar desde hace mucho tiempo, cuando los magos y hechiceros dominaban la tierra. Los magos malvados han decidido tratar de conquistar la tierra, y han enviado numerosas oleadas de criaturas para detener a todos los buenos brujos. Tu objetivo es destruir las diversas criaturas! En la pantalla de inicio del juego, hay una plataforma voladora: tienes que saltar y atrapar a esta plataforma que te permitirá volar a cualquier parte de la pantalla. A continuación, tendrás que luchar pantalla tras pantalla con criaturas peligrosas por el disparo de una carga de energía hacia ellos. Después de haber destruido con éxito a las criaturas en la pantalla actual, un tesoro quedará que se puede recoger para obtener puntos adicionales y luego se puede pasar a la siguiente pantalla. De vez en cuando, también se puede encontrar una nube con rayos mortales que se deben evitar! Cuanto más tiempo sobrevivas, más rápidos los enemigos se vuelven. Dos niveles de dificultad, así como un modo de práctica están disponibles.
Sorcerer's Apprentice (USA)	Basado en el clásico de Disney &quot;Fantasia&quot;, Sorcerer's Apprentice pone a los jugadores a cargo de Mickey Mouse mientras recoge y dispara estrellas y meteoros en las montañas para evitar que las escobas caminantes llenen la caverna del Sorcerer. Para cada estrella atrapada, un cubo parece remover parte del agua de la caverna. Mickey también tiene la oportunidad de coger las escobas antes de llegar al fondo de las escaleras e inundar la caverna más lejos. Si Mickey deja de proveer bastantes baldes, o detiene las escobas, inundarán la caverna, y el juego ha terminado.
Space Attack (USA)	Space Attack también conocido como Space Battle es un juego de un jugador que te enfrenta a la computadora. Cinco flotas foráneas de diferentes tamaños están atacando tu nave nodriza, y te toca defenderla usando tus tres escuadrones. Las naves extraterrestres tratarán de esquivar tus ataques y te atacarán con ráfagas de fotones. Hay dos modos de juego, el modo de radar, que es más de estrategia y el modo de batalla, que es todo acción.
Space Cavern (USA)	Eres el comandante de una nave intergaláctica en una misión para explorar nuevos planetas extraños. Después de aterrizar en un nuevo mundo y comenzando a explorar las numerosas cavernas, descubres que el planeta está habitado por el mortal Electrosocuri. Estas criaturas pueden generar cargas eléctricas letales, y están ahora tras de tí! Usa tu pistola láser, que necesitas para defenderte del ataque del Electrosauri. Las criaturas mortales pueden venir desde arriba, la izquierda o la derecha de modo que asegúrate de vigilar todas las esquinas de la pantalla! Existen numerosas variantes de juego incluidas, que dictan el número de criaturas atacantes que pueden aparecer a la vez, sus características de disparo, y el nivel general de dificultad.
Space Invaders (USA)	Space Invaders es un videojuego de arcade diseñado por Toshihiro Nishikado y lanzado al mercado en 1978. En un principio fue fabricado y vendido por Taito Co. en Japón, para posteriormente ser licenciado para producción y distribución en Estados Unidos por Midway Games, división de Bally Technologies. Space Invaders es uno de los primeros juegos matamarcianos. Es uno de los videojuegos más importantes de la historia. Su objetivo es eliminar oleadas de alienígenas con un cañón láser y obtener la mayor cantidad de puntos posible. Para el diseño del juego, Nishikado se inspiró en Breakout, La guerra de los mundos y Star Wars.
Space Jockey (USA)	Space Jockey es un tirador de desplazamiento lateral para un jugador. Tu objetivo es ganar tantos puntos como sea posible haciendo que tu platillo de ataque derribe a los variados enemigos que pasan volando. Tanques, aviones a reacción, aviones de propulsión, helicópteros, globos meteorológicos e incluso algunos árboles y casas pasarán por la pantalla e intentarán destruir tu platillo. Debes asegurarte de evitar colisionar con los diversos enemigos y se perderá su fuego o uno de tus tres platillos. Se otorgan platillos adicionales por cada 1000 puntos ganados. Se incluyen varias variaciones de juego que controlan la dificultad del juego, las habilidades de movimiento de los enemigos y las habilidades de movimiento de tu platillo.
Space Shuttle - A Journey into Space (USA)	Space Shuttle es un juego de simulación donde eres el piloto del transbordador espacial Discovery. Tu objetivo es poner en marcha el Discovery, establecer una órbita alrededor de la Tierra, abrir las puertas de la bodega de carga y recuperar un satélite para llevar a cabo las reparaciones, y finalmente aterrizar con éxito y a la vez usar la menor cantidad de combustible posible. Cada vez que la misión completa se lleva a cabo, entonces se repite en un nivel de dificultad más alto (en los niveles de dificultad más altos el satélite tiene una trayectoria de vuelo más errática). El juego se juega desde una perspectiva en primera persona en la cabina del transbordador espacial donde se puede controlar todo, desde los motores de las lanzaderas a las puertas de la bodega de carga. Cuando se acaba el juego se te dará una clasificación que se basa en el número de atraques con éxito y la cantidad de combustible que se utilizó. Además del modo de vuelo completo, se incluyen dos variantes de juego más fácil (autosimulator y modo simulador) . El modo autosimulator es el más fácil, el equipo va a controlar el vuelo (se puede asumir el control en cualquier punto que se desee ) y los controles se han simplificado. El modo de simulación está más cerca del juego completo, sin embargo, tienes una cantidad ilimitada de combustible por lo que no hay presión de tiempo, y el equipo te ayudará a compensar las maniobras inexactas.
Space Tunnel (USA)	Aquí tienes un nuevo juego que satisfará tu curiosidad y tu deseo de exploración, y enriquecerá tu vida con sus colores y sonidos. Tú, capitán de una flota espacial, entras accidentalmente en un túnel del universo donde eres atacado por seres estelares y ovnis que te disparan misiles de alta energía. Al impactar contra las paredes del túnel, los misiles rebotan automáticamente. Durante el combate, los colores de la pantalla cambian con la aparición de los enemigos, y el volumen del sonido sube y baja alternativamente, lo que añade tensión a la batalla. Por cada 500 puntos, el color de fondo cambia automáticamente y suena una melodía para felicitarte por tu excelente habilidad. Por cada 1000 puntos, consigues una nueva nave espacial.
Space War (Europe)	El cartucho incluye dos modos de juego diferentes: Space War y Space Shuttle. Space War es el clásico juego de duelo uno a uno de naves espaciales y requiere de dos jugadores. El objetivo es derribar al oponente con misiles, obteniendo un punto por cada muerte. Cada nave tiene ocho misiles y una cantidad limitada de combustible. Cuando la munición se agota, se recarga automáticamente, pero solo si ambos jugadores están sin misiles. Los controles siguen el modelo de Asteroids: una vez acelerada, la nave sigue en movimiento hasta que se usen los propulsores nuevamente. Space War ofrece siete variantes con opciones como bordes de pantalla sólidos o traspasables, hiperespacio para volverse invisible (gastando combustible y desactivando armas), un sol con gravedad que atrae las naves y bases estelares donde se pueden recargar combustible y municiones.
Space War ~ Space Combat (USA)	El cartucho incluye dos modos de juego diferentes: Space War y Space Shuttle. Space War es el clásico juego de duelo uno a uno de naves espaciales y requiere de dos jugadores. El objetivo es derribar al oponente con misiles, obteniendo un punto por cada muerte. Cada nave tiene ocho misiles y una cantidad limitada de combustible. Cuando la munición se agota, se recarga automáticamente, pero solo si ambos jugadores están sin misiles. Los controles siguen el modelo de Asteroids: una vez acelerada, la nave sigue en movimiento hasta que se usen los propulsores nuevamente. Space War ofrece siete variantes con opciones como bordes de pantalla sólidos o traspasables, hiperespacio para volverse invisible (gastando combustible y desactivando armas), un sol con gravedad que atrae las naves y bases estelares donde se pueden recargar combustible y municiones.
Spacechase (USA)	Estás en una misión de reconocimiento con base en la Luna en un crucero estelar Mark 16. De repente, las naves enemigas se teletransportan y lanzan misiles de neutrones que pueden destruirlo. Debes destruir las naves enemigas hasta que lleguen refuerzos. El enemigo también tiene misiles de protones guiados por láser que se disparan con moderación. Tenga en cuenta que a medida que avance la batalla, los extraterrestres se volverán más desesperados y utilizarán misiles de protones.
SpaceMaster X-7 (USA)	Estás en una nave de asalto, que fue diseñada para destruir las bases militares de Hyperion. Debes disparar a las bases suficientes veces para que el contador de energía en la parte inferior vaya desde el &quot; +&quot; al &quot;-&quot;. Una vez que el metro llegue a &quot;-&quot; la base va a explotar. Obviamente, la base no es un blanco fácil. Hay un campo de fuerza que se expande y contrae, defensores de la base y, en las rondas altas, escudos. El campo de fuerza tiene un hueco por el que se puede disparar a través o bien puedes maniobrar en el interior del campo y disparar a la base desde cerca. Pero ten cuidado, porque puedes quedar atrapado dentro del campo. Si tocas un escudo, el campo de fuerza , la base o eres tocado por un defensor, se pierde una vida.
Spider Fighter (USA)	Spider Fighter es un juego de acción estilo arcade algo similar a Space Invaders. Controla un Bug Blaster en la parte inferior de la pantalla, y tienes la necesidad de defender las tres piezas de fruta en la parte superior derecha de la pantalla. Varios tipos arañas corretean alrededor rápidamente, tratando de destruir tu arma y robar la fruta. Si toda tu fruta es robada o se pierden todos tus Bug Blasters, el juego ha terminado. Cuando se destruyen todas las arañas en una ronda, pasas a la siguiente ronda, más rápida. Si todavía tienes las tres piezas de fruta cuando se completa una ronda, recibirás un Bug Blaster extra.
Spider Maze (USA)	Este raro juego de K-Tel Vision probablemente se vendió exclusivamente en Canadá. Es más fácil encontrarlo en formato PAL, ya que tuvo mayor distribución en el extranjero.
Spider-Man (USA)	El Duende Verde ha colocado una super bomba en la parte superior de una torre de alta tensión ubicada en la cima de un rascacielos. Como Spider-Man, necesitas escalar el edificio y desactivar la bomba. Utiliza tu tela de araña para subir el edificio, pero ten cuidado con los villanos del Duende Verde que aparecen en las ventanas tratando de detenerte. Si tu telaraña va demasiado cerca de un villano, será cortada y Spider-Man caerá. Si tienes cuidado, puedes balancearte hacia atrás y hacia delante para capturar a los villanos para ganar puntos extra. Al llegar a la parte superior del edificio, es el momento de subir a la torre de alta tensión. Las bombas pueden ser desactivadas o evitarse para llegar a la cima, pero asegúrate de que no estás demasiado cerca de una que explota! Al llegar a la parte superior de la torre, el propio Duende Verde protegerá la súper bomba que ha plantado allí.
Spike's Peak (USA)	Spike's Peak es un juego de acción donde hay que subir a la cima de una montaña! El juego se lleva a cabo en cinco pantallas diferentes. Hay cuatro niveles de dificultad disponibles.
Spinning Fireball (USA) (Proto)	Firebug es un intento de un juego de disparos en 3D que queda a mitad de camino. Esto es algo que tal vez no debería haberse intentado en la 2600, pero Vidco igualmente decidió hacerlo. El resultado es un juego de aspecto decente, pero con una jugabilidad horrible. El objetivo es que tu hechicero cree y dispare una bola de fuego a la catapulta que se mueve en la parte superior de la pantalla.
Spitfire Attack (USA)	En este juego, eres un piloto de combate. Tu misión es la de derribar aviones enemigos, disparar a los depósitos de munición enemigos (parecen pequeñas casas negras) y a los cañones antiaéreos enemigos. Si usted vuela demasiado tiempo, obtendrás una advertencia de baja altitud. Si no se corrige, se bloqueará. También puedes ser derribado por los cañones antiaéreos y aviones enemigos.
Springer (USA)	Eres Springer el conejo. Debes saltar de nube en nube, recogiendo todo lo que puedas, para llegar al sol. Debes saltar de nube en nube y tocar cualquier artículo o huevos para recogerlos. Hay un contador de tiempo de cuenta atrás en la pantalla de modo que no te demores. Una vez que llegues al sol en la parte superior, a continuación, se va a una pantalla más difícil.
Springteufel, Die (Germany)	Eres un agente secreto enviado a una misión importante para recuperar documentos enemigos. Hay enemigos que intentarán detenerte. mueve el joystick para mover a tu personaje, izquierda o derecha. Pulse el botón para disparar. Puedes disparar en la dirección que te estás moviendo. Cuando estás al lado de un ascensor, automáticamente abordarlo cuando llega a tu nivel. Si estás en el mismo nivel con un asesino y no hay ascensor entre los dos, puedes dispararle. Si te dispara, se puede tirar hacia abajo la palanca de mando para agacharse. No se puede disparar mientras estás agachado. Si el asesino te toca, se pierde una vida.
Sprint Master (USA)	Sprintmaster es un juego de carreras de acción similar a Super Sprint. El juego se presenta con una vista aérea de la pista de carreras y gana el primero de los dos jugadores termine el número requerido de vueltas. En ocasiones aparecerá un potenciador en la pista; recógelo para aumentar las capacidades de tracción de su automóvil o aumentar temporalmente la velocidad. Otros obstáculos, como manchas de aceite, también pueden aparecer en la carretera, lo que hará que pierda el control y la velocidad. Hay un total de nueve pistas diferentes con diferentes niveles de dificultad para correr, y puedes elegir entre asfalto, tierra o hielo para el terreno.
Spy Hunter (USA)	Originario de las recreativas, Spy Hunter es un juego de acción de conducción jugado desde un punto de vista aérea. Tu coche está equipado con ametralladoras para ayudarte a superar los numerosos enemigos en el camino (ten cuidado de no disparar a los civiles, sin embargo!) De vez en cuando te encontrarás con una camioneta de armas, y si conduces a la parte posterior de la furgoneta tu coche se convierte equipado con una segunda arma (como cortina de humo, marea negra, o misiles). En varios puntos la carretera se bifurca y se puede entrar en una casa de botes que transforma tu coche en un barco de forma temporal. Si avanzas lo suficiente el cambio de estaciones te afectará, así (cuidado con las condiciones de hielo durante el invierno!). Los coches enemigos harán cualquier cosa para detenerte, incluido empujarte fuera de la carretera, disparando armas de fuego desde la parte trasera de una limusina, o dejar caer bombas desde un helicóptero.
Squeeze Box (USA)	Tu objetivo es escapar de la cárcel ! Para escapar, tendrás que abrirte paso a través de la pared de la izquierda o derecha de la pantalla. Una vez que se forma un agujero lo suficientemente grande como para caminar a través de el, puedes utilizarlo para escapar a la siguiente pantalla. Para hacer el juego más difícil, las paredes están en constante crecimiento, y si te toca una pared se pierde una vida! Una segunda variante del juego hace que en una de las paredes es estacionaria, y la segunda pared crece.
Squirrel ~ O Esquilo (USA)	¿Serías tan amable de ayudar a una pequeña ardilla que siempre juega en el bosque? Soy una ardilla muy, muy amigable, lo juro, nunca quise lastimar a ese pobre caracol. A medida que el frío se intensifica, mi único deseo es almacenar suficientes nueces en mis cuevas para sobrevivir el invierno. Pero, ¿por qué ese caracol tan avaricioso siempre se esconde para robarme mis nueces, como si fuera un bandido del camino? ¡Qué dilema en el que me encuentro! Para evitar a ese astuto caracol, ¿debería seguir cargando mi nuez hasta la cueva o buscar una recién madura?
Sssnake (USA)	Fuiste de caza en el Amazonas y te has convertido en presa de criaturas prehistóricas. Encontraste una fortaleza con una gran pistola. Ahora hay que evitar que las serpientes entre y disparar a las criaturas a través de los orificios de los ladrillos de la fortaleza. Las serpientes se deslizan de un lado de la pantalla al otro y luego vendrán por el otro lado en un nivel más bajo. No se puede matar a la serpiente, pero puedes acortarla.
Stampede (USA)	Es una estampida! tu trabajo consiste en reunir a la mayor cantidad de terneros que puedas. La pantalla se desplaza a la derecha cuando persigues a los terneros; si se te escapan más de tres terneros, el juego ha terminado. Los terneros corren a diferentes velocidades. A medida que el juego avanza, más y más becerros estarán en la pantalla al mismo tiempo, y otros obstáculos comenzarán a aparecer para hacer tropezar a tu caballo y reducir la velocidad.
Star Fox (USA)	Star Fox es un juego de acción de desplazamiento horizontal. Controlas una nave espacial en un planeta extraterrestre con la misión de recoger unos cristales valiosos. Los cristales se encuentran en la superficie de los planetas o en algún lugar en la atmósfera. Cuando encuentres un cristal, necesitas volar hacia abajo en la atmósfera del planeta para recuperarlo (ten cuidado, tu nave limita la maniobrabilidad, mientras que está en la atmósfera). Por supuesto, tu misión no será fácil; cuidando el planeta hay numerosos combatientes enemigos. Para protegerse de los ataques enemigos tu nave está equipada con láseres. El juego termina cuando todas las naves han sido destruidas.
Star Raiders (USA)	Como piloto de una nave interestelar, tu misión es destruir todas las naves del enemigo en el gráfico de la galaxia y evitar la destrucción de tus bases estelares. Hay tres tipos diferentes de Fighters por toda la galaxia; cruceros, Fighters y Estrellas Base. Con la ayuda de tu mapa galáctico, se pueden encontrar los sectores de la galaxia donde se encuentran estos combatientes y luego viajar allí para destruirlos. Cuando todos los combatientes en un sector son destruidos, puedes viajar a una nueva ubicación para la siguiente batalla. Asegúrate de mantener un ojo al nivel de energía de tu nave; viajar a nuevos lugares, ser golpeado por el fuego enemigo, o un choque con un asteroide va a drenar tu energía. Si se queda sin energía, tu nave será destruida, sin embargo se puede viajar de nuevo a una base estelar para repostar en cualquier momento. Volviendo a una base estelar también se pueden reparar otros tipos de daños que tu nave pueda recibir, como los motores defectuosos, pérdida de tus escudos, y torpedos de fotones defectuosos. Cuando todas las naves enemigas han sido destruidas, ganas el juego y recibes un rango.
Star Ship ~ Outer Space (USA)	Star Ship contiene tres juegos de acción arcade diferentes que se pueden jugar con uno o dos jugadores. Esta variacion del juego se juega desde un punto de vista de primera persona en tu nave estelar. Tu objetivo es ganar tantos puntos como sea posible por disparos a los enemigos diferentes y desechos espaciales. Tienes un límite de tiempo de 2 minutos 16 segundos en las versiones de un jugador. En la versión de dos jugadores el plazo es de 4 minutos 32 segundos; para la mitad de este tiempo uno de los jugadores será el comandante de la nave de la estrella, y el otro controla un módulo espacial y tiene que esquivar el fuego naves estelares. Los papeles se invertirán para la segunda mitad del límite de tiempo.
Star Strike (USA)	Star Strike está claramente inspirado en la secuencia de la batalla de la Estrella de la Muerte en las películas de Star Wars. Vuelas una nave espacial en las trincheras de lanzamiento enemigas. Tu misión: destruir la estación alien antes que la Tierra pase directamente sobre la zanja de lanzamiento. Debes evadir a las naves alienígenas que están defendiendo la trinchera de lanzamiento asegurándote de bombardear a los puntos rojos &quot;Objetivos calientes&quot;. El primer destino de rojo que se pierda cuando la Tierra está directamente en el centro de la zanja lanzamiento se convierte en un misil. El misil es lanzado y destruye la Tierra.
Star Trek - Strategic Operations Simulator (USA)	Star Trek: Simulador de Operaciones Estratégicas es un juego de acción arcade en el que tomas el control de la nave estelar Enterprise. Su misión es salvar a la Federación de los NOMAD ! Antes de que llegue la oportunidad de destruir a los NOMAD, tendrás que abrirte camino a través de diez niveles ( cada uno formado por múltiples rondas ) . En cada ronda puedes encontrar luchadores Klingon , platillos antimateria mortales, campos de asteroides y meteoros mortales, todos los cuales son capaces de agotar la energía del Enterprise. El juego termina cuando el suministro de energía se ha agotado por completo. Para combatir estos peligros, el Enterprise cuenta con un suministro ilimitado de phasers y un suministro limitado de torpedos de fotones. Cada ronda también contiene una o más bases estelares; si te acoplas a una base estelar, algunos de tus suministros ( como la energía y torpedos ) se repondrán. El juego se desarrolla a partir de dos puntos de vista; la parte superior de la pantalla contiene una vista en tercera persona del Enterprise, y en la parte inferior de la pantalla es un punto de vista en primera persona.
Star Voyager (World)	Star Voyager es un juego de acción similar a Star Raiders. Controlas la nave espacial Star Voyager desde la perspectiva de primera persona; tu objetivo es avanzar a través de siete portales estelares para salvar la capital del Puerto estelar y destruir las naves enemigas a lo largo del camino. En cada nivel habrá múltiples enemigos para destruir; normalmente aparecen primero en la distancia, a continuación, avanzan lentamente mientras disparan torpedos. Tendrás que usar las armas (ya sean láser o torpedos de fotones ) para destruir a los enemigos antes de que te destruyan . Una vez que aparezca un portal, necesitas atravesarlo para llegar al siguiente nivel (no chocar contra las paredes del portal). Además de la ventana principal, la parte inferior de la pantalla también contiene una barra de estado que muestra el número de enemigos destruidos, t nivel de energía , y un escáner para ayudar a localizar a los enemigos.
Star Wars - Jedi Arena (USA)	En Jedi Arena, tienes que enfrentarte a un oponente en la arena para ver quién es el verdadero maestro Jedi. Paseando a lo largo de la arena hay un buscador que es capaz de disparar rayos láser. Para ser victorioso necesitas destruir el escudo del oponente haciendo que los rayos láser del buscador se dirijan a él. Estás armado sólo con un sable de luz que se utiliza para controlar la dirección de los rayos láser, así como para bloquear el fuego de tu oponente. El primer jugador en romper el otro escudo gana un punto, y el primer jugador en llegar a 3 puntos gana la partida! Varias opciones de juego se incluyen que controlan la velocidad del buscador, o incluso hacer que el buscador sea invisible.
Star Wars - Return of the Jedi - Death Star Battle (USA)	Death Star Battle se basa libremente en los acontecimientos de la película Star Wars Episodio VI: El Retorno del Jedi. Tu tarea es destruir la Estrella de la Muerte antes de finalizar su construcción. Comienzas la tarea fuera del perímetro de protección de la Estrella de la Muerte. Tendrás que luchar contra diferentes naves imperiales y evitar el rayo de la muerte a la espera de una oportunidad para deslizarse a través de una de las aberturas al azar en el escudo de energía. Después de llegar a la Estrella de la Muerte debes reducir su estructura hasta el punto en que puedas golpear el núcleo. En la siguiente destrucción de la estación se debe evitar colisión con los desechos de la Estrella de la Muerte.
Star Wars - The Arcade Game (USA)	Star Wars es un juego de disparos en primera persona basado en torno a las escenas finales de la película original de Star Wars. Apareció por primera vez para las máquinas recreativas y fue convertido posteriormente a otras plataformas de juegos. El usuario toma el papel de Luke Skywalker, con el objetivo de destruir la Estrella de la Muerte. En la primera fase tiene que enfrentarse a enjambres de cazas TIE, incluyendo las peleas contra el propio Darth Vader. En la segunda fase la superficie de la estación está protegida por torres láser, la tercera implica atacar su punto más débil - el puerto de escape sin protección - con torpedos de protones. Tu X-Wing se inicia con seis escudos. Completa el juego y vuelve de nuevo con cada vez mayores dificultades.
Star Wars - The Empire Strikes Back (USA)	Star Wars: El Imperio Contraataca recrea una escena de la película del mismo nombre. Estás en el planeta helado de Hoth, y los Walkers Imperiales se están acercando al generador de energía rebelde. Como piloto de un snowspeeder, necesitas acabar con la mayor cantidad de Walkers que puedas. Los Walkers están fuertemente blindados, y se necesitará una gran cantidad de potencia de fuego para destruir uno! El juego se juega en una pantalla de desplazamiento grande con una pantalla de radar en la parte inferior para ayudar a mantener un seguimiento de dónde se encuentra el enemigo. Si un Walkers llega al generador de energía, o te quedas sin snowspeeders el juego ha terminado. Buena suerte, y que la fuerza te acompañe!
Stargate (USA)	Salva a los humanoides de los aliens que se avecinan en la secuela del Defender. La tarea, además de rescatar a los humanoides antes de que los Landers puedan convertirlos en mutantes, evitando al mismo tiempo y disparando a otros enemigos, sin embargo ahora debes llevar a los humanoides a la seguridad a través de la Stargate del título.
Stargunner (USA)	Los jugadores toman el papel de un stargunner del Imperio Yarthae. El Imperio está siendo invadido por los Sphyzygi. El stargunner debe destruir las naves invasoras, pero ten cuidado con las bombas lanzadas por el droide Sphyzygi, Bobo. Este juego es similar al Defender sin los humanoides para rescatar. Los jugadores deben viajar alrededor de la pantalla, disparando a las naves que aparecen.
StarMaster (USA)	Tu trabajo es simplemente defender todas las bases estelares en la zona por la destrucción de las naves enemigas. Recibir impactos mientras luchas contra el enemigo causará daños en tu nave. Tu motor de curvatura puede ser destruido, los sistemas de armas desactivadas, escudos eliminados, o radar destruido. La única forma de reparar este daño (y recargar tu nave ) es acoplarse a una base estelar local. El juego termina cuando todos los enemigos se destruyen o tu nave se elimina.
Starmaster - International Edition (Europe)	Tu trabajo es simplemente defender todas las bases estelares en la zona por la destrucción de las naves enemigas. Recibir impactos mientras luchas contra el enemigo causará daños en tu nave. Tu motor de curvatura puede ser destruido, los sistemas de armas desactivadas, escudos eliminados, o radar destruido. La única forma de reparar este daño (y recargar tu nave ) es acoplarse a una base estelar local. El juego termina cuando todos los enemigos se destruyen o tu nave se elimina.
Steeplechase (USA)	El objetivo de Steeplechase es ser el primer jugador en avanzar en su caballo hasta el lado derecho de la pantalla. Cada caballo galopa de izquierda a derecha. Mientras que el caballo galopa, obstáculos de diferente tamaño se acercan al caballo de derecha a izquierda. Tu tarea consiste en saltar los obstáculos y llegar a la derecha primero.
Stellar Track (USA)	Esta es una versión de Star Trek para Atari 2600. No tiene gráficos, solo texto. Se usa el joystick, moviéndolo hacia la izquierda o la derecha, para seleccionar el comando deseado y luego se presiona el botón rojo. A continuación, se mueve el joystick hacia la izquierda o la derecha para seleccionar y configurar los parámetros de dicho comando, si los hay. Para empezar, se presiona Reiniciar o Seleccionar para elegir cuántos enemigos hay que eliminar y cuántas estrellas se necesitan.
Stone Age (USA)	Has viajado millones de años en el tiempo al mundo primitivo y salvaje, donde solo existen enormes piedras y dinosaurios hambrientos. Tu misión es exterminar a todos los dinosaurios para que el mundo sea un lugar seguro para tu descendencia. Si no lo logras, el mundo jamás volverá a ser como es hoy. El destino del mundo está en tus manos. Debes ser valiente y cumplir tu misión. ¡Buena suerte!
Strahlen der Teufelsvogel (Germany)	¡La ciudad perdida de Atlantis está siendo atacada! Oleada tras oleada de naves Gorgon se acercan, cada una de ellas armada con armas capaces de destruir una parte de la ciudad. Usted está a cargo de los puestos de mando en los bordes de la ciudad y necesita defenderla de los invasores. Las diversas naves Gorgon seguirán volando por la pantalla en diferentes números y diferentes patrones de vuelo. Al principio vuelan alto en el cielo, pero luego progresivamente van bajando. Si un enemigo baja lo suficientemente antes de que lo destruyas, usará sus armas y destruirá uno de los edificios de Atlantis. A medida que avances en el juego, las naves enemigas seguirán aumentando en velocidad. El juego termina cuando todos los edificios restantes de la ciudad han sido destruidos.
Strategy X (USA)	Tu misión es atacar a los immortalians. Avanzar mediante el control de la palanca. Apuntar y conseguir batir al enemigo en cualquier dirección. Sus patrones de ataque serán diferentes a medida que avanzan. Encuentra sus puntos débiles y el camino más corto. El Combustible se suministra cuando el tanque llega a la sección COMBUSTIBLE. Mantente alejado de la &quot;zona de deslizamiento&quot;, donde el control es difícil. Disparar al azar sólo causará una escasez de combustible.
Strawberry Shortcake - Musical Match-Ups (USA)	Strawberry Shortcake Musical Match-Ups es un juego de puzzle en el que debes tratar de enderezar caracteres de Strawberryland mezclados dentro de un plazo determinado. Cuando el juego comienza, un personaje confundido aparecerá en la pantalla y es necesario cambiar la cabeza, el cuerpo y las piernas hasta que estén todos los de un solo carácter. Si un personaje completo está con la forma correcta, el personaje realizará un baile y se escucha su tema musical; si se forma un carácter incompleto, el tema musical oído será parte de cada uno de los caracteres que hayas creado. Varios niveles de dificultad se incluyen los que dictan el límite de tiempo en el que el personaje tiene que ser creado. En los niveles más fáciles, el personaje a crear será indicado por el texto en la parte inferior de la pantalla. En los niveles más difíciles, se debe crear un personaje basado en el tema musical que suene.
Street Racer - Speedway II (Europe)	Una versión renombrada de Street Racer, publicada y vendida bajo el nombre de Tele-Games por Sears.
Street Racer ~ Speedway II (USA)	Una versión renombrada de Street Racer, publicada y vendida bajo el nombre de Tele-Games por Sears.
Stronghold (USA)	Se acerca al asteroide abandonado Stronghold, activando una descarga de drones de defensa. Hábilmente debes pilotar tu nave de ataque a través del espacio de residuos de explosivos; un solo rasguño perforará el fuselaje de tu frágil nave. Sin previo aviso, la superficie sombría de la fortaleza fortificada es energizada por tres escudos de fuerza en movimiento que protegen un rastreador asteroide letal. Los sistemas automáticos de la aparentemente abandonada Fortaleza están funcionando a la perfección, los interceptores de sensores de calor se lanzan para rastrear y destruir tu nave espacial. La supervivencia depende de la voladura a través de los escudos de fuerza girando y devastando el centro de comando de rastreo, ya que disparará en repetidas ocasiones tratando de eliminar tu frágil nave.
Stunt Man (USA)	Los jugadores asumen el papel de un especialista en acrobacias que debe escapar de diversos peligros y llegar a un helicóptero en pleno vuelo. El juego &quot;Stuntman&quot; se divide en tres etapas cronometradas. En la primera, el especialista debe trepar por cuerdas para alcanzar el helicóptero mientras esquiva aves. En la segunda, vuelve a trepar por cuerdas, pero ahora armado con una espada, y debe derrotar a los demonios voladores antes de poder escapar. En la tercera, el especialista debe trepar por cuerdas nuevamente, esquivando enemigos, pero también debe agarrarse a todos los globos del escenario antes de poder huir. Las etapas se repiten en este orden dos veces más, aumentando la dificultad con la adición de más enemigos. Tras completar las nueve etapas, el juego se repite al siguiente nivel de velocidad más alto. Hay seis niveles de velocidad en total, y el nivel deseado se puede elegir desde el principio.
Sub-Scan (USA)	Submarinos enemigos se han detectado en tus aguas. Al mando de un destructor puedes lanzar hasta cuatro cargas de profundidad a la vez. Tu misión es hundir tantos submarinos enemigos como sea posible.
Submarine Commander (USA)	El objetivo del juego es hundir tantas naves enemigas como sea posible. Algunos de los barcos puede dejar caer cargas de profundidad, lo que podría dañar el submarino.
Subterranea (USA)	Subterranea es un juego de disparos de desplazamiento lateral. Tu objetivo es encontrar cristales del tesoro en las Cuevas Hexuplex. Controlando a tu guardabosques, debes destruir los distintos tipos de aerobots que custodian la cueva. Cuando todos los robots de un nivel de la cueva sean destruidos, se abrirá un pasadizo que te permitirá adentrarte en las cavernas. Al llegar al último nivel, podrás recoger el cristal del tesoro y ser transportado al siguiente conjunto de cuevas (más desafiante) para intentar conseguir otro. Además de los letales aerobots, asegúrate de no chocar contra las paredes de la cueva; estas agotarán tu energía rápidamente, especialmente si golpeas una calavera. Cuando todos tus guardabosques de reserva se hayan estrellado, la partida terminará. A medida que avances por las cuevas, estas se estrecharán y los enemigos se moverán más rápido. Hay niveles de habilidad estándar y avanzado disponibles.
Suicide Mission (USA)	Suicide Mission es un juego de acción arcade similar a Asteroids. Controlas un submarino microscópico que navega por el torrente sanguíneo de una persona infectada con un virus. ¡Tu objetivo es destruir el virus! Cada vez que disparas a una célula infectada, esta se fragmenta en fragmentos más pequeños. Con el tiempo, estos fragmentos serán lo suficientemente pequeños como para ser destruidos. Cuando todo esté destruido, puedes pasar al siguiente nivel, más difícil. El juego cuenta con tres niveles de dificultad y puedes elegir uno de dos estilos de disparo para tu submarino (torpedos individuales o fuego rápido).
Summer Games (USA)	Experimenta el poder, la gloria, la emoción y el desafío de la competencia atlética más grande del mundo: ¡LOS JUEGOS DE VERANO! La impresionante CEREMONIA DE APERTURA se enfoca en 3.000 años de noble tradición mientras mira con orgullo, dispuesto a dar lo mejor de sí para honrar a su país. Este es el momento en el que ha trabajado y entrenado tanto tiempo para lograr, probar su habilidad bajo presión contra los mejores atletas del mundo. Intentarás destacar en todo un espectro de eventos deportivos: atletismo, natación y buceo, gimnasia y tiro al plato. Audacia. Habilidad. Estrategia. Determinación. Las marcas del verdadero campeón. Si sale victorioso, recibirá el premio del campeón, la codiciada MEDALLA DE ORO, ante la multitud entusiasta. ¡Tu triunfo podría incluso pasar a la historia como el mejor rendimiento personal de todos los tiempos! ¡Aprovechar el momento! ¡Prepárate para el desafío final! Pruebe los frutos del trabajo duro. ¡Da lo mejor de ti y VAYA POR EL ORO!
Super Baseball (USA)	Este juego es una versión alterada de la versión de Atari 2600 de RealSports Béisbol. Los controles del juego son idénticos. Las alteraciones son que se han cambiado los gráficos y colores. Además, las opciones se redujeron a uno o dos jugadores y si, en un solo jugador, el jugador humano es el primero en batear o no.
Super Breakout (USA)	Super Breakout tiene características de juego similares al original, pero con varias nuevas variantes de juego. Tu objetivo es ganar tantos puntos como sea posible mediante la destrucción de los ladrillos en la parte superior del campo de juego. Para ello, es necesario utilizar la pala en la parte inferior de la pantalla para mantener una pelota que rebota en el campo de juego. Hay cuatro variaciones diferentes de juego incluidas. La primera es 'Breakout', y reproduce el mismo que el juego original. Esto deja a tres nuevos conceptos de juego. En 'Progressive' las paredes de ladrillo se reducirán lentamente hacia la parte inferior de la pantalla y la pelota se mueve progresivamente más y más rápida. Cuando hay espacio, una nueva capa de ladrillos aparecerá en la parte superior. Los otros dos modos añaden una segunda paleta. En 'Doble Breakout' tienes dos bolas en el juego. En 'cavity' hay una sola bola en juego cuando se inicia, pero dos bolas adicionales atrapadas dentro de los ladrillos. Estas se liberan cuando se destruyen sus ladrillos circundantes.
Super Challenge Baseball (USA)	Super Challenge Baseball es un juego de Béisbol, para 2 jugadores, con dos niveles de habilidad - principiante y avanzado. Cada jugador controla un equipo de 8 hombres.
Super Challenge Football (USA)	El objetivo del juego es superar a tu oponente en puntos. ¡Hay pases, carreras, bloqueos y touchdowns! Cuartos simulados de 15 minutos. Tú decides tanto el ataque como la defensa. Control individual del quarterback y del linebacker.
Super Cobra (USA)	Super Cobra es un shooter de desplazamiento lateral basado en el juego de las recreativas. Eres un piloto de helicóptero en una misión de vigilancia en territorio enemigo; tu objetivo es hacerlo a través de las diversas zonas de obstáculos y anotar tantos puntos como sea posible. Los edificios altos, montañas, túneles estrechos, y varios enemigos (como los tanques, cohetes, minas, y más), todos pueden ponerse en el camino y destruir tu helicóptero si no tienes cuidado. Para ayudar a defenderte, el helicóptero está armado con una ametralladora y bombas que pueden ser utilizadas para destruir los tanques y cohetes enemigos. Para hacer la tarea más difícil, tu helicóptero tiene una cantidad limitada de combustible. A lo largo de los pasajes hay tanques de combustible; si uno de ellos recibe un disparo, se te otorgará combustible extra. A medida que avanzan los niveles, los enemigos se vuelven más agresivos, el combustible se hace más escaso, y el paisaje se vuelve más difícil de navegar.
Super Football (USA)	Juego de fútbol americano con una vista isométrica. El jugador 1 siempre comienza como atacante y va de rojo. El equipo (o jugador dos) comienza como defensa y va de azul. Tienes la opción de pasar o correr. En la ofensiva, se controla al Quarterback hasta que llega la pelota. A continuación, controlas al receptor. El Quarterback no puede pasar después de que cruce la línea de golpeo. En la defensa, Controlas la esquina.
Superman (USA)	El Hombre de Acero toma vuelo en su primera adaptación en videojuego. Cuando Lex Luthor destruye el puente Metropolis, Clark Kent tiene que correr a la cabina telefónica más cercana a convertirse en Superman y salvar el día. En el camino, Superman debe tener cuidado con los matones, un helicóptero que puede ayudar o entorpecer, tres satélites Kryptonita, e incluso Lex Luthor. Si Superman cae en una de las trampas de Kryptonita de Luthor, él se vuelve incapaz de volar, a menos que pueda encontrar a Lois Lane en busca de ayuda. Repara el puente, lleva a los delincuentes a la cárcel, y luego vuelve al Daily Planet a tiempo para la siguiente aventura.
Surfer's Paradise - But Danger Below! (Europe)	En Surfer's Paradise, el objetivo del jugador es mantenerse en la cresta de la ola el mayor tiempo posible. De vez en cuando, un tiburón se acercará al jugador que a su vez puede saltar para tratar de evitarlo. Si fallan o si no logran mantenerse en la cresta de la ola, caerá al agua. La secuencia submarina constituye la segunda parte del juego. Aquí, el jugador tiene que ir del lado izquierdo de la pantalla al lado derecho y volver a su tabla de surf. Sin embargo, hay un galeón hundido en su camino. El jugador tiene que navegar por un laberinto de paredes en un tiempo limitado, evitando al mismo tiempo las medusas que se aproximan.
Surround (Europe)	Surround es un juego arcade de acción para dos jugadores. Cada jugador controla a un muro en constante movimiento; tu objetivo es atrapar a tu oponente y obligarle a estrellarse contra una pared. Cada vez que tu oponente se estrella, ganas un punto. El primer jugador en llegar a diez puntos gana. Además de este modo, también se incluye un modo de graffiti que te permite dibujar en la pantalla. Varias variaciones del juego se incluyen en las que opcionalmente se puede permitir el movimiento diagonal y el control de la velocidad del juego.
Surround ~ Chase (USA)	Surround es un juego arcade de acción para dos jugadores. Cada jugador controla a un muro en constante movimiento; tu objetivo es atrapar a tu oponente y obligarle a estrellarse contra una pared. Cada vez que tu oponente se estrella, ganas un punto. El primer jugador en llegar a diez puntos gana. Además de este modo, también se incluye un modo de graffiti que te permite dibujar en la pantalla. Varias variaciones del juego se incluyen en las que opcionalmente se puede permitir el movimiento diagonal y el control de la velocidad del juego.
Survival Island (USA)	Te diriges a una isla misteriosa para estudiar un templo cuando tu barco se hunde. Ahora debes llegar a la isla mientras recolectas suministros, atravesar la peligrosa jungla y luego explorar el templo. Todo en un día de trabajo. Este juego se divide en tres secciones: Naufragio, La Isla Salvaje y El Templo Secreto.
Survival Run (USA)	En este juego navegas por unas cavernas subterráneas en otro planeta. A medida que avanzas, debes destruir las naves espaciales enemigas y los campos de fuerza. Puedes ver las naves que llegaban a distancia, pero si se acercan demasiado abrirán fuego contra ti, lo que te hace perder energía. Si ves un campo de fuerza, verás un cuadrado a la derecha. Dispara al cuadrado para desactivar el campo. Si la nave choca contra el campo, se pierde energía. Ganas energía cuando destruyes una nave o desactivas un campo de fuerza. Utiliza el mapa en la parte superior de la pantalla para determinar qué camino tomar, a la izquierda o a la derecha. Si eliges el camino equivocado o te quedas sin energía, el juego ha terminado.
Sweat! The Decathlon Game (USA)	Sweat! iba a ser la versión de Starpath del Decathlon de Activision para el Supercharger. Dado que el Supercharger permitía más memoria y juegos más grandes, Sweat! probablemente habría sido un juego increíble de haberse completado. Claro que esto nunca ocurrió, ya que el mercado de los videojuegos se desmoronaba rápidamente y la gente no gastaba dinero en videojuegos tradicionales, y mucho menos en juegos que requerían hardware especial. Fue por esta época cuando Starpath, con problemas financieros, se fusionó con Epyx. La mayoría de los programadores de Starpath se trasladaron a Epyx y utilizaron el concepto de juego de Sweat! para crear Summer Games.
Swordfight (USA)	Esta es una lucha a espada uno contra uno para sólo dos jugadores. Pulsa el botón para saltar y salir y mueve el joystick para mover la espada y bloquear. Tu espada se basa evidentemente en un sable de luz por la forma en que la hoja se extiende y los efectos de sonido.
SwordQuest - EarthWorld (USA)	Swordquest: EarthWorld es un juego de acción con elementos de aventura. El juego se reduce a caminar de una habitación a otra, encontrar y soltar elementos, superando las etapas de acción con el fin de encontrar más artículos, y ver un conjunto extraño de números flasheando si consigues la combinación correcta de elementos en las habitaciones correctas.
SwordQuest - FireWorld (USA)	Swordquest: Fireworld, el segundo juego de la serie Swordquest, es casi idéntico a su predecesor. En esta entrega te encontrarás caminando de una habitación a otra, encontrando y soltando elementos, superando las etapas de acción con el fin de encontrar más, viendo un conjunto extraño de números flasheando si consigues la combinación correcta de elementos en las habitaciones correctas.
SwordQuest - WaterWorld (USA)	Al igual que los juegos Swordquest: EarthWorld y Swordquest: Fireworld anteriores, Swordquest: Waterworld implica caminar por las habitaciones, recoger objetos, superando etapas de acción para revelar más artículos, y ver el conjunto extraño de números flasheando cuando tienes los artículos correctos en las habitaciones correctas.
Tac-Scan (USA)	nn¡Las naves enemigas se acercan a tu base! Necesitas llevar a tu escuadrón de aviones a la batalla para defenderlo. Tac-Scan es una conversión del juego de arcade. Controlas un escuadrón de cinco naves en la parte inferior de la pantalla, tu objetivo es ganar tantos puntos como puedas destruyendo a los enemigos que atacarán. Si una de las naves de tu escuadrón es alcanzada por fuego enemigo, será destruida. El juego termina cuando los cinco barcos han sido destruidos. A medida que avanzas en el juego, tendrás la oportunidad de reponer los barcos perdidos. Cada vez que completes una ronda de disparos por parte de los enemigos, una nave extra flotará en la pantalla. Puedes agregar esta nave a tu escuadrón atrapándola en un espacio vacío en la formación. ¡Cada vez que completes cuatro rondas, el juego avanzará al siguiente nivel con mayor dificultad!
Tanks but No Tanks (USA)	Phantom Tank es un videojuego publicado en 1983 por la empresa taiwanesa Bit Corporation para el Atari 2600. El jugador controla un tanque amarillo que debe proteger su cuartel de los &quot;tanques fantasmas&quot; (término utilizado por el fabricante para ocultar que la razón del parpadeo de los tanques enemigos era el limitado hardware de la consola de Atari). Son tres niveles en total, y para pasar al siguiente es necesario acabar con 20 tanques. Para eliminarlos el jugador cuenta con un cañón idéntico al de los otros tanques, aunque también es posible actuar como un kamikaze y estrellarse contra un tanque enemigo. Al hacer esto, el jugador pierde uno de los cinco tanques que posee en reserva, pero a cambio gana 200 puntos (en lugar de los 100 que se obtienen por acabar con un enemigo con el cañón). Si un tanque enemigo dispara contra el cuartel del jugador, éste pierde el juego sin importar los tanques que tenga en reserva.
Tapeworm (USA)	Eres Slinky el gusano. Debes moverte por la pantalla y comer frijoles. Cada vez que comes un frijol, te haces más largo. Los frijoles aparecen al azar en la pantalla y se deben comer antes de que el escarabajo del fondo vaya de izquierda a derecha para obtener la cuenta regresiva a cero. Si el escarabajo llega a la derecha antes de llegar al frijol, aparecerán dos granos más en la pantalla y se añade dos frijoles para el recuento. A veces, Beeky el pájaro o Spanky la araña pasarán a través de la pantalla. Se pierde una vida si te tocan la cabeza (cuadrado amarillo) o chocas con las paredes, obstáculos o contigo mismo.
Tapper (USA)	Tapper es un juego de acción donde eres un camarero y tienes que servir cerveza a los clientes más exigentes. Hay cuatro clientes, cada uno tiene su propia barra más larga que la anterior, a los que hay que mantener a raya. Si llegan al final de la barra sin recibir su cerveza, estás perdido, si se le pasa una y se derrama accidentalmente se pierde una vida y si uno de ellos te devuelve la jarra y no puedes cogerla, se perderá una vida también.
Tax Avoiders (USA)	Eres John Q y deseas ser rico. En este juego, comienzas en la pantalla de ingresos en el que debes tratar de recoger el dinero (símbolo del dólar), evitando la burocracia gubernamental (parecen serpientes rojas). Tiene sólo un año para obtener tu dinero e invertirlo. Cada segundo, pasa un día. Una vez al año se te envía a la pantalla de inversión y de impuestos, donde tienes que recoger un icono que representa una inversión y luego apoderarte de tu cartera. Las inversiones tienen un 50 % de oportunidad de hacer o perder dinero. También en esta pantalla hay un personaje cuyo color cambia.
Taz (USA)	Taz (el demonio de Tasmania) va en un frenesí de alimentación! Hamburguesas, cervezas, conos de helado, tomates, corazones de manzana y otros alimentos estarán todos volando en la pantalla, y Taz necesita comer tanto de éstos como le sea posible para ganar puntos. Pero mezclados con los alimentos sabrosos hay cartuchos de dinamita! Si Taz come accidentalmente la dinamita, explotará y perderás una vida. Según Taz come los alimentos, los niveles se volverán más y más rápidos y cuentan con más dinamita mezclada con la comida.
Tempest (USA) (Proto)	Sobrevive y acumula puntos eliminando enemigos en el campo de juego. Controlas una nave en forma de garra, moviéndola a lo largo del borde y disparando para destruir enemigos y proyectiles. Cuentas con un &quot;Superzapper&quot;, un arma especial que elimina a todos los enemigos en pantalla una vez por nivel. El juego tiene dieciséis niveles únicos con distintas geometrías. Tras el nivel 16, el ciclo se repite con mayor dificultad. A partir del nivel 65, los campos se vuelven invisibles, y después del nivel 99, se eligen al azar. Los enemigos tienen patrones de ataque únicos: algunos intentan atrapar la nave, electrificar carriles o moverse impredeciblemente. También hay tanques que se dividen en enemigos más pequeños. Tras limpiar un nivel, debes avanzar al siguiente evitando púas. Si chocas, pierdes una vida. Se pueden ganar vidas extra, pero el juego termina al perderlas todas. ​​
Tennis (USA)	Tennis es un sencillo juego de tenis que se puede jugar por un jugador contra el ordenador o dos jugadores uno contra el otro. El juego sigue las reglas de tenis estándar, y permite que golpees una variedad de golpes de derecha y revés a cualquier ubicación en la cancha. Hay dos niveles de habilidad incluidos; un partido de práctica más lento, y el juego a toda velocidad más desafiante.
Tennis - International Edition (Europe)	Tennis es un sencillo juego de tenis que se puede jugar por un jugador contra el ordenador o dos jugadores uno contra el otro. El juego sigue las reglas de tenis estándar, y permite que golpees una variedad de golpes de derecha y revés a cualquier ubicación en la cancha. Hay dos niveles de habilidad incluidos; un partido de práctica más lento, y el juego a toda velocidad más desafiante.
Texas Chainsaw Massacre, The (USA)	Deja atrás los juegos infantiles; olvida comer puntos y perseguir fantasmas. Ahora, tienes el control de una motosierra rugiente mientras te pones la máscara de cuero de un maníaco. Tus víctimas se enfrentan a una pesadilla viviente mientras empuñas el arma definitiva: una motosierra implacable. Deja que tus fantasías más oscuras se desaten y experimenta el placer total de la destrucción mientras persigues a tus presas con los dientes afilados de una motosierra hambrienta. La historia es real, la película es escalofriante… ¡y el videojuego es aterrador!
Threshold (USA)	Threshold es un shoot'em up. Controlas una nave espacial en la parte inferior de la pantalla y tienes que dispararle a varias formaciones de enemigos en la parte superior de la pantalla. Para hacer las cosas más difíciles tienes tiempo limitado en forma de un depósito de combustible que quedará recargado después de despejar los enemigos. Además de eso, tu nave espacial está equipada con un láser que tiende a sobrecalentarse. Cada disparo hace que la barra de calor del láser aumente un poco. Una vez que llegue a su máximo no puedes disparar más y te ves obligado a esperar hasta que se enfríe, mientras que poco a poco vas quedando sin combustible.
Thunderground (USA)	Hay seis bases nucleares sobre la superficie del planeta. Debes enterrarte bajo tierra para destruir cada una de estas bases. Pero cuidado, que están custodiadas por tanques patrullando que si te ven en su línea de fuego, te destruirán. Hay dos tipos de tanques. Los tanques blancos sólo se mueven a través de los túneles existentes y sólo te dispararán si hay un espacio claro entre tu y ellos. Los tanques azules Digger crearán sus propios túneles para perseguirte. También hay un depósito en la parte inferior de la pantalla que se mueve lentamente hacia tus tanques de reserva. Si este tanque alcanza las reservas antes de destruir las seis bases, se pierde una vida. El juego termina si pierdes todas las vidas. Hay suministros enemigos enterrados en zonas aleatorias que si los consigues te darán puntos de bonificación.
Time Pilot (USA)	Time Pilot es un shooter estilo arcade. Pilotando tu nave espacial, es necesario destruir los escuadrones de naves enemigas que están atacando! En cada nivel tienes una cuota de enemigos que hay que destruir. Después de cumplir con tu cuota, aparecerá un jefe final del nivel; cuando se destruye, te moverás al siguiente nivel. El juego comienza en el año 1910, y cada vez que un nivel se completa se avanza en el tiempo. En 1910 es suficiente para hacer frente a los biplanos relativamente desarmados, pero a medida que avanzan los niveles lo mismo ocurre con la tecnología. Cada nuevo nivel trae consigo más duras y más fuertemente armadas aeronaves, incluidos aviones, helicópteros, y platillos voladores. De vez en cuando, te encontrarás con un paracaídas; si llegas a el ganarás puntos extra.
Time Warp (USA)	En este juego, pilotas una nave espacial (la portada la muestra como un avión de pasajeros futurista con armas incorporadas) que vuela a través de lo que parece una cueva, mientras te enfrentas a varios enemigos que te atacan desde la derecha de la pantalla. Tras sobrevivir a algunas rondas, entrarás en una cueva subterránea donde volarás por un corredor traicionero e intentarás acoplarte a una estación de repostaje. Después, vuelves a disparar a los objetivos. Y así sucesivamente.
Title Match Pro Wrestling (Europe)	Title Match es un juego de lucha libre que se puede jugar con uno o dos jugadores. Hay cuatro luchadores diferentes que puedes elegir, y dos modos de juego (uno contra uno, o Tag Team). Cada luchador puede patear, golpear, y realizar varios movimientos como el giro del avión, golpe del cuerpo, levantamiento de potencia, y más. Usando los movimientos disponibles necesitas agotar la energía de tus oponentes y sujetarlos en la cuenta hasta tres (aunque ten cuidado, ya que algunos de los más poderosos movimientos también utilizan un poco de tu propia energía). Si la energía del oponentes es lo suficientemente baja y lo lanzas con éxito que contará como una caída, y con tres caídas vas a ganar el combate!
Title Match Pro Wrestling (USA)	Title Match es un juego de lucha libre que se puede jugar con uno o dos jugadores. Hay cuatro luchadores diferentes que puedes elegir, y dos modos de juego (uno contra uno, o Tag Team). Cada luchador puede patear, golpear, y realizar varios movimientos como el giro del avión, golpe del cuerpo, levantamiento de potencia, y más. Usando los movimientos disponibles necesitas agotar la energía de tus oponentes y sujetarlos en la cuenta hasta tres (aunque ten cuidado, ya que algunos de los más poderosos movimientos también utilizan un poco de tu propia energía). Si la energía del oponentes es lo suficientemente baja y lo lanzas con éxito que contará como una caída, y con tres caídas vas a ganar el combate!
Tomarc the Barbarian (USA)	En Tomarc el Bárbaro, Senta está encerrada en una jaula mágica, y Tomarc tiene que rescatarla! En este juego de acción podrás controlar tanto Tomarc y Senta simultáneamente. Tomarc se pierde en una serie de cuevas en alguna parte en busca de su espada mágica, y luego debe localizar a Senta para liberarla. Ratas mortales y otros peligros deben ser evitados en las cuevas. Mientras tanto, Senta debe defenderse de murciélagos gigantes y otras criaturas mientras está atrapada en la jaula; aunque ella no puede moverse, ella es capaz de disparar magia a los enemigos para destruirlos. Puedes cambiar de pantalla entre los dos personajes para elegir qué personaje controlar. Escuchar a los efectos de sonido puede ayudarte a determinar cuando el otro personaje está en problemas y debes cambiar de pantalla.
Tooth Protectors (USA)	En este juego, eres TP, el Protector de dientes, y estás tratando de proteger a algunos dientes de la caries por los ataques de Snack Attack. Snack Attack se mueve a través de la parte superior de la pantalla dejando caer migas de comida hacia los dientes. Te mueves en la parte inferior de la pantalla, justo encima de los dientes. Debes desviar las migajas y golpear a Snack Attack. Cada ronda tiene limitado el tiempo. Juegas hasta que el tiempo se agote, entonces obtendrás puntos de bonificación dependiendo del tiempo y los dientes perdidos. De vez en cuando, Snack Attack tratará de agarrarte. Si eres capturado, se pierde un hombre. Si uno o más de tus dientes están en peligro de perderse, puedes pulsar el botón de disparo para Alcanzar el cepillo de dientes, hilo dental Johnson & Johnson y la Ley de enjuague dental con flúor para salvarlo. El juego termina después de perder a tres de tus hombres o perder tres de tus dientes.
Top Gun (Germany)	Un sencillo simulador de vuelo y juego de combate aéreo. Derriba los aviones y esquiva la artillería antiaérea. Tienes munición y combustible limitados. Si derribas 10 aviones, puedes aterrizar para repostar, pero podrías perder munición. Solo recibirás la cantidad de munición que hayas utilizado para derribar aviones la última vez.
Towering Inferno (USA)	Un rascacielos de la ciudad está en llamas, numerosas personas están atrapadas, y hay que acudir al rescate! Tu objetivo es rescatar a tantos supervivientes como sea posible de los muchos pisos del edificio. En cada piso, el bombero comienza en la parte inferior de la pantalla y tiene que llegar a la cima, donde los supervivientes se hallan bajo cobijo. El bloqueo de la ruta de acceso tiene numerosos (y peligrosos) incendios. Tu bombero está equipado con una manguera y un suministro ilimitado de agua para ayudarle a apagar los incendios. ¡Tienes que ser rápido, sin embargo, porque si tomas demasiado tiempo los supervivientes morirán! Cuando rescatas a tantos supervivientes como sea posible sal de nuevo fuera de la habitación, el piso está completo y un helicóptero te transportará a la siguiente planta. Aunque no es necesario apagar todos los incendios en el suelo, ganarás puntos extra si lo haces. Cuanto más alto se está en el edificio, más difícil el juego se hace. El juego es para uno o dos jugadores, y tiene varias variantes de juego y niveles de dificultad disponibles.
Track and Field (USA)	Track & Field es un juego deportivo que permite al jugador tener una experiencia en torno a los Juegos Olímpicos de Verano. Los eventos incluyen la carrera de 100 metros, el lanzamiento de martillo, lanzamiento de jabalina, salto de longitud, salto de altura y los 110 metros vallas.
Treasure Below (Europe)	Ahí abajo hay un fabuloso tesoro dorado, esperando a ser tomado. Pero también hay mucho peligro con medusas, pulpos, tiburones y otras criaturas marinas que patrullan las profundidades. Tienes tu fiel cuchillo y arpón para protegerte. Ten cuidado, a veces estos monstruos marinos te rodearán y tendrás que luchar para llegar a la superficie y conservar tu tesoro dorado y completar tu misión. La acción se vuelve cada vez más frenética. Pondrás a prueba todas tus habilidades de video, además de inventar algunas nuevas, pero conseguirás ese tesoro...
Treasure Island (Europe)	Controlas un barco por el lado izquierdo de la pantalla, ajustando la trayectoria de tu cañón mientras disparas balas de cañón contra barcos y criaturas marinas. Treasure Island cuenta con algunos detalles visuales atractivos, como barcos impulsados ​​por el agua mediante pequeños remos.
Trick Shot (USA)	Trick Shot es un juego de billar para uno o dos jugadores. Puedes optar por jugar al pool (primer jugador en llegar a 25 puntos gana), billar (primer jugador en alcanzar 50 puntos gana), Trickshot (intento de ganar puntos por colar todas las bolas sobre la mesa en un solo tiro), o partido de práctica y Trickshot variaciones. Durante el juego se utiliza la palanca de mando para controlar un cursor que tiene como objetivo la bola blanca. Manteniendo pulsado el botón se controla la cantidad de energía en un tiro (cuanto más tiempo se mantiene pulsado el botón, más fuerte la bola blanca se golpea).
TRON - Deadly Discs (USA)	Basado en la película de Walt Disney, juegas con un hombre atrapado en un mundo informático que debe mantenerse en movimiento para evitar ser herido. Los enemigos vendrán tres a la vez, y te lanzarán discos. Debes mantenerte en movimiento para evitar que te den y al mismo tiempo dispararles discos. Existen diferentes puertas que se pueden atravesar que te transportaran a otra parte de la habitación, que te da la oportunidad de encontrar a los enemigos con la guardia baja. Hay dos niveles de habilidad, y cuanto mayor sea tu puntuación, más difícil el juego se vuelve.
Tunnel Runner (USA)	Tunnel Runner es un avanzado juego de laberinto en 3D, en esencia lo que una versión en primera persona de Pac-Man sería. El campo de juego es un laberinto tridimensional colorido, así que nunca te ves a tí mismo ... sólo las paredes a cada lado de que forman los corredores. Tu objetivo principal es localizar y recoger la llave escondida, ubicada en un lugar diferente dentro de cada laberinto. A través de la ayuda de un mapa, puedes maniobrar dentro del laberinto. Al intentar encontrar la clave para salir del nivel, también debes evitar a los Zot. Descubrirás estas criaturas enemigas en todo el laberinto. Recuperar con éxito la llave sin ser interceptados por los Zot abre el portal al siguiente nivel. Al pasar cada nivel, la complejidad y la dificultad aumenta, mientras el MAPA revela gradualmente menos y menos información ... en última instancia, tu mapa será de poca utilidad, lo que requiere que puedas sobrevivir únicamente por instinto y pensamiento rápido!
Turmoil (USA)	Turmoil es un shooter de ritmo rápido. Pilotas una nave que está atrapada dentro de una cámara de siete túneles. Tu nave sólo puede moverse hacia arriba y hacia abajo a lo largo de un corredor vertical que conecta los túneles. No estás solo, sin embargo. Una gran variedad de enemigos viajan a lo largo de estos túneles, con la intención de destruirte. Por lo tanto, el objetivo es moverte arriba y abajo y eliminar a los alienígenas.
Tutankham (USA)	Tutankham es un shooter en laberinto de 1982 desarrollado por Konami y lanzado en arcades por Stern en los EE. UU. El juego originalmente se tituló Tutankhamen, pero se descubrió que el nombre completo no cabía en el gabinete de la arcade, por lo que el título se acortó. Asumiendo el papel de un explorador de tumbas robando la tumba de Tutankamón mientras exploraba docenas de habitaciones,3​ el jugador es perseguido por criaturas como aspis, buitres, loros, murciélagos, dragones e incluso maldiciones, todo lo que mata al jugador en contacto.
Universal Chaos (USA)	Toma el control de un tanque en el territorio enemigo. A medida que navegas por las columnas y filas, tendrás que evitar chocar contra los tanques enemigos mientras les destruyes en pedazos. Hay cuatro niveles de dificultad y la opción de tener dos jugadores para jugar competitivamente, cada uno tomando su turno.
Up 'n Down (USA)	El objetivo del juego es conducir por una carretera sinuosa y recoger todas las banderas de colores. Puedes saltar por encima de las brechas y otros coches. Si caes en otro coche, lo destruyes y acumulas puntos. También puedes recoger cosas como globos y conos de helado para puntos de bonificación. Cuanto más rápido recojas todas las banderas, más grande es la bonificación de tiempo que te dan. En los niveles posteriores, hay callejones sin salida o lagunas y vehículos que lleva una bandera que necesitas, por lo que tendrás que saltar sobre ella. Si eres golpeado por otro vehículo o sales de la carretera, se pierde una vida.
Vanguard (USA)	Vanguard es un juego de estilo arcade para uno o dos jugadores. Tu objetivo es pilotar tu nave espacial a la Ciudad Misteriosa que se encuentra al final de un túnel, fuertemente custodiado, y una vez allí destruir la criatura Gond. El túnel se divide en varias zonas diferentes, llamadas la zona de montaña, zona arco iris, zona de barra, zona de franja, zona sombría, y la Ciudad de Misterio. Cada zona cuenta con diferentes tipos de naves enemigas que tratar, y puedes desplazarte horizontal o verticalmente. En la zona de montaña o la zona de la raya, también puedes pasar a través de una cápsula de energía marcada con una 'E'. Si vuelas a través de esta, tu nave se convierte en invencible temporalmente a las paredes de la cueva mortales y numerosos enemigos que están tratando de detenerte. Cuando no es invencible, tu nave espacial está equipada con láser para ayudar a destruir enemigos. Puedes disparar en cuatro direcciones diferentes, sin embargo, tu velocidad se reduce al disparar. También es necesario mantener un ojo a tu medidor de combustible; el combustible se agota a un ritmo rápido, y tu nave se estrellará si se agota. El Combustible se gana cada vez que destruyes un enemigo, así que asegúrate de destruir a todos los que puedas! Cuando finalmente pasas a través de todas las diferentes zonas del túnel y derrotas al Gond, el juego se repetirá en un nivel de habilidad más difícil.
Venetian Blinds Demo (USA) (Demo)	Como su nombre indica, la demo Persianas Venecianas no es un juego, ¡sino una demo que simula unas persianas venecianas! El joystick permite subir y bajar las persianas empujándolas hacia arriba o hacia abajo. Al subirlas, se puede apreciar una hermosa puesta de sol a través de la ventana. La historia detrás de la demo Persianas Venecianas es bastante interesante. Como muchos saben, Activision fue fundada por varios exempleados de Atari que se marcharon debido a las políticas de Atari respecto al reconocimiento (o la falta de él) de los desarrolladores. Uno de estos empleados fue Bob Whitehead, creador de la técnica de las &quot;Persianas Venecianas&quot;, que se utilizó por primera vez en el Video Ajedrez de Atari para mostrar ocho objetos en fila en lugar de los seis habituales. Aunque Activision nunca utilizó la técnica de las Persianas Venecianas en ninguno de sus juegos, esto no impidió que Atari amenazara con demandar a Activision por &quot;robar&quot; la técnica, junto con otra información confidencial.
Venture (USA)	Venture es un juego de acción en el que controlas a Winky, el aventurero heroico. Tu objetivo es recoger la mayor cantidad de tesoros que puedas que se encuentran dispersos a lo largo de numerosas mazmorras. En cada mazmorra, hay varias cámaras que contienen cada una un tesoro. Armado únicamente con tu ballesta, es necesario superar las diversas criaturas que protegen la cámara, enganchar el tesoro, y hacerlo de nuevo. Cuando recojas el tesoro de cada una de las cámaras en un calabozo, a continuación, puede pasar a la siguiente mazmorra, más difícil.
Video Checkers ~ Checkers (USA)	En este clásico juego de damas se puede jugar contra un amigo o muchos niveles diferentes de dificultad contra la IA.
Video Chess (USA)	Juego se Ajedrez estandart con distintos niveles de dificultad. Los niveles de habilidadnnEstos determinan el tiempo que el equipo va a pensar en su movimiento. Estos tiempos son aproximados y pueden variar ligeramente, dependiendo de qué movimiento que hiciste. Nivel 1 = 15 segundosnnNivel 2 = 30 segundosnnNivel 3 = 45 segundosnnNivel 4 = 2 minutos, 45 segundosnnNivel 5 = 3 minutos, 15 segundosnnNivel 6 = 12 minutosnnNivel 7 = 10 horasnnNivel 8 = 10 segundos
Video Jogger (USA)	Video Jogger fue uno de los primeros programas de fitness para consolas. Se vendía junto con una alfombra para correr sobre ella y realizar ejercicios.
Video Life (USA)	Video Life es un videojuego poco común para la Atari 2600. Se trata de una versión del autómata celular de cero jugadores conocido como El Juego de la Vida de Conway. Video Life solo estaba disponible mediante una oferta especial por correo para los propietarios de la Magicard de CommaVid, considerada una de las tarjetas más raras jamás lanzadas para la Atari 2600. Según Irwin Gaines, copropietario original de CommaVid, solo se fabricaron 20 o menos unidades de Video Life. Los editores de AtariAge estiman que se produjeron aproximadamente 500 unidades. Un informe de Jeffrey Felshman en el Chicago Reader calcula que, en aquella época, las tarjetas se vendían por hasta 3000 dólares.
Video Olympics ~ Pong Sports (USA)	Video Olympics es un juego de acción que contiene numerosas variaciones del juego Pong. Para Dos jugadores (o un jugador contra la computadora).
Video Pinball (Europe)	Vídeo Pinball es un simulador de pinball para uno o dos jugadores. Comienzas el juego con tres bolas y la necesidad de sumar la mayor cantidad de puntos posible golpeando los diferentes topes, spinners, y rollovers en la mesa de pinball. Una bola extra puede ser ganada por golpear el logo rollover Atari cuatro veces seguidas! Hay dos niveles de dificultad y cuatro variantes de juego incluidas.
Video Pinball ~ Arcade Pinball (USA)	Vídeo Pinball es un simulador de pinball para uno o dos jugadores. Comienzas el juego con tres bolas y la necesidad de sumar la mayor cantidad de puntos posible golpeando los diferentes topes, spinners, y rollovers en la mesa de pinball. Una bola extra puede ser ganada por golpear el logo rollover Atari cuatro veces seguidas! Hay dos niveles de dificultad y cuatro variantes de juego incluidas.
Video Reflex (USA)	Este es otro título de la compañía Exus que te permitirá ejercitarte en la sala de tu casa, para ello es indispensable usar el accesorio sobre el cual controlaras tus movimientos.
Vogel Flieh (Europe)	Dolphin es un juego de acción de desplazamiento lateral. Controlas a un delfín perseguido por un calamar gigante y tu objetivo es ganar puntos manteniéndote con vida el mayor tiempo posible. A medida que te alejas de los calamares, encontrarás bancos de caballitos de mar que forman una fila vertical en la pantalla con solo una pequeña abertura para nadar: El sónar te ayudará a localizar la abertura; un sonido grave indicará que la apertura está cerca de la parte inferior de la pantalla, y un sonido más alto indicará que la apertura está cerca de la parte superior. ¡Si pasas por alto la apertura, el delfín perderá velocidad y el calamar te alcanzará! Si saltas fuera del agua y tocas la gaviota que de vez en cuando pasa volando, tu delfín podrá perseguir temporalmente al calamar. A lo largo del océano hay olas que están indicadas con flechas; Una flecha que apunta en la misma dirección en la que viajas aumentará tu velocidad, mientras que una flecha que apunta en la dirección opuesta te ralentizará. ¡Cuanto más tiempo permanezcas con vida, más rápido y complicado se volverá el calamar!
Wabbit (USA)	En Wabbit controlas a Billie Sue que necesita proteger sus cultivos de zanahorias. El campo está siendo invadido por conejos, y hay que ahuyentarlos. En cada lado de la pantalla hay cinco agujeros de conejo; los conejos vendrán corriendo fuera de los agujeros y tratarán de robar las zanahorias. Tienes que lanzar huevos podridos a los conejos para asustarlos. Cada vez que los conejos salgan con una zanahoria, se añade un punto a su puntuación. Cada vez que des a un conejo con un huevo, recibirás puntos. Por cada 100 puntos que ganes, los conejos perderán 25 puntos. El juego termina cuando los conejos han llegado a 100 puntos. Varias variaciones del juego se incluyen que permiten uno, dos, o tres conejos que aparezcan a la vez.
Walker ~ Schussel, der Polizistenschreck (Europe)	El objetivo del juego es tan simple como su título en inglés: recorrer la calle y llegar al otro extremo de la pantalla antes de que se acabe el tiempo. En lugar de una barra de tiempo, el juego utiliza el contador de puntos, que disminuye constantemente con cada segundo que pasa. Si llega a cero, el juego termina. Sin embargo, la motivación desaparece antes de que el tiempo se agote, ya que en solo treinta segundos se ha visto prácticamente todo lo que el juego ofrece. En la primera pantalla, el camino está vacío. En la segunda, aparece un policía inmóvil que debe ser saltado. En la tercera, hay dos y así sucesivamente. La única ventaja es que los sargentos comienzan a moverse en niveles posteriores, aunque el juego se reinicia tras seis pantallas. La única diferencia es que el tiempo disponible disminuye más rápido en cada repetición.
Wall Ball (USA)	El juego en si, es una version 3D del clasico juego de romper ladrillos, Breakout, tu tarea consiste en ir rompiendo los mismos intentando que la bola no se escape de la zona de juego, para ello cuentas con una especie de raqueta cuadrada que utilizas para golpear la bola, cuenta con 9 niveles distintos, para pasar de nivel, debes destruir la pared del fondo por completo.
Wall Break (Europe)	Eres el defensor y solo tienes una oportunidad.
Wall-Defender (USA)	Te encuentras en la pared exterior de una fortaleza del espacio y debes defenderla de los extraterrestres. Los extraterrestres vendrán de cualquiera de los cuatro lados de la pantalla y tienes que disparar antes de que embistan tu pared. Si diez extraterrestres o un súper alienígena llegan a tu muro, el muro exterior y los puentes que conecta a la siguiente pared se derrumbarán. Sólo se puede disparar en la dirección en el lado de la pared que te encuentras.
Warlords (USA)	En Warlords, tienes que defenderte de tres jugadores humanos y o informáticos. Cada uno de los cuatro jugadores están en una de las esquinas de la pantalla protegida por un castillo. Controlas un pequeño escudo que se puede mover alrededor del borde del castillo. Para sobrevivir necesitas usar el escudo para bloquear una pelota que rebota por la pantalla. Si la pelota golpea tu castillo se llevará algunos de los ladrillos. Si se forma un agujero en la pared del castillo y la pelota golpea a tu señor de la guerra, entonces estás fuera del juego. El último jugador que queda vivo gana la batalla, y el primer jugador en ganar cinco batallas, gana el juego!
Warplock (USA)	De repente, piratas espaciales intentan desactivar tu nave para abordarte. Lo único que te queda es tu lanzador tachyon que se mueve hacia adelante y hacia atrás y dispara un haz de taquiones. Mantente alejado de los piratas del espacio durante el tiempo que puedas.
Wing War (Europe)	En Wing War controlas un dragón que debe capturar un diamante escondido en un pasadizo secreto. Para desbloquearlo, debes recolectar cristales de fuego, aire y agua, organizándolos en el orden correcto dentro de tu cueva. Los cristales se encuentran explorando distintos lugares y derrotando enemigos. Sin embargo, los de fuego y agua no pueden estar juntos sin un cristal de aire entre ellos, lo que obliga a colocarlos en secuencia. Al reunirlos correctamente, se forma un cristal súper que abre el pasadizo. Tu dragón tiene energía limitada, y cada ataque enemigo la reduce. Si se agota, el juego termina. A medida que avanzas, los enemigos se vuelven más agresivos, obligándote a usar estrategia y reflejos para sobrevivir. Con exploración, batallas y un objetivo desafiante, Wing War ofrece una aventura llena de acción en busca del tesoro oculto.
Winter Games (USA)	WINTER GAMES es una serie de siete emocionantes eventos competitivos. Hasta ocho jugadores pueden participar en este concurso internacional, eligiendo cada uno un país por el que competir (el mismo país no puede ser representado por dos jugadores). El objetivo es ver a tu país llegar a lo más alto. Competirás en eventos de velocidad pura como patinaje y en eventos de velocidad y control como slalom, biatlón, trineo y luge. Probarás tus habilidades contra competidores en eventos de distancia y estilo como salto de esquí y esquí acrobático. Ganarás consiguiendo el mejor tiempo o ganando la mayor cantidad de puntos. ¡Y el país que gane la mayoría de los eventos se llevará a casa la medalla de oro!
Wizard of Wor (USA)	Wizard of Wor es un arcade de disparos donde controlas a un guerrero atrapado en un calabozo infestado de criaturas hostiles. Para sobrevivir, debes recorrer el laberinto eliminando enemigos con tu arma y acumulando la mayor cantidad de puntos posible. Las criaturas se mueven a diferentes velocidades, algunas pueden disparar dardos y otras volverse invisibles. Para rastrearlas, dispones de un radar que muestra su ubicación siempre que no sean invisibles. Al completar un laberinto, puede aparecer un Worluk, que escapa rápidamente. Si logras destruirlo, el siguiente nivel otorgará doble puntuación. En ocasiones, el propio Wizard of Wor aparece, moviéndose velozmente y teletransportándose a través del calabozo. Derrotarlo otorga una gran cantidad de puntos, pero representa un desafío extremo.
Word Zapper (USA)	En Word Zapper tu objetivo es formar tres palabras en 99 segundos. En primer lugar, aparecerá la palabra actual en la parte inferior de la pantalla. A continuación, tienes que recrear esta palabra mediante el control de tu nave espacial y disparando a las letras en el orden correcto, que se desplaza por la parte superior de la pantalla. Para hacer esta tarea más desafiante, varios asteroides pasarán volando horizontalmente; algunos asteroides provocan la pérdida de tiempo, otros destruyen tu nave terminando el juego. Para ayudar a protegerte, tu nave también está equipada con láseres que pueden ser utilizados para destruir los asteroides.
World Championship Baseball (Europe)	Este juego de béisbol autoriza al ex jugador de los Rojos de Cincinnati, Pete Rose. Permite al jugador jugar cada posición en el campo. Diferentes estilos de bateo y lanzamiento están disponibles. Tiene voz y sonido digitalizados, y ofrece una variedad de opciones de juego que incluyen acción para uno o dos jugadores, juego de temporada o exhibición. En un movimiento algo adelantado a su tiempo, se ofrecen ocho perspectivas diferentes. También hay algunas capacidades de gestión de equipo, a medida que selecciona y ordena su equipo, y contrata nuevos jugadores. Esto puede durar más de diez temporadas, lo que lo convierte en uno de los primeros modos de carrera.
World End (USA)	Eres el comandante de una base láser y debes contrarrestar una invasión enemiga del espacio exterior. Robots galácticos atacan con rayos mortales galácticos, arañas y sondas destructoras.
Worm War I (USA)	Gusanos gigantes atacan la ciudad de Teriyaki, y la misión del jugador es protegerla. El jugador comanda un tanque en la parte inferior de la pantalla. El tanque se puede mover hacia la izquierda o hacia la derecha. El jugador puede controlar la velocidad de avance empujando hacia arriba o hacia abajo en el joystick. A medida que los gusanos se mueven hacia adelante y hacia atrás, el jugador tiene que dispararles para que no toquen el tanque. Los Bloques en el camino del tanque deben ser destruidos también. Por el contrario, las pagodas de combustible deben ser repuestas, ya que proporcionan combustible al tanque. El tanque puede ir a la derecha o izquierda de la pantalla y no debe ser tocado un gusano.
X-Man (USA)	X-Man es un juego arcade de adultos que no tiene nada que ver con la franquicia de cómics de Marvel nombre similar. El jugador controla al titular X-Man, cuya mente está centrada en el sexo hasta el punto de ignorar el peligro. Su objetivo es avanzar a través de un laberinto al azar, ya sea evitando los cangrejos, las tijeras, o dientes, para llegar a la mujer que hay detrás de la puerta en el centro del laberinto. El jugador tiene 90 segundos para llegar allí. Una vez que el intrépido héroe llega a su &quot;objetivo&quot;, el jugador entra en un modo llamado &quot;Sexy sorpresa&quot;, que es un mini-juego simple de simulación de sexo que dura hasta que la mujer alcance el orgasmo. Es evidente la contradicción con las situaciones de la vida real más comparables, el jugador tiene sólo 30 segundos para satisfacerla; a continuación, se va a la siguiente laberinto. El jugador recibe puntos equivalentes a la cantidad de tiempo que queda después de que X-man llega al centro del laberinto. También se otorgan puntos por cada incremento del contador de la excitación sexual.
Xenophobe (USA)	Una llamada de socorro se recibe de las estaciones espaciales en órbita alrededor de tu planeta natal, y luego silencio. Una sola nave escapa, pilotada por un hombre malherido que cuenta la historia de las vainas que eclosionan en ácido y escupen Xenos. Un pequeño grupo de ingenieros ha sido enviado para combatir la amenaza Xeno antes de que acabe con todas las estaciones espaciales y, eventualmente, tu planeta natal. Xenophobe es un juego de acción de desplazamiento lateral con elementos de plataformas. Monta tu banda de ingenieros y lucha contra los Xenos en cada estación, tratando de limpiarlas o abandonarlas. Comienzas con un láser de emisión estándar, pero puedes recoger armas adicionales a medida que las encuentres, incluyendo Phasers, Rayo Rifles, pistolas Poofer y bombas.
Xevious (USA) (Proto) (1984-01-18)	Se descubre que los alienígenas reales en la tierra son seres humanos, y los despiadados Xeviones quieren recuperar su planeta; pero sin nosotros Nuestra única defensa es el prototipo Solvalou Fighter Plane. Con esta nave podemos luchar contra los mortíferos Domogram Rovers; Las Flotas de Patrullas Toroid y los Escuadrones de la Muerte Zoshi. Xevious es un juego de disparos con desplazamiento vertical basado en el arcade de 1982 del mismo nombre. Fue innovador ya que fue el primer tirador de desplazamiento vertical en presentar ataques de doble nivel; Tanto en tierra como en aire.
Yars' Revenge (USA)	Yars' Revenge, en Atari VCS 2600 es un juego de acción donde el jugador tendrá que destruir la nave enemiga gigante en el borde de la pantalla. Será necesario romper el escudo antes de poder disparar a la nave y eliminarla.
Z-Tack (USA)	Eres un platillo volante que intenta destruir ciudades abajo. Puedes mover cualquier dirección y disparar, solo mantén presionado el botón y presiona de esa manera. Las ciudades te dispararán misiles para detenerte. En los niveles posteriores, los misiles se convierten en bombas de globo que extrañas las bombas de globo.
Zaxxon (USA)	El sistema de defensa Zaxxon debe ser destruido en este juego de disparos con vista isométrica que originalmente fue un gran éxito en las arcadas. El juego tiene 3 etapas, primero te llevará por Asteroid City, que está fuertemente protegida por aviones, armas y misiles. Muchas barreras están alarmadas, lo que le deja un espacio limitado, y deben ser esquivadas constantemente.
Zoo Fun (USA)	Calmar a los animales agitados en sus jaulas. Cada jaula esconde un mini juego donde tienes que atrapar al animal para calmarlo y luego dejar la jaula para poder calmar a otro animal.
